,Tên Sách,Ảnh bìa,Thể loại,Tác giả,Nội dung tóm tắt,Giá bìa,Công ty phát hành,Ngày xuất bản,Loại bìa,Số trang,Nhà xuất bản,Kích thước,Dịch Giả,Phiên bản
0,,,,,,,,,,,,,,
1,Người tình Havana,https://salt.tikicdn.com/cache/280x280/ts/product/77/e9/42/e37e4d64caec99c6f5462c31f4c637df.jpg,Chăm sóc sức khỏe,Đinh Hằng,"Tình yêu quan trọng nhất và cũng khó học nhất trên cõi đời này là gì? Là tình yêu dành cho người bạn đời, tình yêu cuộc sống hay tình yêu dành cho chính bản thân mình?  Cô gái dữ dội và mạnh mẽ của ...",90000,NXB Hội Nhà Văn,2020-12-04 17:47:13,Bìa mềm,260,Nhà Xuất Bản Hội Nhà Văn,,,
2,Tây Tạng Huyền Bí & Nghệ Thuật Sinh Tử (Tái Bản 2020),https://salt.tikicdn.com/cache/280x280/ts/product/3f/7c/17/2252a06002e2e843a3a70e758f54a8d8.jpg,Chăm sóc sức khỏe,Đặng Hoàng Xa,"Tây Tạng Huyền Bí & Nghệ Thuật Sinh Tử (Tái Bản 2020)Tây Tạng là một khu vực cao nguyên tại châu Á, ở phía bắc và đông của dãy núi Himalaya. Đây là quê hương của người Tạng cũng như một số dân tộ...",125400,Omega Plus,2020-04-01 00:00:00,Bìa mềm,320,Nhà Xuất Bản Thế Giới,"14 x 20,5 cm",,
3,Japonisme – Những Điều Rất Nhật Bản,https://salt.tikicdn.com/cache/280x280/ts/product/b3/b5/b2/011eb62533adf9d6d67c6a42d2ceb5e5.jpg,Chăm sóc sức khỏe,Erin Niimi Longhurst,"Japonisme – những điều Rất Nhật Bản là một cuốn sách mang đầy hơi thở của xứ sở hoa anh đào, là nguồn cảm hứng vô tận để bạn khám phá nghệ thuật kiếm tìm hạnh phúc, sự đủ đầy cho Kokoro (trái tim và t...",119200,Bloom Books,2019-09-01 00:00:00,Bìa mềm,280,,,,
4,Thế Giới Rộng Lớn Đừng Đi Một Mình,https://salt.tikicdn.com/cache/280x280/ts/product/60/5f/0c/1322d346b88a6940b8c93d105dec840d.jpg,Chăm sóc sức khỏe,Lý Thành Cơ,"""Sợ thì sợ, nhưng nếu cứ sống mãi trong vùng sợ, liệu chúng ta có biết được tuổi trẻ của mình dài bao nhiêu?""Càng lớn, con người càng đem theo bên mình nhiều nỗi sợ. Sợ thất nghiệp, thất tình, sự ngh...",75900,Skybooks,2019-01-05 00:00:00,Bìa mềm,208,,14.5 x 20.5 cm,,
5,Nice To Meet You!” – Xin Chào! Bạn Đi Cùng Đường Với Tôi Chứ?,https://salt.tikicdn.com/cache/280x280/ts/product/15/6a/c1/50ffe2268c95ddaa53a9ccb129484197.jpg,Chăm sóc sức khỏe,Mai Lan,Nice To Meet You!” – Xin Chào! Bạn Đi Cùng Đường Với Tôi Chứ?“Nice to meet you!” kể về những gì một cô gái hai mươi tư tuổi – Mai Lan – đã trải qua trong thời gian một năm sống cuộc đời chỉ như mình ...,71200,Bloom Books,2018-08-25 12:34:31,Bìa mềm,240,,<p>13.5 x 20 cm</p>,,
6,Cô Đơn Trên Everest (Du Ký),https://salt.tikicdn.com/cache/280x280/ts/product/89/8f/ca/e0c2888a93b4814874ff51d48c57cd71.jpg,Chăm sóc sức khỏe,Di Li,"""Du ký của Di Li cuốn hút bởi rất nhiều chi tiết ngập tràn thông tin mới lạ, chính điều đó đã làm nên những câu chuyện. Di Li kể chuyện hấp dẫn, tỉ mỉ và thủ thỉ như một người bạn. Qua cách mà cô chia...",103320,Liên Việt,2021-01-01 11:40:03,Bìa mềm,323,Nhà Xuất Bản Hội Nhà Văn,13 x 20.5 cm,,
7,Sự Thật Ta Nắm Giữ - Một Hành Trình Xuyên Nước Mỹ,https://salt.tikicdn.com/cache/280x280/ts/product/d8/26/aa/b9a921a949a9254b781e158c47f8e1d1.jpg,Chăm sóc sức khỏe,Kamala Harris,"Được viết bởi một nhà lãnh đạo chính trị quyền lực bậc nhất Hoa Kỳ, nhưng cuốn sách không hề khiến độc giả ngợp trong những vấn đề chính trị khô khan. Như tác giả cũng khẳng định, đây không phải cương...",131300,Tân Việt,2021-07-15 00:00:00,Bìa mềm,368,Nhà Xuất Bản Dân Trí,15 x 23 cm,Khánh Vân,
8,Dấu Yêu Cambridge,https://salt.tikicdn.com/cache/280x280/ts/product/71/ff/70/2fde5c00699e0ab1fc19ae35f12581ef.jpg,Chăm sóc sức khỏe,Ngân Jones,"Được nhận vào một trong những trường đại học danh giá nhất thế giới, mục tiêu hàng đầu của Ni, cô nàng sinh viên đến từ Việt Nam, dĩ nhiên là học cho ra trò hòng giành kết quả thật ngon lành. Thế nhưn...",76000,NXB Kim Đồng,2020-10-15 00:00:00,Bìa mềm,316,Nhà Xuất Bản Kim Đồng,13.5 x 20.5 cm,,
9,"Đường Xanh Viễn Xứ - Tự Truyện Của Một ""Dân Chăn Mèo"" Việt Trên Đất Úc",https://salt.tikicdn.com/cache/280x280/ts/product/77/21/fc/df65bd13412e5565017d1f7355891b6c.jpg,Chăm sóc sức khỏe, Tô Giang,"“Thứ cây này có linh hồn, nó sẽ kéo tất cả dân chơi trong đó có “dân chăn mèo” như tôi xuống và nhấn chìm vào bóng tối cuộc đời...”Tự truyện của một người đàn ông tìm kiếm cuộc đổi đời. Ở xứ người, sốn...",109000,Nhã Nam,2021-08-01 00:00:00,Bìa mềm,252,Nhà Xuất Bản Hội Nhà Văn,14 x 20.5 cm,,
10,Đà Lạt Bên Dưới Sương Mù,https://salt.tikicdn.com/cache/280x280/ts/product/1c/93/3a/cdd513b0baba761ba73b129e1440d029.jpg,Chăm sóc sức khỏe,Nguyễn Vĩnh Nguyên,"Một Đà Lạt thời vàng son trong đời sống văn hóa đã từng được Nguyễn Vĩnh Nguyên tái hiện qua cuốn du khảo Đà Lạt, một thời hương xa.Lần này, là một cách tiếp cận khác, hành trình khác. Phần chìm, phầ...",172000,PHANBOOK,2019-01-01 10:41:29,Bìa mềm,399,,,,
11,Phương Đông Lướt Ngoài Cửa Sổ (Tái Bản 2019),https://salt.tikicdn.com/cache/280x280/ts/product/26/75/69/1c95ba52c9cee5a7e38adb0d82570742.jpg,Chăm sóc sức khỏe,Paul Theroux,"Phương Đông Lướt Ngoài Cửa Sổ là chặng hành trình xuyên Châu Á của Paul Theroux vào năm 1973 và đến rất nhiều năm sau này, chặng hàng trình ấy vẫn đang được hàng triệu bạn đọc trên thế giới biết đến v...",103100,Nhã Nam,2019-10-04 00:00:00,Bìa mềm,548,,14 x 20.5 cm,,
12,Bước Chân Theo Dấu Mặt Trời – Hành Trình Trở Về Ấn Độ (Bản Thông Thường)(Tặng Kèm Bookmark Tiki),https://salt.tikicdn.com/cache/280x280/ts/product/3c/91/6b/cea708022b4e9609e8e9b87d1209c1b0.jpg,Chăm sóc sức khỏe,Phương Thu Thủy,"Bước Chân Theo Dấu Mặt Trời – Hành Trình Trở Về Ấn Độ được viết bởi một người phụ nữ đã từ bỏ công việc ổn định, rời xa ngôi nhà êm ấm để trở thành kẻ lữ hành cô độc đến những miền đất lạ với tấm vé m...",59500,Alphabooks,2019-07-01 00:00:00,Bìa mềm,348,,14 x 19 cm,,
13,Đà Lạt Một Thời Hương Xa (Du Khảo Văn Hóa Đà Lạt 1954 - 1975),https://salt.tikicdn.com/cache/280x280/media/catalog/product/n/x/nxbtre_full_23132016_111314.u547.d20160928.t085207.696172.jpg,Chăm sóc sức khỏe,Nguyễn Vĩnh Nguyên,"Đà Lạt Một Thời Hương Xa  Đà Lạt được kiến tạo từ những cuộc du hành văn hóa trong quá khứ. Đà Lạt từng là không gian văn hóa đô thị có sức hấp dẫn riêng, nơi gặp gỡ của những khát vọng tri thức lớn,...",142400,NXB Trẻ,2016-09-28 00:00:00,Bìa mềm,400,,15.5 x 23.5 cm,,
14,Xách Ba Lô Lên Và Đi - Tập 1: Châu Á Là Nhà. Đừng Khóc! (Tái Bản),https://salt.tikicdn.com/cache/280x280/ts/product/a3/ff/d6/94d164845b4157238d007afc2ed37601.jpg,Chăm sóc sức khỏe,Huyền Chip,"Xách Ba Lô Lên Và Đi - Tập 1: Châu Á Là Nhà. Đừng Khóc! (Tái Bản) ""Bước chân của Huyền khởi đầu cho trào lưu mới trong giới trẻ Việt: Khát khao vươn ra thế giới, đi và trải nghiệm"" - Tiền Phong ""“Ta...",101150,Quảng Văn,2013-01-31 07:00:00,Bìa mềm,480,,13 x 21 cm,,
15,"Combo 2 Cuốn: JOE BIDEN- Hứa Với Con, Ba Nhé + Sự Thật Ta Nắm Giữ - Một Hành Trình Xuyên Nước Mỹ",https://salt.tikicdn.com/cache/280x280/ts/product/0c/d7/b0/deae35a90c1aeeb5ab9808b5fd04d651.jpg,Chăm sóc sức khỏe,"Joe Biden,Kamala Harris","Bạn có tò mò về những gì đã trải qua của những con người quyền lực nhất nước Mỹ ở thời điểm hiện tại. Nếu vậy thì cuốn hồi ký “Hứa với con, Ba nhé” của đương kim Tổng thống Joe Biden và cuốn “Sự thật ...",242900,Tân Việt,2021-07-15 00:00:00,Bìa mềm,,Nhà Xuất Bản Dân Trí,15 x 23 cm,Nguyễn Xuân Hổng + Khánh Vân (dịch),
16,Tôi Nghĩ Tôi Thích Nước Mỹ - Du Ký (Dương Thụy) (Tái Bản),https://salt.tikicdn.com/cache/280x280/ts/product/36/1a/c4/46586353fc60b36fc155c1af4b27d5a9.jpg,Chăm sóc sức khỏe,Dương Thụy,"Qua những câu chuyện cụ thể mà tác giả chứng kiến trên đất Mỹ, người đọc có thể vừa thư giãn với giọng văn vui tươi dí dỏm, vừa cảm nhận một nước Mỹ dù to lớn nhưng rất gần gũi....",102200,NXB Trẻ,2021-07-15 00:00:00,Bìa mềm,318,NXB Trẻ,13 x 20 cm,,
17,UZBEKISTAN - Giấc Mơ Màu Lam Ngọc,https://salt.tikicdn.com/cache/280x280/ts/product/cb/d3/4a/7cff7e4e8858766cd107a674590239b6.jpg,Chăm sóc sức khỏe,Hảo Phạm Fiori,"Một ngày tháng 6/2015, trong khi gia đình tôi đang rong chơi trên bãi biển xinh đẹp của đảo Guadeloupe thì Andrea - chồng tôi - bất ngờ nhận được một cú điện thoại. Đó là cuộc gọi từ trụ sở chính của ...",57000,Wings Books,2020-08-01 00:00:00,Bìa mềm,120,Nhà Xuất Bản Kim Đồng,14 x 22.5 cm,,
18,Sáu Người Đi Khắp Thế Gian (Tập 2) ( Tái Bản 2019 ),https://salt.tikicdn.com/cache/280x280/ts/product/5c/47/0d/3f1a1c7c6f6ab339b1acd2892ee7282e.jpg,Chăm sóc sức khỏe,James Albert Michener,"Ngày mười bốn tháng Bảy không khí Pamplona náo nhiệt đến tột đỉnh. Suốt đêm hàng nghìn người Pháp rầm rập vượt qua biên giới để “regarder les taureaux[1]”. Họ là những con người đẹp đẽ, quần trắng giả...",101200,Nhã Nam,2019-04-01 00:00:00,Bìa mềm,564,,16 x 24 cm,,
19,Chốc Lát Những Bến Bờ,https://salt.tikicdn.com/cache/280x280/ts/product/92/40/22/5d409e0e76432b5214b524cb48ea9ee1.jpg,Chăm sóc sức khỏe,Hồ Anh Thái,"“Chốc lát những bến bờ” là những ghi chép về các chuyến đi. Với Hồ Anh Thái, những chuyến đi về đất Phật Ấn Độ, đến Ba Tư quê hương của những câu chuyện thần kỳ với những khu chợ và những tấm thảm, sa...",46000,NXB Trẻ,2019-04-01 00:00:00,Bìa mềm,392,,13 x 20 cm,,
20,Combo Đà Lạt Bên Dưới Sương Mù + Miền Sương Khói,https://salt.tikicdn.com/cache/280x280/ts/product/25/80/7b/5710dced5a00698899155085e9bf1d32.jpg,Chăm sóc sức khỏe,"Nguyễn Vĩnh Nguyên,Nhiều Tác Giả","BỘ SÁCH DÀNH CHO NHỮNG NGƯỜI YÊU ĐÀ LẠT1. ĐÀ LẠT BÊN DƯỚI SƯƠNG MÙMột Đà Lạt thời vàng son trong đời sống văn hóa đã từng được Nguyễn Vĩnh Nguyên tái hiện qua cuốn du khảo Đà Lạt, một thời hương xa....",270000,PHANBOOK,,,,,,,
21,Du Học Ký: Vạn Dặm Có Chi?,https://salt.tikicdn.com/cache/280x280/ts/product/ab/3d/3d/ab66d2660cfa685038ad5a00bb811657.jpg,Chăm sóc sức khỏe,"Nhiều Tác Giả,Nhiều Tác Giả,Nhiều tác giả,Nhiều Tác Giả ,Nhiều Tác giả","Du học là một ước mơ đẹp của nhiều bạn trẻ. Nếu như trong câu chuyện “Tây du ký"" của Ngô Thừa Ân xưa kia thầy trò Đường Tăng đi tới Tây phương để tìm ""chân kinh"", thì ngày nay những bạn trẻ đi du học ...",152100,Alora,,,,,,,
22,Nana Du Ký,https://salt.tikicdn.com/cache/280x280/media/catalog/product/c/o/cover 1 - nana.u547.d20160510.t083341.jpg,Chăm sóc sức khỏe,Arikawa Hiro,"Nana Du Ký Với con người, thăm thú chỗ này, gặp gỡ người kia, đều là chuyện thường chẳng đáng nhắc đến. Với mèo lại khác. Chẳng có mấy con mèo cả gan vượt ra ngoài lãnh thổ bé xíu của mình, chứ đừng...",80900,IPM,2016-05-16 00:00:00,Bìa mềm,336,,13.5 x 20.5 cm ,,
23,Nào Mình Cùng Đạp Xe Đến Paris,https://salt.tikicdn.com/cache/280x280/media/catalog/product/n/a/nao-minh-cung-dap-xe-den-paris-01.u84.d20161222.t170658.936258.jpg,Chăm sóc sức khỏe,Nguyễn Thị Kim Ngân,"Nào Mình Cùng Đạp Xe Đến Paris Làm sao có thể đạp xe đến Paris? Có chứ, bởi cô gái ấy đi là để viết cuốn sách đời mình, bởi cô tự nhận mình là một chiến mã khao khát đồng hoang. 291 ngày và 15 ngàn c...",77430,Nhã Nam,2016-12-01 00:00:00,Bìa mềm,352,,14 x 20.5 cm ,,
24,Xuyên Mỹ,https://salt.tikicdn.com/cache/280x280/media/catalog/product/9/8/98247_12_10_16_xuyen-my.u2469.d20161024.t155501.626758.jpg,Chăm sóc sức khỏe,Phan Việt,"Xuyên Mỹ Tiếp nối Một Mình Ở Châu Âu, Xuyên Mỹ là tập 2 của bộ ""Bất hạnh là một tài sản"" kể lại khoảng thời gian hai năm từ lúc tác giả từ châu Âu về nhà bên bờ Đông nước Mỹ, chuyển từ bờ Đông trở lạ...",75000,Nhã Nam,2016-10-01 00:00:00,Bìa mềm,280,Nhà Xuất Bản Hội Nhà Văn,14 x 20.5 cm,,
25,Nước Đức Từ A Đến Z,https://salt.tikicdn.com/cache/280x280/ts/product/4b/3a/54/75ac52bef09fbc3f49b5515dee8e1d3c.jpg,Chăm sóc sức khỏe,Lê Quang,"“Nước Đức từ A đến Z” là một cuốn sách mới của tác giả Lê Quang. Độc giả Việt Nam chủ yếu biết đến Lê Quang trong vai trò là một dịch giả nổi tiếng với hơn 40 tác phẩm văn học dịch, có thể kể đến như:...",111000,NXB Phụ Nữ Việt Nam,2021-07-01 00:00:00,Bìa mềm,260,Nhà Xuất Bản Phụ Nữ Việt Nam,13.5 x 20.5 cm,,
26,Combo Xách ba lô lên và đi + Tuổi trẻ không hối tiếc,https://salt.tikicdn.com/cache/280x280/ts/product/23/da/7c/05d26f38bec837f61075a4d8ae2616d3.JPG,Chăm sóc sức khỏe,Huyền Chip,"Combo Xách ba lô lên và đi + Tuổi trẻ không hối tiếc1. Tuổi Trẻ Không Hối TiếcTôi tin rằng chỉ khi nào chúng ta dám đối mặt với cái chết, chúng ta mới có thể hiểu được giá trị của sự sống. Ai cũng b...",218000,Quảng Văn,,Bìa mềm,,Nhiều Nhà Xuất Bản,,,
27,Và Tuyết Đã Rơi Ngoài Cửa Sổ (Du Ký),https://salt.tikicdn.com/cache/280x280/media/catalog/product/f/i/file-in-fim-va-tuyet-da-roi-ngoai-cua-so.u547.d20170222.t113824.382606.jpg,Chăm sóc sức khỏe,Dili,"Và Tuyết Đã Rơi Ngoài Cửa Sổ (Du Ký) ""Và tuyết đã rơi ngoài cửa sổ"" là những câu chuyện trải dài từ Doha, Vũ Di Sơn, Lệ Giang, Cao Hùng, Tam Giác Vàng, Yangon, Daegu, Seoul, Kota Kinabalu cho đến Hee...",68800,Liên Việt,2017-02-22 00:00:00,Bìa mềm,278,Nhà Xuất Bản Hội Nhà Văn,13.5 x 20.5 cm ,,
28,Đi Bộ Xuyên Việt Với Cây Đàn Guitar,https://salt.tikicdn.com/cache/280x280/ts/product/44/c9/ea/a8b326e1a95904c590c561bf64967e3a.jpg,Chăm sóc sức khỏe,Hồ Nhật Hà,"Đi Bộ Xuyên Việt Với Cây Đàn GuitarĐi bộ xuyên Việt với hành trang là cây đàn guitar và không đồng trong túi là một quyết định hẳn nhiều người sẽ cho là điên rồ. Nhưng với Hồ Nhật Hà, đó lại hành trì...",70500,Alphabooks,2019-01-05 00:00:00,Bìa mềm,344,,13 x 20.5 cm,,
29,Trên Đường Về Nhớ Đầy (Du Ký),https://salt.tikicdn.com/cache/280x280/ts/product/9f/af/d8/29f6f9db97613f0c42aef59d63d78c0c.jpg,Chăm sóc sức khỏe,Dương Thành Truyền,"Những câu chuyện rủ rỉ, có duyên cùng những bức hình độc đáo có sức lôi kéo người đọc đọc mãi mà không muốn đặt sách xuống. Bạn đọc có thể thu nhận được rất nhiều từ cái nhìn thưởng lãm có phân tích c...",67500,NXB Trẻ,2018-10-13 07:56:03,Bìa mềm,,,<p>14 x 20cm</p>,,
30,Hàn Quốc Là Thế,https://salt.tikicdn.com/cache/280x280/ts/product/db/a5/6d/b1bc22ac82b4b34bef9dff640bbb7dec.jpg,Chăm sóc sức khỏe,Nghiêm Thị Thu Hương,"Ở Hàn Quốc, giáo dục được coi là chìa khóa giúp cho đất nước vốn nghèo tài nguyên, hoang tàn do chiến tranh nhanh chóng phát triển thịnh vượng, đưa đất nước từ vị thế đi xin viện trợ trở thành quốc gi...",51500,NXB Tổng Hợp TP. HCM,2021-06-15 00:00:00,Bìa mềm,168,Nhà Xuất Bản Tổng hợp TP.HCM,13 x 19 cm,,
31,Trên Đỉnh Namsan Ngắm Mặt Trời,https://salt.tikicdn.com/cache/280x280/ts/product/2a/ea/29/e3bb40fc78c0ad9e21f1f3cbae5d5dbe.jpg,Chăm sóc sức khỏe,Hoài Thanh,"Trên Đỉnh Namsan Ngắm Mặt Trời là hành trình trải nghiệm, khám phá đất nước Hàn Quốc của một cô gái không-biết-tiếng-Hàn. Cuốn sách là trải nghiệm của cá nhân tác giả Hoài Thanh kể về cuộc sống, học t...",79200,Alphabooks,2018-01-10 00:00:00,Bìa mềm,200,,13 x 20.5 cm,,
32,Từ Rừng Thẳm Amazon Đến Quê Hương Bolero,https://salt.tikicdn.com/cache/280x280/media/catalog/product/n/g/nguyentapduky.u5102.d20170515.t095017.466226.jpg,Chăm sóc sức khỏe,Nguyễn Tập,"Từ Rừng Thẳm Amazon Đến Quê Hương Bolero   10 năm sau tác phẩm Dặm đường lang thang (NXB Trẻ, 2006), cây bút du ký Nguyễn Tập lại cho ra mắt độc giả cuốn sách thứ hai: Từ rừng thẳm Amazon đến quê hư...",99200,First News - Trí Việt,2017-05-01 00:00:00,Bìa mềm,,,14 x 20 cm,,
33,"Sống Không Sợ Mất, Đi Là Phải Chất",https://salt.tikicdn.com/cache/280x280/ts/product/6f/24/59/7869fe792f4b1b53cd0dc861bdc1a95e.jpg,Chăm sóc sức khỏe,Ash Dykes,"Hôm nay là ngày bất khả thi của tôi, cái ngày tôi cảm giác thấy hành trình không thể hoàn thành. Nếu không thể ngồi dậy được, chắc chắn tôi sẽ chết trên sa mạc Gobi. Quá muộn để nghĩ ra một kế hoạch d...",66800,Saigon Books,2019-05-01 00:00:00,Bìa mềm,252,,14 x 20.5 cm,,
34,Combo Sách Du Ký :  Châu Âu Có Gì Lạ Không Em? +  Em Đến Ý Để Yêu,https://salt.tikicdn.com/cache/280x280/ts/product/e1/91/b4/5d15b1e404d20ffbde212add7d10a410.JPG,Chăm sóc sức khỏe,Nhiều Tác Giả,"Châu Âu Có Gì Lạ Không Em?Cuốn sách là những ghi chép và mô tả của tác giả về hành trình du lịch của bản thân qua một số quốc gia châu Âu, từ đó chia sẻ những trải nghiệm chân thực và mới mẻ về văn h...",148850,Alphabooks,,Bìa mềm,,Nhà Xuất Bản Thế Giới,,,
35,"Angelina Jolie - Nhật Kí Những Chuyến Đi - Những Cuộc Gặp Gỡ Với Người Tị Nạn ở Châu Phi, Campuchia, Pakistan Và Ecuador",https://salt.tikicdn.com/cache/280x280/ts/product/93/a2/cf/aaa7ae11afba0b8ef99ba000fea7849e.jpg,Chăm sóc sức khỏe,Angelina Jolie,"Angelina Jolie ngoài vai  trò  là  một  diễn  viên,  đạo diễn  điện  ảnh,  cô  còn  là  Đại sứ  thiện  chí  của  Cao  ủy  Liên Hiệp Quốc về người tị nạn. Cô đi đến những vùng đất đang có  chiến  tranh...",108560,NXB Kim Đồng,2020-04-04 00:00:00,Bìa cứng,316,Nhà Xuất Bản Kim Đồng,13.5 x 20.5 cm,Hoàng Anh Kapi,
36,Ở Lại Với Ngàn Sao (Du Ký),https://salt.tikicdn.com/cache/280x280/ts/product/2f/cb/b5/f7b4b66d67a939488f5b226a875e4a50.jpg,Chăm sóc sức khỏe,Đỗ Doãn Hoàng,"Chúng tôi lơ lửng trên bầu trời Thổ Nhĩ Kỳ. Như mộng du. Vật thể bay ấy trôi rất êm, rất chậm. Vừa bay còn vừa tự xoay quanh trục của mình khe khẽ, để khách lãng du có thể nhìn ba bề bốn bên các dãy n...",140000,Liên Việt,2019-04-01 00:00:00,Bìa mềm,,Nhà Xuất Bản Văn Học,15.5 x 23.5 cm,,
37,Mumbai Và Những Chuyến Tàu Đêm,https://salt.tikicdn.com/cache/280x280/ts/product/cc/bf/45/78fad9135d5a9ca52260d3830f6e1a50.jpg,Chăm sóc sức khỏe,Hasu Tran,"Năm hai mươi ba tuổi, không như nhiều bạn trẻ lựa chọn lập nghiệp tại quê nhà, Hasu Tran lên đường sang Ấn Độ làm việc theo chương trình Nhân tài toàn cầu của tổ chức AIESEC. Đây là tổ chức thanh niên...",104400,Wings Books,2019-02-02 00:00:00,Bìa mềm,400,,14x22.5 cm,,
38,Mùa Hè Năm Ấy (Tái bản),https://salt.tikicdn.com/cache/280x280/ts/product/4b/1a/9c/76545b74c98881711050ddbbd797fa46.png,Chăm sóc sức khỏe,Đặng Huỳnh Mai Anh," “Mùa Hè Năm Ấy” - Tác giả Đặng Huỳnh Mai Anh (Tái bản lần thứ hai)“Mỗi chúng ta đều có những mùa hè, mà sau đó, mình thay đổi”.Cái tên ""Mùa hè năm ấy"" sẽ khiến nhiều người chờ đợi những cuộc phiêu ...",90000,Công ty TNHH Sách Phục Hưng,2020-05-28 17:55:45,Bìa mềm,202,Nhà Xuất Bản Thế Giới,,,
39,Nơi đó mùa xuân qua chưa,https://salt.tikicdn.com/cache/280x280/ts/product/92/47/26/8cc7ac3aaf3a1f7cf0a49cbbd7c75296.jpg,Chăm sóc sức khỏe,Linh Cầm,"""Hình như, trời sinh ra hai con người ấy với đủ những chua cay mặn đắng trong đời, để rồi kiêu hãnh riêng mang, cho đến ngày gặp gỡ, chỉ có họ mới có thể giúp nhau cởi bỏ. Không sớm hơn, không muộn hơ...",30000,Công Ty TNHH Văn Hóa Đông Tây,2014-07-01 15:49:59,Bìa mềm,161,Nhà Xuất Bản Văn Hoá Thông Tin,,,Tiếng Việt
40,Chu Du Xứ Sương Mù,https://salt.tikicdn.com/cache/280x280/ts/product/32/01/b0/8a6efb20b277e33cb000092571e6713e.jpg,Chăm sóc sức khỏe,Kim Anh,"Chu du xứ sương mù kể về chuyến đi học tập, trải nghiệm, vui chơi của một cô gái ở vương quốc Anh. Trong hành trình ấy có vất vả của những ngày làm hồ sơ xin học bổng. Có nỗi buồn của những ngày xa xứ...",71250,NXB Kim Đồng,2020-11-15 00:00:00,Bìa mềm,144,Nhà Xuất Bản Kim Đồng,13.5 x 20.5 cm,,
41,Bước Chân Theo Dấu Mặt Trời – Hành Trình Trở Về Ấn Độ,https://salt.tikicdn.com/cache/280x280/media/catalog/product/h/i/hinh.u4939.d20171020.t165038.91274.jpg,Chăm sóc sức khỏe,Phương Thu Thủy,"Bước Chân Theo Dấu Mặt Trời – Hành Trình Trở Về Ấn Độ được viết bởi một người phụ nữ đã từ bỏ công việc ổn định, rời xa ngôi nhà êm ấm để trở thành kẻ lữ hành cô độc đến những miền đất lạ với tấm vé m...",59500,Alphabooks,2017-10-20 00:00:00,Bìa mềm,348,Nhà Xuất Bản Thế Giới,14 x 19 cm,,
42,Du Ký Xanh - Hành Trình Cứu Biển,https://salt.tikicdn.com/cache/280x280/ts/product/15/69/65/5d7255b0cb2efe0beddd72f72d815e20.jpg,Chăm sóc sức khỏe,Lekima Hùng,Ghi lại hành trình đi chụp ảnh rác thải nhựa gây ô nhiểm khắp Việt Nam của nhiếp ảnh gia Lekima Hùng. Hùng Lekima đã đi gần 7000km trong đó có 3.269km bờ biển từ Bắc chí Nam bằng xe máy.- Bố cục: Gồm...,87200,Alphabooks,2019-11-01 00:00:00,Bìa mềm,164,,13 x 20.5 cm,,
43,"Nhật Bản: Hoa Anh Đào, Kimono & Gì Nữa",https://salt.tikicdn.com/cache/280x280/ts/product/f6/67/c2/b727809707033104f2a6c5112a1a2694.jpg,Chăm sóc sức khỏe,Tama Duy Ngọc,"Nhật Bản hiện đại nhìn qua góc nhìn của một du học sinh, ngoài một Nhật Bản truyền thống với hoa anh đào tượng trưng cho sự vật và cô gái Kimono tượng trưng cho con người Nhật Bản. Văn hóa đại chúng N...",85000,NXB Trẻ,2019-05-01 00:00:00,Bìa mềm,212,,13 x20 cm,,
44,Sách Dành Cho Hoạt Động Ngoại Khóa - Tây Du Ký (Bìa Cứng),https://salt.tikicdn.com/cache/280x280/media/catalog/product/t/a/tay-du-ki_1.jpg,Chăm sóc sức khỏe,Ngô Thừa Ân,"Sách Dành Cho Hoạt Động Ngoại Khóa - Tây Du Ký Là câu chuyện thầy trò Đường Tăng chinh diệt yêu ma, trải qua 81 kiếp nạn để cầu lấy chân kinh. Bốn thầy trò hiện lên như bốn tính cách điển hình sống m...",103500,Nhà sách Minh Thắng,2014-08-18 00:00:00,Bìa cứng,,,17 x 25 cm,,
45,Từ Nhà Ra Thế Giới - Những Bước Chân Đầu Tiên Của Một Công Dân Toàn Cầu,https://salt.tikicdn.com/cache/280x280/ts/product/d5/d4/c2/b4f02e2706727190fd1943aac9d0807b.jpg,Chăm sóc sức khỏe,Nhiều Tác Giả,TỪ NHÀ RA THẾ GIỚINhững bước chân đầu tiên của một công dân toàn cầuBạn hình dung như thế nào về việc du học? Bạn nghĩ thế nào là một công dân toàn cầu? Trong TỪ NHÀ RA THẾ GIỚI - Những bước chân đầ...,63200,Tri Thức Trẻ Books,2020-10-01 00:00:00,Bìa mềm,215,Nhà Xuất Bản Thanh Niên,13.5 x 20 cm,,
46,HIMALAYA –  Hành Trình Chạm Đến Trán Trời,https://salt.tikicdn.com/cache/280x280/ts/product/aa/ce/33/3e33a4ba18f310ceb3ec6d65d0d80bad.jpg,Chăm sóc sức khỏe,Mai Lan,HIMALAYA – Hành Trình Chạm Đến Trán TrờiCuốn sách được viết khi Mai Lan và người bạn đồng hành đang trên đường trở về Salleri – điểm gần với Vườn quốc gia Sagarmatha nhất có thể đến được bằng ô tô. 2 ...,77700,Alphabooks,2020-02-02 00:00:00,Bìa mềm,192,Nhà Xuất Bản Thế Giới,13 x 20.5 cm,,
47,Combo Sách Văn Học Hay:  Phương Đông Lướt Ngoài Cửa Sổ + Trên Đường - (Tặng Kèm Postcard Greenlife),https://salt.tikicdn.com/cache/280x280/ts/product/6c/0b/be/f4711feeed7d0adde1ba7a945024455f.jpg,Chăm sóc sức khỏe,Nhiều Tác Giả,"Combo Sách Văn Học Hay:  Phương Đông Lướt Ngoài Cửa Sổ + Trên Đường - (Tặng Kèm Postcard Greenlife)""Đi một ngày đàng học một sàng khôn"" càng đi nhiều bạn sẽ càng học được nhiều điều từ cuộc sống ban ...",220850,Nhã Nam,,Bìa mềm,,,"<p> </p>
<table id=""chi-tiet"" class=""table table-bordered table-detail table-striped"" style=""box-sizing: border-box; border-collapse: collapse; border-spacing: 0px; background-color: transparent; max-width: 100%; width: 880px; margin-bottom: 20px; border: 1px solid #dddddd; color: #333333; font-family: Roboto, Helvetica, Arial, sans-serif;"" cellspacing=""0"">
<tbody style=""box-sizing: border-box;"">
<tr style=""box-sizing: border-box;"">
<td class=""last"" style=""box-sizing: border-box; padding: 10px 15px; line-height: 1.42857; vertical-align: top; border-width: 1px 0px; border-image: initial; color: #242424; font-size: 13px; background-image: initial; background-position: initial; background-size: initial; background-repeat: initial; background-attachment: initial; background-origin: initial; background-clip: initial; border-color: #d5d5d5 initial #d5d5d5 initial; border-style: solid initial solid initial;"">14 x 20.5 cm</td>
</tr>
</tbody>
</table>",,
48,Combo Sách Du Ký : HIMALAYA – Hành Trình Chạm Đến Trán Trời + Khơi Lửa Sông Nile + Đừng Chết Ở Ả Rập Xê Út,https://salt.tikicdn.com/cache/280x280/ts/product/5e/02/21/fa7e4e643a81e605a9daa8f6ce4521e5.JPG,Chăm sóc sức khỏe, Nhiều Tác Giả,HIMALAYA – Hành Trình Chạm Đến Trán TrờiCuốn sách được viết khi Mai Lan và người bạn đồng hành đang trên đường trở về Salleri – điểm gần với Vườn quốc gia Sagarmatha nhất có thể đến được bằng ô tô. 2...,213600,Alphabooks,,Bìa mềm,,Nhà Xuất Bản Thế Giới,,,
49,Gái Phượt,https://salt.tikicdn.com/cache/280x280/media/catalog/product/g/a/gai_phuot.u4939.d20170317.t092030.638739.jpg,Chăm sóc sức khỏe,Yếm Đào Lẳng Lơ,"Gái Phượt Gái phượt là cô gái yêu đương mộng mơ khắc khoải theo những cung đường, mà ngay cả khi tiễn biệt một mối tình cũng phải đi một chuyến để chia tay. Là người mẹ tự tin một mình xách con lên đ...",55200,Nhã Nam,2017-03-17 00:00:00,Bìa mềm,255,,"14 x 20,5 cm
",,
50,Tuổi Trẻ Có Chí Thì Đi,https://salt.tikicdn.com/cache/280x280/media/catalog/product/t/u/tuoi-tre-co-chi-thi-di-1.u5430.d20170717.t153416.371907.jpg,Chăm sóc sức khỏe,Lê Huy Hoàng,"Tuổi Trẻ Có Chí Thì Đi là một cuốn “du học ký” thú vị. Từ chỗ là một chàng trai thiếu mục đích, tác giả bắt đầu nỗ lực học tiếng Anh, thi IELTS, nộp hồ sơ du học Úc, sang Úc học thạc sĩ. Chính trong q...",75050,GuBooks,2017-07-21 00:00:00,Bìa mềm,212,Nhà Xuất Bản Thế Giới,14.5 x 20.5 cm,,
51,Chiến Dịch Hoa Kim Tước,https://salt.tikicdn.com/cache/280x280/ts/product/8b/4a/95/ef66cf13298201074b74bd9566b0b8f6.jpg,Chăm sóc sức khỏe,Phạm Sanh Châu,"""Trở về nhà"", ba từ ấy chưa bao giờ lại trở nên khắc khoải và thiêng liêng như thế đối với những người Việt kẹt lại ỏ Ấn Độ vì Covid-19. Sau lệnh phong tỏa của chính phủ Ấn Độ vào tháng 3/2020, hàng t...",84900,Nhã Nam,2020-10-15 00:00:00,Bìa mềm,268,Nhà Xuất Bản Hội Nhà Văn,14 x 20.5 cm,,
52,Combo Sách Du Ký : Tây Tạng Huyền Bí & Nghệ Thuật Sinh Tử (Tái Bản 2020) + Độc Hành,https://salt.tikicdn.com/cache/280x280/ts/product/a6/fb/d6/9c4477120ee0f0c3a25b53c3794463f1.JPG,Chăm sóc sức khỏe, Nhiều Tác Giả,"Tây Tạng Huyền Bí & Nghệ Thuật Sinh Tử (Tái Bản 2020)Tây Tạng là một khu vực cao nguyên tại châu Á, ở phía bắc và đông của dãy núi Himalaya. Đây là quê hương của người Tạng cũng như một số dân tộ...",241200,Alphabooks,,Bìa mềm,,Nhà Xuất Bản Thế Giới,,,
53,Cổng Du Học: Singapore - Sống Khỏe ở Xứ Sở Đắt Đỏ,https://salt.tikicdn.com/cache/280x280/ts/product/5b/05/c6/e147da650edc52429969bfd1c19db4c3.jpg,Chăm sóc sức khỏe,"Vĩnh Trinh,Nhựt Nguyễn","Cổng Du Học: Singapore - Sống Khỏe ở Xứ Sở Đắt ĐỏNổi tiếng với chất lượng giáo dục hàng đầu thế giới, mức học phí khá dễ chịu cùng khoảng cách địa lí gần gũi đã biến Singapore trở thành điểm đến lí t...",62400,Nhà Xuất Bản Kim Đồng,,Bìa mềm,116,,,,
54,Japonisme – Những Điều Rất Nhật Bản - Tặng Kèm Sổ Tay,https://salt.tikicdn.com/cache/280x280/ts/product/af/a0/96/8f908472f0af5f51708e519674da7c98.jpg,Chăm sóc sức khỏe,Erin Niimi Longhurst,"Japonisme – những điều Rất Nhật Bản là một cuốn sách mang đầy hơi thở của xứ sở hoa anh đào, là nguồn cảm hứng vô tận để bạn khám phá nghệ thuật kiếm tìm hạnh phúc, sự đủ đầy cho Kokoro (trái tim và t...",137080,Bloom Books,,Bìa mềm,277,Nhà Xuất Bản Thế Giới,<p>16 x 24 cm</p>,,
55,Đi Như Tờ Giấy Trắng,https://salt.tikicdn.com/cache/280x280/ts/product/fa/49/bc/58ef2e10354be5b26a0e2ec392e83d48.jpg,Chăm sóc sức khỏe,Trần Thuỳ Linh,"Đi Như Tờ Giấy TrắngCuốn sách là những trang viết về trải nghiệm du lịch ở những vùng đất từ lạ đến quen, từ nước ngoài về Việt Nam. Các trang du ký thú vị, đầy màu sắc, độc đáo bởi được tạo nên dưới...",95200,Alphabooks,2019-01-05 00:00:00,Bìa mềm,304,,13 x 20.5 cm,,
56,Quá Trẻ Để Chết: Hành Trình Nước Mỹ,https://salt.tikicdn.com/cache/280x280/media/catalog/product/b/_/b_a_qu_tr_ch_t_1.jpg,Chăm sóc sức khỏe,Đinh Hằng,Quá Trẻ Để Chết: Hành Trình Nước Mỹ Quá trẻ để chết: Hành trình nước Mỹ là hành trình đơn độc của tác giả - một cô gái Việt trẻ đi xuyên nước Mỹ từ Bờ Đông sang bờ Tây. Hành trình du lịch bụi của cô ...,65000,Nhã Nam,2015-04-14 00:00:00,Bìa mềm,,Nhà Xuất Bản Hội Nhà Văn,,,
57,Quá Trẻ Để Chết: Hành Trình Nước Mỹ - Tái Bản,https://salt.tikicdn.com/cache/280x280/ts/product/df/f8/f5/b19930ed7d1923c62e06cc7bcc5bb166.jpg,Chăm sóc sức khỏe,Đinh Hằng,"Quá trẻ để chết: Hành trình nước Mỹ là hành trình đơn độc của tác giả - một cô gái Việt trẻ đi xuyên nước Mỹ từ Bờ Đông sang bờ Tây. Hành trình du lịch bụi của cô trải dài trên 20 bang, kéo dài suốt s...",63200,Nhã Nam,2019-03-03 00:00:00,Bìa mềm,,,14 x 20 cm,,
58,Tôi Bỏ Quên Tôi Ở Nước Anh (Tái Bản),https://salt.tikicdn.com/cache/280x280/ts/product/1d/24/2a/7f383d0060cc1e13b6794e8574e60cb0.jpg,Chăm sóc sức khỏe,Minh Thi,"Tôi Bỏ Quên Tôi Ở Nước Anh của Minh Thi, như một-truyện-tình, mơ màng nhưng thật sống động, của một du học sinh đối với nước Anh, xứ sở dù chia tay nhưng đã nằm trọn trong trái tim...",82000,Nhã Nam,2019-10-09 00:00:00,Bìa mềm,255,Nhà Xuất Bản Hội Nhà Văn,14 x 20.5 cm,,
59,Ngày Mai Vẫn Là Tuổi Trẻ,https://salt.tikicdn.com/cache/280x280/ts/product/d5/26/75/e1adc63a6364bc84ba3a1e9ef9a343a7.jpg,Chăm sóc sức khỏe,Ốc Sên Gió,"Ngày Mai Vẫn Là Tuổi TrẻTrong cuộc đời chúng ta, bất kể là ai, cũng sẽ có những ngày mệt mỏi đến mức muốn bỏ hết tất cả mà đi.Những ngày mà đủ thứ áp lực dồn lên đầu bạn, tình cảm, công việc, học hà...",98580,Skybooks,,Bìa mềm,296,,14.5 x 20.5 cm,,
60,Đi Rong Trên Những Múi Giờ,https://salt.tikicdn.com/cache/280x280/ts/product/da/a1/c5/cb9dab9db0f00e1c8b39470d8015f3ce.jpg,Chăm sóc sức khỏe,Nguyễn Hữu Tài,"Đi rong trên những múi giờ là cuốn sách gồm 19 bài viết về cuộc hành trình khám phá các quốc gia nằm trải rộng trên ba châu lục Á, Âu, Phi dưới cái nhìn của một người Mỹ gốc Việt hòa trộn trong mình c...",87200,Alphabooks,2018-12-06 15:35:07,Bìa mềm,292,,,,
61,Hàn Quốc - Tôi Mong Đi Và Tôi Sẽ Đến,https://salt.tikicdn.com/cache/280x280/ts/product/b4/6c/e4/2a8bc8766d1c8f9483d20121c29e3e92.jpg,Chăm sóc sức khỏe,Trần Minh Hằng,"Đến Hàn Quốc thời điểm nào để có thể ngắm “mưa” hoa anh đào, để dạo bước trên những con đường phủ đầy lá vàng và ngắm tuyết rơi?Đến Hàn Quốc nên ở đâu, đi đâu, làm gì, ăn gì?Đến Hàn Quốc làm sao để đi...",100000,NXB Trẻ,2018-12-01 13:59:31,Bìa mềm,224,,,,
62,Thiên Đường Qua Những Ô Cửa Màu Xanh,https://salt.tikicdn.com/cache/280x280/ts/product/33/de/d6/2e1e73f9c9cc91427ff71510165c05dc.jpg,Chăm sóc sức khỏe,Na Hồ,"Thiên Đường Qua Những Ô Cửa Màu XanhThiên đường qua những ô cửa màu xanh không chỉ là ghi chép du lịch trong hành trình qua các nước châu Âu, mà còn gom góp những trải nghiệm đẹp đẽ trong suốt quá tr...",56000,NXB Phụ Nữ Việt Nam,2018-09-18 17:34:57,Bìa mềm,248,,,,
63,Sách Văn Học - Du Ký:  Châu Âu Có Gì Lạ Không Em? - (Những Trải Nghiệm Trân Thực Mới Mẻ Về Châu Âu / Tặng Kèm Bookmark Greenlife),https://salt.tikicdn.com/cache/280x280/ts/product/fb/b0/c5/bccbe1082cbeb0d12474a361b3d58569.jpg,Chăm sóc sức khỏe,Misa Gjone,Sách Văn Học - Du Ký: Châu Âu Có Gì Lạ Không Em? - (Những Trải Nghiệm Trân Thực Mới Mẻ Về Châu Âu / Tặng Kèm Bookmark Greenlife)Cuốn sách là những ghi chép và mô tả của tác giả về hành trình du lịch ...,76000,Sống,,Bìa mềm,,,"<table id=""chi-tiet"" class=""table table-bordered table-detail table-striped"" cellspacing=""0"">
<tbody>
<tr>
<td class=""last"">13 x 20.5 cm</td>
</tr>
</tbody>
</table>",,
64,Combo Sách Du Ký : HIMALAYA – Hành Trình Chạm Đến Trán Trời + Khơi Lửa Sông Nile,https://salt.tikicdn.com/cache/280x280/ts/product/ca/9c/f8/171b89e4901189dea082991c256f5ccb.JPG,Chăm sóc sức khỏe,nhieu tac gia,HIMALAYA – Hành Trình Chạm Đến Trán TrờiCuốn sách được viết khi Mai Lan và người bạn đồng hành đang trên đường trở về Salleri – điểm gần với Vườn quốc gia Sagarmatha nhất có thể đến được bằng ô tô. 2...,148200,Alphabooks,,Bìa mềm,,Nhà Xuất Bản Thế Giới,,,
65,Dành Cả Thanh Xuân Để Chạy Theo Idol,https://salt.tikicdn.com/cache/280x280/ts/product/6b/d4/1c/36a77ce912a9b606d43e81655e06caae.jpg,Chăm sóc sức khỏe,Hồng Trân,"Tuổi trẻ là khoảng thời gian đẹp nhất của đời người, chính vì vậy chúng ta thường dành nó để theo đuổi những gì mà chúng ta yêu thích nhất.Cuốn sách kể về hành trình của một cô gái trẻ cố gắng thực h...",73000,Chibooks,2019-06-01 00:00:00,Bìa mềm,184,,13 x 20 cm,,
66,Đạp Xe Vì Tình Từ Ấn Sang Âu,https://salt.tikicdn.com/cache/280x280/media/catalog/product/d/a/dap-xe-vi-tinh-tu-an-sang-au-1.u5430.d20171025.t171935.86876.jpg,Chăm sóc sức khỏe,Per J Andersson,"Đạp Xe Vì Tình Từ Ấn Sang Âu Vào ngày 22 tháng 1 năm 1977, chàng trai trẻ Mahanandia, khi đó 24 tuổi, đã bắt đầu hành trình bằng xe đạp kéo dài 4 tháng từ thành phố Delhi, Ấn Độ đến thị trấn Boras, T...",75600,First News - Trí Việt,2017-10-01 00:00:00,Bìa mềm,360,Nhà Xuất Bản Tổng hợp TP.HCM,"14.5 x 20.5 cm
",Đăng Thư,
67,Combo Sách Cho Người Đam Mê Với Những Chuyến Đi : Đi Bộ Xuyên Việt Với Cây Đàn Guitar + Du Ký Xanh - Hành Trình Cứu Biển + Đi Rong Trên Những Múi Giờ + Đi Như Tờ Giấy Trắng + Đá Nhọn Vực Sâu,https://salt.tikicdn.com/cache/280x280/ts/product/48/d6/d4/4ba63ef815ba12cafb5ae5496452115c.JPG,Chăm sóc sức khỏe,nhieu tac gia,"Đi Bộ Xuyên Việt Với Cây Đàn GuitarĐi bộ xuyên Việt với hành trang là cây đàn guitar và không đồng trong túi là một quyết định hẳn nhiều người sẽ cho là điên rồ. Nhưng với Hồ Nhật Hà, đó lại hành trì...",338800,Alphabooks,,Bìa mềm,,Nhà Xuất Bản Thanh Niên,,,
68,Namaskar! Xin Chào Ấn Độ (Tái Bản 2020),https://salt.tikicdn.com/cache/280x280/ts/product/90/8a/59/13f28e8de1397abd1b2320b701a3c549.jpg,Chăm sóc sức khỏe,Hồ Anh Thái,"Namaskar! Xin chào Ấn Độ của Hồ Anh Thái được xuất bản lần đầu vào năm 2008, nay được Nxb. Trẻ tái bản lại cùng lúc với cuốn Salam! Chào Ba Tư – một sáng tác mới của tác giả, làm thành ...",110500,NXB Trẻ,,,,NXB Trẻ,,,
69,Sách - Thế Giới Rộng Lớn Đừng Đi Một Mình,https://salt.tikicdn.com/cache/280x280/ts/product/b3/06/04/2f1be2e16ead33a896d17963c93a4127.jpg,Chăm sóc sức khỏe,Lý Thành Cơ,"       Tên sách: Thế giới rộng lớn đừng đi một mình   Tác giả: Lý Thành Cơ   Thể loại: sách du lịch   Khổ: 14,5x20,5cm   Số trang: 208 trang   Giá bìa: 96.000đ   Nhà xuất bản Phụ Nữ   ISBN:...",91000,Skybooks,,,208,Nhà Xuất Bản Phụ Nữ,,,
70,"Nước Ý, Câu Chuyện Tình Của Tôi (Tái Bản)",https://salt.tikicdn.com/cache/280x280/media/catalog/product/n/u/nuoc-y-cau-chuyen-tinh-cua-toi_2.u5131.d20170424.t224958.527843.jpg,Chăm sóc sức khỏe,Trương Anh Ngọc,"Nước Ý, Câu Chuyện Tình Của Tôi (Tái Bản) “Nước Ý, câu chuyện tình của tôi” là cuốn sách dành cho “người tình” của tác giả: Italia xinh đẹp, lãng mạn, đa tình và cuồng nhiệt. Mối tình của Trương Anh ...",65000,Nhã Nam,2017-04-01 00:00:00,Bìa mềm,,Nhà Xuất Bản Thế Giới,14.5 x 20.5 cm,,2017
71,Trái Tim Trên Những Con Đường,https://salt.tikicdn.com/cache/280x280/media/catalog/product/b/t/btt.u3059.d20170515.t160033.821356.jpg,Chăm sóc sức khỏe,Mai Thanh Nga,"Trái Tim Trên Những Con Đường   Đây là cuốn du ký tập hợp những bài viết của về những chuyến đi của tác giả, tác giả viết về những chuyến đi của tuổi trẻ, vòng quanh châu Âu và cả Ai Cập, Thổ Nhĩ Kỳ...",77430,Quảng Văn,2017-05-01 00:00:00,Bìa mềm,320,,13.5 x 20.5 cm,,
72,Bộ 2 cuốn sách hay về phóng sự du ký: Hoàng Đế - Phương Đông Lướt Ngoài Của Sổ,https://salt.tikicdn.com/cache/280x280/ts/product/91/d6/e7/31e826174dee4d9b68f51a58f15f4fd6.png,Chăm sóc sức khỏe,"Ryszard Kapuściński,Paul Theroux","Bộ 2 cuốn sách hay về phóng sự du ký: Hoàng Đế - Phương Đông Lướt Ngoài Của SổHoàng ĐếHoàng Đế là cuốn sách không chỉ mở đầu sự nghiệp quốc tế của phóng sự gia tầm cỡ nhất Ba Lan, mà còn đưa thể...",177995,Thái Hà,2019-01-16 14:55:58,Bìa mềm,,,"<p>13 x 20.5 cm</p>
<p>14 x 20.5 cm</p>",,
73,Thế Giới Rộng Lớn Đừng Đi Một Mình - Tặng Kèm Sổ Tay,https://salt.tikicdn.com/cache/280x280/ts/product/e2/cc/0f/38e2f2b7d650f387493a50515618f1cb.jpg,Chăm sóc sức khỏe,Lý Thành Cơ,"Sợ thì sợ, nhưng nếu cứ sống mãi trong vùng sợ, liệu chúng ta có biết được tuổi trẻ của mình dài bao nhiêu?""Càng lớn, con người càng đem theo bên mình nhiều nỗi sợ. Sợ thất nghiệp, thất tình, sự nghiệ...",91000,Skybooks,,Bìa mềm,208,,<p>14.5 x 20.5 cm</p>,,
74,Từ Ba Tư Đến Bắc Mỹ,https://salt.tikicdn.com/cache/280x280/ts/product/59/40/52/611fbc25ffbef78a688844ec173db829.jpg,Chăm sóc sức khỏe,Hoàng Minh Tường,"Tập hợp ba kí sự nổi tiếng : Ngược nguồn chữ Việt, Canada màu phong đỏ, 60 ngày ở Mỹ, Từ Ba Tư đến Bắc Mỹ sẽ đem đến cho bạn đọc sự phiêu du kỳ thú từ Đông sang Tây, từ nền văn minh cổ đại đến thế giớ...",118000,NXB Phụ Nữ Việt Nam,2019-06-01 00:00:00,Bìa mềm,245,Nhà Xuất Bản Phụ Nữ,13.5 x 21 cm,,
75,Kí Sự Đi Tây,https://salt.tikicdn.com/cache/280x280/ts/product/73/7e/97/e4769578e23bbf50607dfb698c9d3db2.jpg,Chăm sóc sức khỏe,Đỗ Kh.,"Kí Sự Đi TâyĐỗ Kh. Sinh năm 1955 ở Hải Phòng, nguyên quán Nam Định. Lớn lên ở Sài Gòn. 1966, thực tập sinh đánh giày vỉa hè Lê Lợi - Tự Do (ra tới bến tàu). 1975, tốt nghiệp (hạng xoàng) khóa an ninh...",68000,Domino Books,2019-05-01 00:00:00,Bìa mềm,192,,13 x 20.5 cm,,
76,Thích Là Nhích,https://salt.tikicdn.com/cache/280x280/ts/product/c9/77/aa/1c0d163d6e2a87adb77dc49d07de2dab.jpg,Chăm sóc sức khỏe,Alex Tu,"Thích Là NhíchLà một người theo chủ nghĩa tối giản, tài sản chính của nữ tác giả Alex Tu chỉ có hai ổ cứng, một máy ảnh FujiFilm, một ba...",96000,Saigon Books,2017-10-01 11:28:36,Bìa mềm,231,,<p>18 x 21 cm</p>,,
77,Về Nơi Có Nhiều Cánh Đồng,https://salt.tikicdn.com/cache/280x280/ts/product/7a/c7/d3/fecb90ed6132e55fbe9381ab283fcc40.jpg,Chăm sóc sức khỏe,Phan,"Về nơi có nhiều cánh đồng là cuốn du ký hoạ mới nhất của Lê Phan (Câu lạc bộ nghiên cứu bí ẩn, Xứ Mèo). Đây là tuyển tập ghi chép bằng tranh những câu chuyện thú vị trong hành trình di cư từ thàn...",100000,,,,,Nhà Xuất Bản Văn Hóa Văn Nghệ,,,
78,Cẩm Nang Cuộc Sống Tại Nhật Bản - 1001 Thông Tin Bạn Cần Biết Khi Tới Nhật Bản (Sách Song Ngữ),https://salt.tikicdn.com/cache/280x280/ts/product/c8/ed/bc/ea1588b5704a0d314cc4cd266bfae434.jpg,Chăm sóc sức khỏe,Công ty Cổ phần Pocket biên soạn,"CẨM NANG CUỘC SỐNG TẠI NHẬT BẢN - 1001 thông tin bạn cần biết khi tới Nhật BảnHiện nay, số lượng các bạn trẻ Việt Nam có mong muốn đi du học, tìm kiếm cơ hội việc làm tại Nhật Bản ngày càng tăng. Mặc...",87200,FlyBooks,2021-10-01 00:00:00,Bìa mềm,336,Nhà Xuất Bản Thế Giới,14.5 x 20.5 cm,,
79,Combo Sách Du Ký Hay : Đi Bộ Xuyên Việt Với Cây Đàn Guitar + Du Ký Xanh - Hành Trình Cứu Biển,https://salt.tikicdn.com/cache/280x280/ts/product/be/d4/76/b33be978586aae08a1f489333c8437e1.JPG,Chăm sóc sức khỏe,"Hồ Nhật Hà,Lekima Hùng","Đi Bộ Xuyên Việt Với Cây Đàn GuitarĐi bộ xuyên Việt với hành trang là cây đàn guitar và không đồng trong túi là một quyết định hẳn nhiều người sẽ cho là điên rồ. Nhưng với Hồ Nhật Hà, đó lại hành trì...",153600,Alphabooks,,Bìa mềm,,Nhà Xuất Bản Thanh Niên,,,
80,Châu Âu Có Gì Lạ Không Em? - Tặng kèm sổ tay,https://salt.tikicdn.com/cache/280x280/ts/product/fb/b0/c5/eb760b480977460588cf48d92af3a6bf.jpg,Chăm sóc sức khỏe,Misa Gjone,"Cuốn sách là những ghi chép và mô tả của tác giả về hành trình du lịch của bản thân qua một số quốc gia châu Âu, từ đó chia sẻ những trải nghiệm chân thực và mới mẻ về văn hóa, lịch sử, ẩm thực và con...",76000,Alphabooks,2019-07-16 22:54:14,Bìa mềm,452,Nhà Xuất Bản Thế Giới,<p>13 x 20.5 cm</p>,,
81,Gulliver Du Ký Tập 1 - Chuyến Hải Trình Tới Lilliput (Song Ngữ Anh - Việt),https://salt.tikicdn.com/cache/280x280/ts/product/0e/20/0c/bbb657329ca8d988fbfc9c1411629dad.jpg,Chăm sóc sức khỏe,Johnathan Swift,Gulliver du ký (Gulliver’s Travels) của Johnathan Swift ra đời tại Anh vào đầu thế kỷ 18. Đây là tiểu thuyết viễn tưởng kể về cuộc hành trình kỳ lạ nhưng vô cùng tuyệt vời của chàng bác sĩ – thủy thủ ...,100000,CÔNG TY CỔ PHẦN GIÁO DỤC SPUTNIK,2020-07-01 00:00:00,Bìa mềm,236,Nhà Xuất Bản Thông Tin Và Truyền Thông,,,
82,Đá Nhọn Vực Sâu,https://salt.tikicdn.com/cache/280x280/ts/product/92/58/98/5ac51314d859e99bb1e6cc2221fbde87.jpg,Chăm sóc sức khỏe,Nguyễn Vân Anh.,"            Đá Nhọn Vực Sâu        Cuốn sách viết về trải nghiệm Sơn Đoòng của tác giả Vân Anh – một người tên tuổi trong hoạt động về giới, phụ nữ, trẻ em    ở Việt Nam. Thông qua những gì đã ...",79200,Alphabooks,2018-01-01 00:00:00,Bìa mềm,88,,20 x 20 cm,,
83,"Sách - Nghe đến nơi, hiểu đến chốn (tặng kèm bookmark thiết kế)",https://salt.tikicdn.com/cache/280x280/ts/product/5a/ae/14/735e89c58d3bf114f308b2101490fa90.jpg,Chăm sóc sức khỏe,Nhiều Tác Giả,"       Tác giả: NICOLAS LAFITTE - BERTRAND FICHOU.   Minh họa: PASCAL LEMAITRE   Dịch giả: Châu Giang , Châu Anh   Nhà xuất bản: Thế Giới   Số trang: 78   Kích thước: 19.5x 28.5 cm   Ngày ph...",74880,Nhã Nam,,,,Nhà Xuất Bản Thế Giới,,,
84,Đừng Chết Ở Ả Rập Xê Út - Tặng kèm sổ tay,https://salt.tikicdn.com/cache/280x280/ts/product/f3/30/de/606d20a49257b003c7e5e319537009a2.jpg,Chăm sóc sức khỏe,Nghiêm Hương,Cuốn sách là tự truyện của một người phụ nữ đi xuất khẩu lao động tại Ả Rập Xê Út với mong muốn đổi đời với lời hứa hẹn từ trung tâm. Chỉ đến khi đặt chân đến đất nước Ả Rập cô mới nhận ra mình bị lừa...,94050,Alphabooks,2019-01-16 23:02:28,Bìa mềm,196,Nhà Xuất Bản Thế Giới,<p>13 x 20.5 cm</p>,,
85,Cô Đơn Trên Everert,https://salt.tikicdn.com/cache/280x280/ts/product/f1/48/4f/58a17aefb27fab18f4682d9b0045c6d9.jpg,Chăm sóc sức khỏe,"Di Li,DI LI","""Du ký của Di Li cuốn hút bởi rất nhiều chi tiết ngập tràn thông tin mới lạ, chính điều đó đã làm nên những câu chuyện. Di Li kể chuyện hấp dẫn, tỉ mỉ và thủ thỉ như một người bạn. Qua cách mà cô chia...",103320,Cty Văn Hóa & Truyền Thông Liên Việt,,,,Nhà Xuất Bản Hội Nhà Văn,,,
86,Tuổi Trẻ Không Hối Tiếc,https://salt.tikicdn.com/cache/280x280/ts/product/d4/fc/bc/3d9420386828bdb229978f724459be97.jpg,Chăm sóc sức khỏe,Huyền Chip,"Tuổi Trẻ Không Hối TiếcTôi tin rằng chỉ khi nào chúng ta dám đối mặt với cái chết, chúng ta mới có thể hiểu được giá trị của sự sống. Ai cũng biết rằng một ngày nào đó mình sẽ chết, nhưng chúng ta vẫ...",70000,Quảng Văn,2018-05-17 22:43:33,Bìa mềm,292,Nhà Xuất Bản Phụ Nữ,,,thông thường
87,Sách - Lịch lãm như một quý ông (tặng kèm bookmark thiết kế),https://salt.tikicdn.com/cache/280x280/ts/product/38/d6/c7/d5582d06086a853106e8fcd195b546d7.jpg,Chăm sóc sức khỏe,Élisabeth Jammes,"       Tác giả: Élisabeth Jammes , Étienne Pihouée   Dịch giả: Trần Thị Khánh Vân   Nhà xuất bản: Thế Giới   Số trang: 128   Kích thước: 15x21 cm   Ngày phát hành: 04-12-2019   GIỚI THIỆU SÁ...",84240,Nhã Nam,,,,Nhà Xuất Bản Thế Giới,,,
88,Đi Tây,https://salt.tikicdn.com/cache/280x280/ts/product/7e/1d/48/a303b334d46f934725d015cf9ccf3559.jpg,Chăm sóc sức khỏe,Doan,"“Ngày ngày tôi thẫn thờ nhớ về những lúc ngu dốt khi xưa, khi tôi cứ ngồi vểnh tai lên nghe chuyện thiên hạ, khi tôi xoay sở hết cách để kiếm từng đồng bạc lẻ rồi lại đem hết đi ăn uống, tụ tập, lê la...",72160,Bách Việt,2019-09-01 00:00:00,Bìa mềm,352,,13 x 20.5,,
89,Sách - Nếu... thì? (Nhã Nam) (tặng kèm bookmark thiết kế),https://salt.tikicdn.com/cache/280x280/ts/product/a1/ae/73/5563c88f89e8afa0299103d0fa533d69.jpg,Chăm sóc sức khỏe,Randall Munroe,"       Tác giả: Randall Munroe   Dịch giả: Nguyễn Hoài Anh, Nguyễn Văn Trà   Nhà xuất bản: Lao động   Số trang: 384   Kích thước: 17x23cm   Ngày phát hành: 04-2018   ...",102500,Nhã Nam,,,,Nhà Xuất Bản Lao Động,,,
90,Đi Thật Xa Trên Một Chiếc Camper,https://salt.tikicdn.com/cache/280x280/ts/product/c8/af/49/074f08be46c444ea176b3dbd2bf4bc9b.jpg,Chăm sóc sức khỏe,Khải Đơn,"Cuốn sách là những câu chuyện của riêng Khải Đơn – kể với bạn đọc về niềm vui được sống mỗi ngày, mỗi tuần, mỗi tháng, mỗi năm, mỗi khoảnh khắc tươi mới và sống động trong đời.   Khi bạn đọc tác phẩm...",146200,NXB Phụ Nữ,,,,,,,
91,Voi Không Ngà,https://salt.tikicdn.com/cache/280x280/ts/product/e0/e6/8e/c3abe7b14a3b8cc6f895cf90894ba486.jpg,Chăm sóc sức khỏe,Phan Việt Lâm,"Câu chuyện lí thú về các con vật như voi, linh dương, tê giá Được kể bằng chính trải nghiệm của tác giả....",30400,NXB Kim Đồng,,,,,,,
92,Sách - Fỉnh fờ lũ ngốc (Phishing for Phools) (tặng kèm bookmark thiết kế),https://salt.tikicdn.com/cache/280x280/ts/product/f2/61/a8/d259b141289aaa72fedd7e45c00fd16a.jpg,Chăm sóc sức khỏe,Nhiều Tác Giả,"       Tác giả: George A. Akerlof , Robert J. Shiller   Dịch giả: Lê Trung Hoàng Tuyến   Nhà xuất bản: Dân Trí   Số trang: 428   Kích thước: 14 x 20.5 cm   Ngày phát hành: 04-2020   GIỚI THI...",124800,Nhã Nam,,,,Nhà Xuất Bản Dân Trí,,,
93,Sách - Sách tương tác vừa học vừa chơi - Thiên nhiên muôn màu (tặng kèm bookmark thiết kế),https://salt.tikicdn.com/cache/280x280/ts/product/1c/ac/94/f136d0ae306c3538732087af214167ac.jpg,Chăm sóc sức khỏe,Nhiều Tác Giả,       Tác giả: Rebecca Gilpin - Erica Harrison   Dịch giả: Bảo Bình   Nhà xuất bản: Dân Trí   Số trang: 64   Kích thước: 21.5x25 cm   Ngày phát hành: 17-02-2020   Dành cho lứa tuổi 3-7   ...,75000,Nhã Nam,,,,Nhà Xuất Bản Dân Trí,,,
94,Đi Như Tờ Giấy Trắng (Tặng kèm sổ tay),https://salt.tikicdn.com/cache/280x280/ts/product/f7/8c/53/37fe3361edcbef5bdad12c0682888ba8.jpg,Chăm sóc sức khỏe,Trần Thuỳ Linh,"Đi Như Tờ Giấy TrắngCuốn sách là những trang viết về trải nghiệm du lịch ở những vùng đất từ lạ đến quen, từ nước ngoài về Việt Nam. Các trang du ký thú vị, đầy màu sắc, độc đáo bởi được tạo nên dưới...",111860,Alphabooks,2019-01-16 15:27:16,Bìa mềm,304,Nhà Xuất Bản Văn Học,<p>13 x 20.5 cm</p>,,
95,Combo Tuổi trẻ đáng giá bao nhiêu + Đến Nhật Bản học về cuộc đời (Tái bản),https://salt.tikicdn.com/cache/280x280/ts/product/0c/aa/9b/c81c65772f8b6f00d3e5527a14c94491.jpg,Chăm sóc sức khỏe,"Rosie Nguyễn, Rosie Nguyễn","Đến Nhật Bản Học Về Cuộc Đời (Tái bản)“Đến Nhật Bản học về cuộc đời” là một quyển sách kì lạ. Vì trước khi là một quyển sách vạn bản, đó là quyển nhật ký 368 ngày sống ở Nhật của một cô gái nhỏ.Trong...",159000,Nhã Nam -  Hội Nhà Văn,2021-05-21 16:08:13,Bìa gập,735,Nhà Xuất Bản Hội Nhà Văn,,,bìa mềm
96,Hạt Muối Rong Chơi,https://salt.tikicdn.com/cache/280x280/media/catalog/product/i/m/img762.u547.d20161115.t112544.121419.gif,Chăm sóc sức khỏe,Nguyễn Phan Quế Mai,"Hạt Muối Rong Chơi Bạn sẽ bắt gặp hình ảnh một cô bé châu Á run rẩy trước thiên nhiên hùng vĩ của thế giới, sợ co rúm người khi lần đầu tiên nhìn thấy người đàn ông trần truồng như nhộng, và hồ hởi t...",80960,Phụ Nữ,2016-06-01 00:00:00,Bìa mềm,156,,13.5 x 20.5 cm,,
97,"Combo sách gia đình: Hành Trình Về Phương Đông, Dế Mèn Phiêu Lưu Ký",https://salt.tikicdn.com/cache/280x280/ts/product/56/8b/d5/cacf1524888049222f2e384f9ce06450.jpg,Chăm sóc sức khỏe,"Tô Hoài,Baird T. Spalding","Hành Trình Về Phương ĐôngHành Trình Về Phương Đông mở ra một chân trời mới về Đông Tây gặp nhau, để khoa học Minh triết hội ngộ, để Hiện đại Cổ xưa giao duyên, để Đất Trời là một. Thế giới, vì vậy đã...",233500,First News - Trí Việt,,Bìa mềm,,,,,
98,Sách - Có phải tại con đâu! (tặng kèm bookmark thiết kế),https://salt.tikicdn.com/cache/280x280/ts/product/0c/33/66/06a59daea102eec9ffabe2cbbd36dc9b.jpg,Chăm sóc sức khỏe,Isabelle Filliozat,       Tác giả: Isabelle Filliozat   Dịch giả: Nguyễn Thị Tươi   Nhà xuất bản: Thế Giới   Số trang: 176   Kích thước: 16x20.5 cm   Ngày phát hành: 06-2018   ...,59000,Nhã Nam,,,,Nhà Xuất Bản Thế Giới,,,
99,"Sống Không Sợ Mất, Đi Là Phải Chất (Tặng kèm sổ tay)",https://salt.tikicdn.com/cache/280x280/ts/product/b4/51/11/b3bda00d95520e9a1c739df5d3de5075.jpg,Chăm sóc sức khỏe,Ash Dykes,"Hôm nay là ngày bất khả thi của tôi, cái ngày tôi cảm giác thấy hành trình không thể hoàn thành. Nếu không thể ngồi dậy được, chắc chắn tôi sẽ chết trên sa mạc Gobi. Quá muộn để nghĩ ra một kế hoạch d...",91000,Saigon Books,2019-05-16 21:23:53,Bìa mềm,252,Nhà Xuất Bản Văn Hóa - Văn Nghệ,<p>14 x 20.5 cm</p>,,
100,Combo Sách Hay: Quá Trẻ Để Chết-Hành Trình Nước Mỹ + Trở Về Nơi Hoang Dã (Tặng Kèm Bookmark Ahabook),https://salt.tikicdn.com/cache/280x280/ts/product/8f/1b/ba/13e3881f816aeec7f2a8dbe1f50ed521.jpg,Chăm sóc sức khỏe,Nhiều Tác Giả,Combo Sách Hay: Quá Trẻ Để Chết-Hành Trình Nước Mỹ + Trở Về Nơi Hoang Dã (Tặng Kèm Bookmark Ahabook)1. Qúa Trẻ Để Chết-Hành Trình Nước MỹQuá trẻ để chết: Hành trình nước Mỹ là hành trình đơn độc của...,175000,Nhã Nam,,Bìa mềm,,Nhà Xuất Bản Hội Nhà Văn,,,
101,Sách - Những vị thần Bắc Âu (tặng kèm bookmark thiết kế),https://salt.tikicdn.com/cache/280x280/ts/product/48/33/18/cae6246676baacd836791673631dcb91.jpg,Chăm sóc sức khỏe,Nhiều Tác Giả,"       Tác giả: Ingri mortenson , Edgar parin D'aulaire   Dịch giả: Đoàn Mai   Số trang: 166   Kích thước: 20.5x28.5 cm   Ngày phát hành: 04-2020   ""Những vị thần Bắc Âu"" kể lại sự tích và hà...",137000,Nhã Nam,,,,Nhà Xuất Bản Hà Nội,,,
102,Combo sách tuổi thanh xuân: Ta ba lô trên đất Á + Giải mã hành tinh EXO,https://salt.tikicdn.com/cache/280x280/ts/product/1b/69/cb/72dbeda1f3b34c785c1656dde9e3e1b0.jpg,Chăm sóc sức khỏe,"Rosie Nguyễn, Rosie Nguyễn","Ta Ba Lô Trên Đất ÁQuyển sách đầu tiên của Rosie Nguyễn, nay trở lại với một diện mạo mới và một quốc gia mới mà trước đây tác giả chưa có dịp nhắc đến. Ta ba lô trên đất Á không chỉ là cẩm nang du l...",234000,Nhã Nam ,2020-12-12 16:17:20,Bìa gập,605,Nhà Xuất Bản Hội Nhà Văn,,,BÌA MỀM
103,Combo Đừng Bao Giờ Đi Ăn Một Mình + Thế Giới Rộng Lớn Đừng Đi Một Mình (Tặng Bookmark Phương Đông),https://salt.tikicdn.com/cache/280x280/ts/product/55/1f/9c/662ae6f024ef074884bc460ac20321c9.jpg,Chăm sóc sức khỏe,Nhiều Tác Giả,"Combo Đừng Bao Giờ Đi Ăn Một Mình + Thế Giới Rộng Lớn Đừng Đi Một Mình (Tặng Bookmark Phương Đông) là combo sách cực hay cung cấp cho bạn đọc rất nhiều kỹ năng bổ ích, là một trong những cuốn sách nằm...",208000,Skybooks,,Bìa mềm,,Nhà Xuất Bản Phụ Nữ,,,
104,Văn Chương Sài Gòn 1881 - 1924 - Tập 4: Du Ký Và Những Truyện Khác,https://salt.tikicdn.com/cache/280x280/ts/product/b8/5e/af/f199954c62da686a9a92d52003e39913.jpg,Chăm sóc sức khỏe,Trần Nhật Vy,Văn chương Sài Gòn 1881 - 1924 - tập 4: Du ký và Những truyện khác   Lời nói đầu   Du ký là thể loại văn học quốc ngữ không mới. Thể văn nầy vừa mang tính văn học vừa mang chất báo chí. Đây là thể l...,152000,NXB Văn Hoá Văn Nghệ,,,,,,,
105,Combo Sách Hay: Phương Đông Lướt Ngoài Cửa Sổ (Tái Bản 2019) + Hành Trình Về Phương Đông (Tái Bản) - Tặng kèm Postcard GreenLife (AHA)  ,https://salt.tikicdn.com/cache/280x280/ts/product/f0/61/c2/2dd96264b5549bccd8de3c1caa8b54bd.jpg,Chăm sóc sức khỏe,"Paul Theroux,Baird T. Spalding","Combo Sách Hay: Phương Đông Lướt Ngoài Cửa Sổ (Tái Bản 2019) + Hành Trình Về Phương Đông (Tái Bản) - Tặng kèm Postcard GreenLife (AHA)  Bộ sách để đời cho những độc giả khao khát được đi, được khám p...",218000,Nhã Nam,,Bìa mềm,,,,,
106,Combo sách du ký tuổi thanh xuân: QUÁ TRẺ ĐỂ CHẾT HÀNH TRÌNH NƯỚC MỸ + TUỔI TRẺ ĐÁNG GIÁ BAO NHIÊU (tặng kèm bookmark),https://salt.tikicdn.com/cache/280x280/ts/product/4a/e3/f9/6bc4a2c8d163fb3c2844c614f240d954.jpg,Chăm sóc sức khỏe,"Đinh Hằng,Rosie Nguyễn","""Bạn hối tiếc vì không nắm bắt lấy một cơ hội nào đó, chẳng có ai phải mất ngủ.Bạn trải qua những ngày tháng nhạt nhẽo với công việc bạn căm ghét, người ta chẳng hề bận lòng.Bạn có chết mòn nơi xó t...",150000,Nhã Nam,2021-02-04 10:37:48,Bìa gập,769,Nhà Xuất Bản Hội Nhà Văn,,,bìa mềm
107,Sách - Con Đường Hồi Giáo,https://salt.tikicdn.com/cache/280x280/ts/product/07/b4/9f/b0c92863ae16e3afd84a6490f71f09d3.jpg,Chăm sóc sức khỏe,Nguyễn Phương Mai,       Tác giả: Nguyễn Phương Mai   Ngày xuất bản: 01-2018   Kích thước: 14 x 20.5 cm   Nhà xuất bản: Nhà Xuất Bản Hội Nhà Văn   Loại bìa: Bìa mềm   Số trang: 304   GIỚI THIỆU SÁCH   Con Đư...,88000,Nhã Nam,,,,Nhà Xuất Bản Hội Nhà Văn,,,
