,Tên Sách,Ảnh bìa,Thể loại,Tác giả,Nội dung tóm tắt,Giá bìa,Công ty phát hành,Ngày xuất bản,Kích thước,Loại bìa,Số trang,Nhà xuất bản,Dịch Giả,Phiên bản
0,,,,,,,,,,,,,,
1,Combo Sách Dành Cho Mẹ Bầu: Tri Thức Thai Sản Bà Bầu Cần Biết và Hành Trình Thai Giáo 280 Ngày (Bản Đặc Biệt Tặng Kèm GreenLIfe Postcard AHA),https://salt.tikicdn.com/cache/280x280/ts/product/94/3e/ec/9b11f0a1947de79f9ebd0354ac74c2b1.jpg,Phụ nữ mang thai,Vương Nguy (chủ biên),"1.Tri Thức Thai Sản Bà Bầu Cần Biết - 1001 Bí Quyết Để Mẹ Tròn Con VuôngCuốn sách giải đáp những vấn đề mà bà bầu gặp phải trong thai kì đầu, thai kì giữa, thai kì cuối một cách chuyên nghiệp; đồng t...",175000,Minh Long,,<p>28 x 20cm</p>,Bìa mềm,188,,,
2,Combo bách khoa thai nghén dành cho mẹ: Thai Giáo Theo Chuyên Gia - 280 Ngày - Mỗi Ngày Đọc Một Trang + Bách Khoa Thai Nghén - Sinh Nở Và Chăm Sóc Em Bé,https://salt.tikicdn.com/cache/280x280/ts/product/23/64/1e/cf3977bb971aff911d2fcb846076f8f2.png,Phụ nữ mang thai,Trạch Quế Vinh,"Thai Giáo Theo Chuyên Gia - 280 Ngày - Mỗi Ngày Đọc Một Trang  Thai giáo theo nghĩa rộng chính là thông qua chế độ dinh dưỡng, môi trường và tinh thần để thúc đẩy sự phát triển toàn diện của trẻ. Theo...",167000,Minh Long,,<p>30x25cm</p>,Bìa mềm,,,,
3,Mẹ Nhật Thai Giáo,https://salt.tikicdn.com/cache/280x280/ts/product/40/29/a5/269a540f1572ba7e6cf5c0ed4460d355.jpg,Phụ nữ mang thai,Akira Ikegawa,"Mẹ Nhật Thai Giáo“Cảm ơn con vì đã chọn bố mẹ trong số hàng triệu triệu cặp đôi trên thế giới này”, “Cảm ơn con đã đến để giúp bố mẹ trưởng thành hơn.” Đó là thông điệp mà cuốn sách muốn gửi đến với ...",52000,Thái Hà,,,Bìa mềm,160,,,
4,Chăm sóc sức khỏe trẻ em toàn diện: CHĂM SÓC EM BÉ TRƯỚC SINH- hiện đại kết hợp truyền thống,https://salt.tikicdn.com/cache/280x280/ts/product/4a/f7/18/347ab92f9614c5c05832e76fc24cd7cf.jpg,Phụ nữ mang thai,Bác sĩ Trần Thị Hoa,"Lời giới thiệuNgày nay ngành sản khoa nước ta đã phát triển vượt trội so với cách đây vài thập niên nhưng vẫn có nhiều bà mẹ mang thai xuất hiện tai biến sản khoa và những vấn đề tại lúc sinh, sinh...",156000,NXB Y Học,2020-01-09 11:06:12,,Bìa mềm,196,Nhà Xuất Bản Y học,,
5,Combo 3 cuốn Cẩm nang dành cho mẹ bầu và thai nhi : Bố mẹ kể con nghe + Mẹ kể con nghe + Bố kể con nghe   - ( tặng kèm Bookmark  Aha ,https://salt.tikicdn.com/cache/280x280/ts/product/09/98/a1/981dcae4b095b45c2572e9be2ac7e35c.jpg,Phụ nữ mang thai,Nhiều Tác Giả,"Đây là combo 3 cuốn hay cho các bậc cha mẹ rất được yêu thích trong thời gian gần đây.1 Bố mẹ kể con ngheThai giáo là hành trình cần sự đồng hành của cả bố, mẹ và các thành viên khác trong gia đình....",270000,Nhà Xuất Bản Kim Đồng,,,Bìa mềm,,,,
6,Thai Giáo Theo Chuyên Gia - 280 Ngày - Mỗi Ngày Đọc Một Trang,https://salt.tikicdn.com/cache/280x280/ts/product/2b/86/0b/9c064381a3ca4d803debdd0734492aca.jpg,Phụ nữ mang thai,Trạch Quế Vinh,"Thai Giáo Theo Chuyên Gia - 280 Ngày - Mỗi Ngày Đọc Một Trang Thai giáo theo nghĩa rộng chính là thông qua chế độ dinh dưỡng, môi trường và tinh thần để thúc đẩy sự phát triển toàn diện của trẻ. Theo...",98000,Minh Long,2014-01-17 00:00:00,17 x 23 cm,Bìa mềm,204,,,
7,Combo thai giáo (bộ 4 cuốn),https://salt.tikicdn.com/cache/280x280/ts/product/9f/d9/34/ed85597ea216cbf5241299da1c8ffd2a.jpg,Phụ nữ mang thai,Nhiều Tác Giả,"-Hành trình thai giáo 280 ngày mỗi ngày đọc 1 trang: Thai giáo tốt có thể làm thay đổi cả cuộc đời con trẻ. Phương án thai giáo hoàn hảo mỗi ngày sẽ giúp con bạn khỏe, đẹp và thông minh.-Thai giáo th...",289000,Minh Long,,,Bìa mềm,,,,
8,Thai Kỳ Khỏe Mạnh - Vượt Cạn Bình An,https://salt.tikicdn.com/cache/280x280/ts/product/c8/14/ee/80748a114569ad44e3876b4ef2e47e05.jpg,Phụ nữ mang thai,Bùi Chí Thương,"Có con là niềm vui cũng là thử thách lớn trong đời người phụ nữ bởi biết bao điều khó ngờ chờ đợi. Dù cho y học phát triển tới đâu, những thắc mắc của phụ nữ thời nào cũng như nhau: Sức khỏe như thế n...",66000,NXB Trẻ,2020-09-01 00:00:00,12 x 20 cm,Bìa mềm,178,NXB Trẻ,,
9,Combo Sách Hay Dành Cho Mẹ Bầu : Tri Thức Thai Sản + Thai Giáo Theo Chuyên Gia + Bách Khoa Nuôi Dạy Trẻ Từ 0-3,https://salt.tikicdn.com/cache/280x280/ts/product/52/f1/5d/7dd8395fc2a1fab5cc94b6690bd9fd50.png,Phụ nữ mang thai,Nhiều Tác Giả,Combo Sách: Tri Thức Thai Sản + Thai Giáo Theo Chuyên Gia + Bách Khoa Nuôi Dạy Trẻ Từ 0-3   Tri thức thai sản bà bầu cần biết Mang thai là điều hạnh phúc nhưng song hành cũng là bao nỗi lo toa...,241503,Minh Long,2019-11-22 12:44:51,,Bìa mềm,950,Đang cập nhật,,
10,Viết Cho Các Bà Mẹ Sinh Con Đầu Lòng (Tái Bản 2020),https://salt.tikicdn.com/cache/280x280/ts/product/7e/57/cb/e211e87924bc3487bc6eed09840101e7.jpg,Phụ nữ mang thai,Đỗ Hồng Ngọc,"Nếu trẻ kêu lên được có lẽ chỉ kêu một tiếng: “Mẹ ơi con cần mẹ, cần vòng tay của cha, bờ vai của cha...”            (BS. Đỗ Hồng Ngọc. Lời ngỏ: “Viết cho các bà mẹ sinh con đầu lòng”)Ai chẳng có lâ...",96000,NXB Tổng Hợp TP. HCM,2020-06-02 00:00:00,14.5 x 20.5 cm,Bìa mềm,408,Nhà Xuất Bản Tổng hợp TP.HCM,,
11,Mang Thai Sinh Nở Và Nuôi Con Khỏe Mạnh  Cuốn Sách Về Mang Thai Được Tìm Kiếm Nhiều Nhất Tại Hàn Quốc,https://salt.tikicdn.com/cache/280x280/ts/product/48/cc/1d/16091c5a41033f89dc92342b0f550511.jpg,Phụ nữ mang thai,Kim Geon Oh,"Mang Thai Sinh Nở Và Nuôi Con Khỏe Mạnh Cuốn sách về mang thai được tìm kiếm nhiều nhất tại Hàn Quốc. Tất cả những kiến thức chuẩn mực nhất về mang thai sinh nở, nuôi con mà các bác sĩ chuyên khoa sản...",189100,BIZBOOKS,2020-10-15 00:00:00,17 x 24 cm,Bìa mềm,384,Nhà Xuất Bản Hồng Đức,Nguyễn Thủy Giang,
12,Chào Đón Một Thiên Thần,https://salt.tikicdn.com/cache/280x280/ts/product/84/44/a9/9c4baf5eae6f4377bfea90e7621b02e7.jpg,Phụ nữ mang thai,Claire Plimmer,"Trở thành cha mẹ là một cột mốc rất quan trọng trong cuộc đời con người!Cuộc sống của bạn sắp có những “biến động” lớn lao, vậy mà những thông tin xung quanh quá nhiều và ập tới dồn dập, khiến bạn d...",59500,Đinh Tị,2020-03-02 00:00:00,"12,5x17,5 cm",Bìa mềm,,Nhà Xuất Bản Thanh Niên,,
13,Mang Thai Theo Thực Dưỡng,https://salt.tikicdn.com/cache/280x280/media/catalog/product/i/m/img227_9.jpg,Phụ nữ mang thai,Nguyễn Trung - Phạm Thị Ngọc Trâm,Mang Thai Theo Thực Dưỡng Làm thế nào chúng ta có thể có được và duy trì một sức khỏe tốt? Các nhà thông thái cổ xưa từng dạy rằng câu trả lời nằm trong chính bữa ăn hàng ngày của chúng ta. Họ dạy ta...,50000,Công ty TNHH TM & DV Văn Hóa Hương Trang,2014-12-10 00:00:00,13 x 19 cm,Bìa mềm,223,Nhà Xuất Bản Văn Hoá Thông Tin,,
14,Combo Sổ Tay Mẹ Bầu + Âm Nhạc Thai Gíao - Càng Nghe Càng Thông Minh + Tặng Kèm Bookmark PĐ,https://salt.tikicdn.com/cache/280x280/ts/product/7a/52/7c/9a243e55e04d81220491a2dd409c414a.jpg,Phụ nữ mang thai,"Lý Lợi,Ngọc Ánh","Combo Sổ Tay Mẹ Bầu + Âm Nhạc Thai Gíao - Càng Nghe Càng Thông Minh + Tặng Kèm Bookmark PĐ1, Sổ Tay Mẹ Bầu“Trong cuốn sách nhỏ này, các bạn sẽ tìm thấy:1. Kiến thức đáng tin cậy về thai kỳ được viế...",107002,Nhã Nam,,,Bìa mềm,,,,
15,Phương Pháp Khôn Ngoan Đẻ Nuôi Dạy Con Thông Minh,https://salt.tikicdn.com/cache/280x280/ts/product/cf/b7/d5/06e56f3317a6659a23fee7fbff9a243d.jpg,Phụ nữ mang thai,Phạm Linh,"Bất cứ một bậc cha mẹ nào cũng đều cảm thấy vui mừng khi biết rằng con mình là một đứa trẻ có “tiềm năng”. Đó có thể là tiềm năng trong học tập, trong thể thao hay trong một lĩnh vực xã hội khác và bạ...",102000, Hồng Đức,,,,,,,
16,Combo sách thai giáo theo chuyên gia và  hành trình thai giáo 280 ngày tặng truyện song ngữ bìa mềm hai nàng công chúa,https://salt.tikicdn.com/cache/280x280/ts/product/4d/44/45/cb79a8d10d6d327bace09024bdc1dc30.jpg,Phụ nữ mang thai,Hán Trúc,"Hành Trình Thai Giáo 280 NgàyThai giáo theo nghĩa rộng chính là thông qua chế độ dinh dưỡng, môi trường và tinh thần để thúc đẩy sự phát triển toàn diện của trẻ. Theo nghĩa hẹp thai giáo là căn cứ và...",162200,Minh Long,,<p>17x23</p>,Bìa mềm,204,Nhà Xuất Bản Phụ Nữ,,
17,Combo Tri Thức Thai Sản Bà Bầu Cần Biết Và Thai Giáo Theo Chuyên Gia 280 Ngày TẶNG 365 Ngày Cùng Con Phát Triển Trí Tuệ (1 Chủ Đề Ngẫu Nhiên),https://salt.tikicdn.com/cache/280x280/ts/product/ee/fe/ec/8f9625d476baeb7f3b1cd139438931c4.jpg,Phụ nữ mang thai,Nhiều Tác Giả,"TẶNG sách 365 Ngày Phát Triển Trí Tuệ Cùng Con Khi Mua Combo Sách Tri Thức THAI SẢN Bà Bầu cần BiếtVới những mẩu truyện nhỏ, câu hỏi lý thú gây bất ngờ, những vần thơ và hình vẽ sống động, bộ sách “3...",174400,Minh Long,,,Bìa mềm,,,,
18,Thai Kỳ An Vui (Tái Bản),https://salt.tikicdn.com/cache/280x280/ts/product/a6/79/9e/842c9eb27a2db04226bb8fc38208c0b7.jpg,Phụ nữ mang thai,BS. Lê Tiểu My,"Trong thời gian mang thai, có nhiều điều khác lạ xuất hiện trong cơ thể, trong tâm hồn, trong tình cảm của bà mẹ. Đôi khi, những điều này làm cho cả vợ chồng đều lo lắng và mong muốn được giải đáp rõ ...",95500,Nhà xuất bản Tổng hợp TP.HCM ,2021-04-15 00:00:00,17 x 17 cm,Bìa mềm,162,Nhà Xuất Bản Tổng hợp TP.HCM,,
19,Chuẩn Bị Cho Một Thai Kì Khỏe Mạnh Và Chào Đón Bé Yêu,https://salt.tikicdn.com/cache/280x280/ts/product/d2/1a/f8/964d2764314951640c21bc6021a0f980.jpg,Phụ nữ mang thai,Phạm Linh,"Chuẩn Bị Cho Một Thai Kì Khỏe Mạnh Và Chào Đón Bé YêuMang thai một đứa trẻ thật vô cùng kì diệu. Điều kì diệu ấy bắt đầu từ khi trứng được thụ tinh, giống như một hạt giống nhỏ chờ đợi bén rễ nảy mầm...",197200,Minh Long,2019-04-01 16:04:43,<p>17 x 23 cm</p>,Bìa mềm,562,,Đỗ Thu Thủy,
20,Combo sổ tay mẹ bầu +thai giáo phương pháp khoa học dạy con từ trong bụng mẹ+thai giáo theo chuyên gia 280 ngày (bản đặc biệt tặng kèm bookmark AHA),https://salt.tikicdn.com/cache/280x280/ts/product/ac/cc/6c/d9aa9a8bc037d420c19d61c535f52b97.jpg,Phụ nữ mang thai,Nhiều Tác Giả,"Sổ Tay Mẹ Bầu“Trong cuốn sách nhỏ này, các bạn sẽ tìm thấy:1. Kiến thức đáng tin cậy về thai kỳ được viết dưới dạng hỏi - đáp ngắn gọn nhưng đầy đủ;2. Kinh nghiệm thực tế từ các bà mẹ, điều mà bạn ...",253501,Nhiều công ty phát hành,,,Bìa mềm,526,,,
21,Có Một Em Bé Trong Bụng Mẹ,https://salt.tikicdn.com/cache/280x280/ts/product/ef/ca/6b/487ec948994dc4c0c06cffe73f4e6705.jpg,Phụ nữ mang thai,Anna Herzog,"Trẻ con luôn có những thứ tò mò “kỳ lạ đến khó hiểu”. Chúng có những suy nghĩ rất ngây ngô, đơn giản nhưng đôi khi chúng lại có nhiều câu hỏi hơn người lớn rất nhiều.Chẳng hạn như khi mẹ có em bé, vô ...",48380,Thái Hà,2021-01-12 00:00:00,19 x 25 cm,Bìa mềm,40,Nhà Xuất Bản Lao Động,Vũ Anh Tú,
22,Combo : Tri Thức Thai Sản Bà Bầu Cần Biết + Bách Khoa Thai Nghén Sinh Nở Và Chăm Sóc Bé,https://salt.tikicdn.com/cache/280x280/ts/product/ab/f3/ec/e1e4b95c9f891144cc35eef65a939cf3.jpg,Phụ nữ mang thai,Nhiều Tác Giả,COMBO : TRI THỨC THAI SẢN BÀ BẦU CẦN BIẾT + BÁCH KHOA THAI NGHÉN SINH NỞ VÀ CHĂM SÓC BÉMã sản phẩm: 89362440Tác giả : Dịch giả :NXB: NXB Phụ nữ Kích thước : 16x23cmNăm xuất bản : 2018 Khối lư...,173500,Minh Long,2019-05-10 17:07:18,,Bìa mềm,1000,,,
23,Combo Sách: Hành Trình Thai Giáo 280 Ngày Mỗi Ngày Đọc 1 Trang + Mang Thai Thành Công - 280 Ngày Mỗi Ngày Đọc 1 Trang,https://salt.tikicdn.com/cache/280x280/ts/product/8d/a4/a2/952f6d4d59d2b62cb8fca8402c0d8c78.jpg,Phụ nữ mang thai,Hán Trúc,"Mang Thai Thành Công - 280 Ngày Mỗi Ngày Đọc 1 Trang“Bao ngày ngóng trông, mùa xuân sắp đến...”, quá trình mang thai được ví như một “mùa xuân” đặc biệt trong cuộc đời, bạn sẽ thấy mọi...",126000,Minh Long,,<p>17 x 23 cm</p>,Bìa mềm,204,,,
24,Combo Âm Nhạc Thai Giáo - Càng Nghe Càng Thông Minh + Thai Giáo Theo Chuyên Gia 280 Ngày + Tặng Kèm Bookmark PĐ,https://salt.tikicdn.com/cache/280x280/ts/product/ab/6a/4d/8e227b50ffa633684dfb33d0e3614815.jpg,Phụ nữ mang thai,"Lý Lợi,Trạch Quế Vinh",Combo Âm Nhạc Thai Giáo - Càng Nghe Càng Thông Minh + Thai Giáo Theo Chuyên Gia 280 Ngày + Tặng Kèm Bookmark PĐ 1. Âm Nhạc Thai Giáo - Càng Nghe Càng Thông MinhThai giáo theo nghĩa rộng chính là th...,128000,Minh Long,,,Bìa mềm,,,,
25,Combo Âm Nhạc Thai Giáo - Càng Nghe Càng Thông Minh + Thai Giáo Theo Chuyên Gia 280 Ngày + Tặng Kèm Bookmark AHA,https://salt.tikicdn.com/cache/280x280/ts/product/ab/6a/4d/f844b1472d25bfec10676cb159d07011.jpg,Phụ nữ mang thai,"Trạch Quế Vinh,Lý Lợi",Combo Âm Nhạc Thai Giáo - Càng Nghe Càng Thông Minh + Thai Giáo Theo Chuyên Gia 280 Ngày + Tặng Kèm Bookmark AHA 1. Âm Nhạc Thai Giáo - Càng Nghe Càng Thông MinhThai giáo theo nghĩa rộng chính là t...,142500,Minh Long,,,Bìa mềm,,,,
26,COMBO TRI THỨC THAI SẢN + THAI GIÁO THEO CHUYÊN GIA + BÁCH KHOA NUÔI DẠY TRẺ TỪ 0-3,https://salt.tikicdn.com/cache/280x280/ts/product/ce/88/3e/5943d00d2c035c62d88f0782285e7b65.jpg,Phụ nữ mang thai,Nhiều Tác Giả,COMBO TRI THỨC THAI SẢN + THAI GIÁO THEO CHUYÊN GIA + BÁCH KHOA NUÔI DẠY TRẺ TỪ 0-3Mã sản phẩm: 89362549Tác giả : Dịch giả :NXB: NXB Phụ nữ Kích thước : 16x23cmNăm xuất bản : 2019Số trang : 10...,200502,Minh Long,2019-05-10 16:53:14,,Bìa mềm,1000,,,
27,Combo 6Q: Lần Đầu Làm Bố + Lần Đầu Làm Mẹ + Thai Giáo Theo Chuyên Gia - 280 Ngày - Mỗi Ngày Đọc Một Trang + Để Con Được Ốm + Bách Khoa Thai Nghén - Sinh Nở Và Chăm Sóc Em Bé + Bác Sĩ Riêng Của Bé Yêu - Chào Con! Ba Mẹ Đã Sẵn Sàng (Tái Bản),https://salt.tikicdn.com/cache/280x280/ts/product/54/6e/ee/ea6f516cbdfd7f28cfcbf003853a26fe.jpg,Phụ nữ mang thai,Nhiều Tác Giả,Combo 6 Cuốn Sách Về Thai Nhi và Cẩm Nang Nuôi Con Cho Cha Mẹ: Lần Đầu Làm Bố + Lần Đầu Làm Mẹ + Thai Giáo Theo Chuyên Gia - 280 Ngày - Mỗi Ngày Đọc Một Trang + Để Con Được Ốm + Bách Khoa Thai Nghén -...,662500,Thái Hà,,,Bìa mềm,,Nhà Xuất Bản Lao Động,,
28,Combo Sách Bách Khoa Thai Nghén - Sinh Nở Và Chăm Sóc Em Bé + Bách Khoa Nuôi Dạy Trẻ Từ 0 - 3 Tuổi - (Tặng Kèm Bookmark Thiết Kế),https://salt.tikicdn.com/cache/280x280/ts/product/bb/5a/29/00f8abcfeaea0a68339e874e8b367b8a.jpg,Phụ nữ mang thai,Nhiều Tác Giả,"Bách Khoa Thai Nghén - Sinh Nở Và Chăm Sóc Em BéHành trình của một sinh mệnh bắt đầu từ khi trứng được thụ tinh, chui vào trong tử cung của người mẹ và trưởng thành. Giống như ươm một mầm cây từ tron...",153500,Minh Long,,<p>20*25cm</p>,Bìa mềm,,,,
29,Điều Dưỡng Sản Phụ Sau Khi Sinh,https://salt.tikicdn.com/cache/280x280/media/catalog/product/i/m/img001.u5465.d20170817.t111127.170136.jpg,Phụ nữ mang thai,Ngọc Lân," Điều Dưỡng Sản Phụ Sau Khi Sinh  là có sách có nội dung nhằm mục đích đáp ứng nhu cầu của nhiều bạn trẻ, giới thiệu vê cách điêu dưỡng sản phụ sau sinh.     Trong đó chủ yếu giới thiệu cách chăm sóc ...",10000,Nhà sách Minh Trung,2004-08-10 00:00:00,9 x 14 cm,Bìa mềm,143,,,
30,COMBO : TRI THỨC THAI SẢN + MANG THAI THÀNH CÔNG + BÁCH KHOA NUÔI DẠY TRẺ TỪ 0-3 TUỔI,https://salt.tikicdn.com/cache/280x280/ts/product/04/5e/1c/1658a27f13568d482eba3ab6f9477266.jpg,Phụ nữ mang thai,Nhiều Tác Giả,COMBO : TRI THỨC THAI SẢN + MANG THAI THÀNH CÔNG + BÁCH KHOA NUÔI DẠY TRẺ TỪ 0-3 TUỔIMã sản phẩm: 89362518Tác giả :  NXB: NXB Phụ nữ Kích thước : 16x23cmNăm xuất bản : 2019Số trang : 1000Khối...,207500,Minh Long,2019-05-10 16:16:47,,Bìa mềm,1000,,,
31,Combo Dành Cho Bà Bầu: Nuôi con không phải là cuộc chiến + Tri Thức Thai Sản Bà Bầu Cần Biết + Bách Khoa Thai Nghén Sinh Nở Và Chăm Sóc Em Bé Tặng Kèm truyện tranh cho bé,https://salt.tikicdn.com/cache/280x280/ts/product/d3/26/13/06efc45fe6fc588bfadf5b249c89f816.jpg,Phụ nữ mang thai,Nhiều Tác Giả,"1. Nuôi Con Không Phải Là Cuộc Chiến (Tái Bản)Bạn đã được làm mẹ, được ôm trên tay sinh linh bé bỏng của mình. Hẳn bạn đang rất băn khoăn và trăn trở với hàng ngàn thắc mắc: làm thế nào để giúp bé ...",265500,Nhiều công ty phát hành,2019-04-01 11:56:50,<p>17 x23</p>,,,,,
32,Combo Sổ Tay Mẹ Bầu + Âm Nhạc Thai Giáo - Càng Nghe Càng Thông Minh + Tặng Kèm Bookmark AHA,https://salt.tikicdn.com/cache/280x280/ts/product/cc/92/18/5dc5eb877dde23c66da1e756b07baccc.jpg,Phụ nữ mang thai,"Lý Lợi,Ngọc Ánh","Combo Sổ Tay Mẹ Bầu + Âm Nhạc Thai Gíao - Càng Nghe Càng Thông Minh + Tặng Kèm Bookmark AHA1, Sổ Tay Mẹ Bầu“Trong cuốn sách nhỏ này, các bạn sẽ tìm thấy:1. Kiến thức đáng tin cậy về thai kỳ được vi...",130000,Nhã Nam,,,Bìa mềm,,Nhà Xuất Bản Hội Nhà Văn,,
33,Combo Thai Giáo Theo Chuyên Gia Và Hành Trình Thai Giáo 280 Ngày TẶNG Sách 365 Ngày Phát Triển Trí Tuệ (1 Chủ Đề Ngẫu Nhiên),https://salt.tikicdn.com/cache/280x280/ts/product/d3/c1/dd/c5edce4d81808587f0b8e849d6b9d18a.jpg,Phụ nữ mang thai,Nhiều Tác Giả,"TẶNG sách 365 Ngày Phát Triển Trí TuệVới những mẩu truyện nhỏ, câu hỏi lý thú gây bất ngờ, những vần thơ và hình vẽ sống động, bộ sách “365 ngày phát triển IQ” đem đến các em nhỏ những giây phút thư ...",134500,Minh Long,,,Bìa mềm,,,,
34,COMBO : THAI GIÁO THEO CHUYÊN GIA + CHUẨN BỊ CHO MỘT THAI KÌ KHOẺ MẠNH,https://salt.tikicdn.com/cache/280x280/ts/product/64/0f/c4/6856b250d92a7d1b2b4f4e6757111003.jpg,Phụ nữ mang thai,Nhiều Tác Giả,COMBO : THAI GIÁO THEO CHUYÊN GIA + CHUẨN BỊ CHO MỘT THAI KÌ KHOẺ MẠNHMã sản phẩm: Chưa rõTác giả : Dịch giả :NXB: NXB Phụ nữ Kích thước : 17x23cmNăm xuất bản : 2019Số trang : 1000Khối lượng ...,273000,Minh Long,2019-05-03 16:19:21,,Bìa mềm,1000,,Nhiều dịch giả,
35,Mẹ bầu hạnh phúc ,https://salt.tikicdn.com/cache/280x280/ts/product/6d/3d/20/6d2c5b9acad0353263a51728cffdffdb.jpg,Phụ nữ mang thai,Bác sĩ Trần Thị Huyên Thảo,"Khi tạo ra các quyển sách dành cho vấn đề nuôi dưỡng và chăm sóc sức khỏe của em bé, mình lại thấy cần chia sẻ và tạo ra một quyển sách khoa học cơ bản cho các ...",98500,Công ty TNHH Phòng khám Happy Baby,2020-05-22 13:14:30,,Bìa mềm,148,Nhà Xuất Bản Văn Hóa - Văn Nghệ,,Sách có chữ ký tác giả
36,Combo hành trình thai giáo 280 ngày +sổ tay mẹ bầu +thai giáo phương pháp khoa học dạy con từ trong bụng mẹ(bản đặc biệt  tặng kèm bookmark),https://salt.tikicdn.com/cache/280x280/ts/product/f3/1a/96/b986b295396f4906879aa4bedb0df4aa.jpg,Phụ nữ mang thai,Nhiều Tác Giả,"Hành Trình Thai Giáo 280 NgàyThai giáo theo nghĩa rộng chính là thông qua chế độ dinh dưỡng, môi trường và tinh thần để thúc đẩy sự phát triển toàn diện của trẻ. Theo nghĩa hẹp thai giáo là căn cứ và...",244500,Nhiều công ty phát hành,,,Bìa mềm,526,,,
37,Combo Âm Nhạc Thai Giáo - Càng Nghe Càng Thông Minh + Hành Trình Thai Gíao 280 Ngày + Tặng Kèm Bookmark PĐ,https://salt.tikicdn.com/cache/280x280/ts/product/4c/d3/71/ee424b7941d6b79996058287706efa26.jpg,Phụ nữ mang thai,"Lý Lợi,Trạch Quế Vinh",Combo Âm Nhạc Thai Giáo - Càng Nghe Càng Thông Minh + Hành Trình Thai Gíao 280 Ngày + Tặng Kèm Bookmark PĐ 1. Âm Nhạc Thai Giáo - Càng Nghe Càng Thông MinhThai giáo theo nghĩa rộng chính là thông q...,122000,Minh Long,,,Bìa mềm,,Nhà Xuất Bản Phụ Nữ,,
38,Lần Đầu Làm Mẹ Nhẹ Như Không,https://salt.tikicdn.com/cache/280x280/ts/product/69/92/48/202330fd04c918c2c134774981237b11.jpg,Phụ nữ mang thai,Mẹ Pony,"Tuyển tập những bài viết, tranh minh họa ngộ nghĩnh mà mẹ Pony ghi lại tất tần tật những kỷ niệm đáng yêu từ khi em bé mới chào đời. Ẩn chứa bên trong đó còn là các kinh nghiệm và kiến thức hữu ích mà...",62900,Alphabooks,2020-10-01 00:00:00,13 x 20.5 cm,Bìa mềm,220,Nhà Xuất Bản Dân Trí,,
39,Combo Bí Kíp Dành Cho Mẹ Bầu,https://salt.tikicdn.com/cache/280x280/ts/product/c3/78/e5/08f85607f92f027a8f11ea7cc88e45d3.jpg,Phụ nữ mang thai," , , , , ,","Combo Bí Kíp Dành Cho Mẹ Bầu (Hành Trình Thai Giáo + Mang Thai Thành Công) 1. HÀNH TRÌNH THAI GIÁO 280 NGÀY Thai giáo theo nghĩa rộng chính là thông qua chế độ dinh dưỡng, môi trường và tinh thần để t...",142400,NXB Phụ Nữ,,,,,,,
40,Cuốn Sách Thai Giáo Cực Hay Mẹ Bầu Nên Có: Chuẩn Bị Cho Một Thai Kì Khỏe Mạnh Và Chào Đón Bé Yêu,https://salt.tikicdn.com/cache/280x280/ts/product/a4/10/65/2f6a46a42cb927887741a25eea5d110d.jpg,Phụ nữ mang thai,Phạm Linh,"Cuốn Sách Thai Giáo Cực Hay Mẹ Bầu Nên Có: Chuẩn Bị Cho Một Thai Kì Khỏe Mạnh Và Chào Đón Bé YêuMang thai một đứa trẻ thật vô cùng kì diệu. Điều kì diệu ấy bắt đầu từ khi trứng được thụ tinh, ...",191500,Minh Long,,,Bìa mềm,,,,
41,Combo Phương Pháp Montessori - Cẩm Nang Nuôi Dạy Con + Dạy Con Thông Minh Qua Các Trò Chơi + Âm Nhạc Thai Giáo - Càng Nghe Càng Thông Minh (Kèm CD),https://salt.tikicdn.com/cache/280x280/ts/product/22/3a/0e/a134fda8972baeeb8d59089165c805a0.jpg,Phụ nữ mang thai,Nhiều Tác Giả,"Phương Pháp Montessori - Cẩm Nang Nuôi Dạy ConCuốn sách giúp các bậc phụ huynh hiểu và nắm bắt có hiệu quả tinh thần thực sự của phương pháp giáo dục Montessori. Từ đó, lựa chọn được cách giáo dục ph...",195000,Minh Long,,<p>16*21</p>,,,,,
42,Combo Thai Giáo Theo ChuyÊn Gia + Mang Thai Thành Công + Bách Khoa Nuôi Dạy Trẻ Từ 0-3,https://salt.tikicdn.com/cache/280x280/ts/product/a2/33/9d/209eb9354a594f01aa920c8ef24c1995.jpg,Phụ nữ mang thai,Nhiều Tác Giả,COMBO THAI GIÁO THEO CHUY​ÊN GIA + MANG THAI THÀNH CÔNG + BÁCH KHOA NUÔI DẠY TRẺ TỪ 0-3Mã sản phẩm: 89362624Tác giả : Dịch giả :NXB: NXB Phụ nữ Kích thước : 17 X 23cmNăm xuất bản : 2019Số tran...,208000,Minh Long,2019-05-10 16:55:57,,Bìa mềm,1000,Nhà Xuất Bản Phụ Nữ,,
43,Cẩm Nang Chăm Sóc Sức Khỏe - Vóc Dáng Bà Mẹ Sau Sinh,https://salt.tikicdn.com/cache/280x280/ts/product/1c/62/4a/5ac73ce1c0b60ed21e718acb9fba9852.jpg,Phụ nữ mang thai,Huyền Linh,"VÓC DÁNG BÀ MẸ SAU SINH - CẨM NANG CHĂM SÓC SỨC KHỎE   Sách tập hợp một số kiến thức cơ bản để các mẹ có thể lấy lại vóc dáng sau sinh một cách đúng đắn, đảm bảo sức khỏe cho bản thân và không ảnh hư...",57000,NXB Hồng Đức,,,,,,,
44,"Combo sách: Hành trình thai giáo 280 ngày, Thai Giáo Theo Chuyên Gia - 280 Ngày - Mỗi Ngày Đọc Một Trang và Mang Thai Thành Công - 280 Ngày Mỗi Ngày Đọc 1 Trang - Tặng truyện song ngữ bìa mềm hai nàng công chúa",https://salt.tikicdn.com/cache/280x280/ts/product/13/18/16/0e3c97a9443878f9a3bcf73e7ec47454.jpg,Phụ nữ mang thai,Hán Trúc,"Mang Thai Thành Công - 280 Ngày Mỗi Ngày Đọc 1 Trang“Bao ngày ngóng trông, mùa xuân sắp đến...”, quá trình mang thai được ví như một “mùa xuân” đặc biệt trong cuộc đời, bạn sẽ thấy mọi...",228000,Minh Long,,<p>17x23</p>,Bìa mềm,204,,,
45,Combo Dành Cho Bà Bầu: Nuôi con không phải là cuộc chiến + Tri Thức Thai Sản Bà Bầu Cần Biết + Bách Khoa Thai Nghén Sinh Nở Và Chăm Sóc Em Bé Tặng Kèm Bookmark Gương Mặt Cảm Xúc,https://salt.tikicdn.com/cache/280x280/ts/product/99/34/01/4a0c69335e975779b0e322273fd9e9c0.jpg,Phụ nữ mang thai,Nhiều Tác Giả,"1. Nuôi Con Không Phải Là Cuộc Chiến (Tái Bản)Bạn đã được làm mẹ, được ôm trên tay sinh linh bé bỏng của mình. Hẳn bạn đang rất băn khoăn và trăn trở với hàng ngàn thắc mắc: làm thế nào để giúp bé...",279200,Nhiều công ty phát hành,,"<p> </p>
<p><span style=""color: #242424; font-size: 13px;"">17 x 23 cm</span></p>",Bìa mềm,,,,
46,Combo Cẩm Nang Thai Giáo,https://salt.tikicdn.com/cache/280x280/ts/product/b1/27/ea/054ec84cc4d9021b42c1a8fbd5a15335.jpg,Phụ nữ mang thai," , , , , ,","Combo Cẩm Nang Thai Giáo 1. Thai Giáo Theo Chuyên Gia - 280 Ngày - Mỗi Ngày Đọc Một Trang Thai giáo theo nghĩa rộng chính là thông qua chế độ dinh dưỡng, môi trường và tinh thần để thúc đẩy sự phát tr...",172500,Minh Long,,,,,,,
47,Combo Sách Tri Thức Thai Sản Bà Bầu Cần Biết + Hành Trình Thai Giáo 280 Ngày Tặng 1 cuốn truyện song ngữ ngẫu nhiên như trong hình,https://salt.tikicdn.com/cache/280x280/ts/product/0d/bc/e7/148bc21acec05343fbf632fbd18d6510.png,Phụ nữ mang thai,"Hán Trúc,Vương Nguy (chủ biên)","Tri Thức Thai Sản Bà Bầu Cần Biết - 1001 Bí Quyết Để Mẹ Tròn Con VuôngCuốn sách giải đáp những vấn đề mà bà bầu gặp phải trong thai kì đầu, thai kì giữa, thai kì cuối một cách chuyên nghiệp; đồng thờ...",183999,Minh Long,,,Bìa mềm,,,,
48,Chuyển Dạ Sinh Con Và Những Biến Chứng Thường Gặp,https://salt.tikicdn.com/cache/280x280/media/catalog/producthttps://www.fahasa.com/static/image/600x600/103038.jpg,Phụ nữ mang thai,Huyền Linh,"Chuyển Dạ Sinh Con Và Những Biến Chứng Thường Gặp   Mang thai, sinh con, chăm sóc con là thiên chức cũng như niềm hạnh phúc vô bờ bến của những người phụ nữ. Tuy nhiên đây là một quá trình ảnh hưởng ...",32760,Cty Văn Hóa Minh Lâm,,,,,Nhà Xuất Bản Hồng Đức,,
49, COMBO : THAI GIÁO THEO CHUYÊN GIA + MANG THAI THÀNH CÔNG + THỰC ĐƠN DINH DƯỠNG CHO TRẺ TỪ 0-3 TUỔI,https://salt.tikicdn.com/cache/280x280/ts/product/df/00/9d/04ce91ca69d0980d8ae2d749a89eae03.jpg,Phụ nữ mang thai,Nhiều Tác Giả,COMBO : THAI GIÁO THEO CHUYÊN GIA + MANG THAI THÀNH CÔNG + THỰC ĐƠN DINH DƯỠNG CHO TRẺ TỪ 0-3 TUỔIMã sản phẩm: 89362501Tác giả :  NXB: NXB Phụ nữ Kích thước : 16x23cmNăm xuất bản : 2019Số tran...,274000,Minh Long,2019-05-10 16:06:06,,Bìa mềm,1000,,,
50,Mang Thai Thành Công - 280 Ngày Mỗi Ngày Đọc 1 Trang Tặng Kèm Audio,https://salt.tikicdn.com/cache/280x280/ts/product/eb/be/ce/1c5b6abcea321735c0b31cabfd93c70c.jpg,Phụ nữ mang thai,Trạch Quế Vinh,"Mang Thai Thành Công - 280 Ngày Mỗi Ngày Đọc 1 Trang“Bao ngày ngóng trông, mùa xuân sắp đến...”, quá trình mang thai được ví như một “mùa xuân” đặc biệt trong cuộc đời, bạn sẽ thấy mọ...",88000,Minh Long,,"<p><span style=""color: #242424; font-family: Roboto, Helvetica, Arial, sans-serif; font-size: 13px;"">17 x 23 cm</span></p>",Bìa mềm,260,,,
51,Sách - Sổ Tay Mẹ Bầu,https://salt.tikicdn.com/cache/280x280/ts/product/04/f1/f3/a3938da946c3895140880f90fbd29c32.jpg,Phụ nữ mang thai,"Ngọc Ánh,Xuân Lê","“Trong cuốn sách nhỏ này, các bạn sẽ tìm thấy: 1. Kiến thức đáng tin cậy về thai kỳ được viết dưới dạng hỏi - đáp ngắn gọn nhưng đầy đủ; 2. Kinh nghiệm thực tế từ các bà mẹ, điều mà bạn có thể không đ...",82000,Nhã Nam,2019-12-31 21:57:41,,Bìa mềm,260,Nhà Xuất Bản Lao Động,,2019
52,Sách - Hành Trình Thai Giáo 280 Ngày,https://salt.tikicdn.com/cache/280x280/ts/product/8d/73/0e/f466efc3ee25437674165c0aeeaacbcd.jpg,Phụ nữ mang thai,Hán Trúc,Tác giả: Hán Trúc ( Chủ Biên)Dịch giả: Minh LoanThể loại: Thai giáoSố trang: 188Loại bìa: MềmKích thước: 17 x 23 cmXuất bản: NXB Phụ NữNăm phát hành: 2019 GIỚI THIỆU SÁCHThai giáo theo nghĩa...,64000,Minh Long,,,Bìa mềm,188,Nhà Xuất Bản Phụ Nữ,,
53, BOOKSET: CẨM NANG THIẾT YẾU DÀNH CHO BÀ BẦU ,https://salt.tikicdn.com/cache/280x280/ts/product/ab/58/5b/5776d4f587995f8da47f39321e0d034b.jpg,Phụ nữ mang thai,Nhiều Tác Giả,BOOKSET: CẨM NANG THIẾT YẾU DÀNH CHO BÀ BẦU (4C TRI THỨC THAI SẢN+MANG THAI THÀNH CÔNG+HÀNH TRÌNH THAI GIÁO+ÂM NHẠC THAI GIÁOMã sản phẩm: Chưa rõTác giả : Dịch giả :NXB: NXB Phụ nữ Kích thước : ...,294000,Minh Long,2019-05-03 16:44:20,,Bìa mềm,1000,,Nhiều dịch giả,
54," COMBO: HÀNH TRÌNH 1000 NGÀY MẸ VÀ BÉ + BK THAI NGHÉN, SINH NỞ + THAI GIÁO THEO CHUYÊN GIA",https://salt.tikicdn.com/cache/280x280/ts/product/33/0a/a2/d599f43d28ceaaf1167887791051799e.jpg,Phụ nữ mang thai,Nhiều Tác Giả," COMBO: HÀNH TRÌNH 1000 NGÀY MẸ VÀ BÉ + BK THAI NGHÉN, SINH NỞ + THAI GIÁO THEO CHUYÊN GIAThai giáo theo nghĩa rộng chính là thông qua chế độ dinh dưỡng, môi trường và tinh thần để thúc đẩy sự phát...",363000,Minh Long,2019-05-03 16:29:31,,Bìa mềm,1000,,Nhiều dịch giả,
55, COMBO : TRI THỨC THAI SẢN + BÁCH KHOA NUÔI DẠY TRẺ + THỰC ĐƠN DINH DƯỠNG CHO TRẺ TỪ 0-3 TUỔI,https://salt.tikicdn.com/cache/280x280/ts/product/92/bc/fc/a73cc6e615a07b764e2d7e90be73e224.jpg,Phụ nữ mang thai,Nhiều Tác Giả, COMBO : TRI THỨC THAI SẢN + BÁCH KHOA NUÔI DẠY TRẺ + THỰC ĐƠN DINH DƯỠNG CHO TRẺ TỪ 0-3 TUỔIMã sản phẩm: 89362587Tác giả : Dịch giả :NXB: NXB Phụ nữ Kích thước : 16 x 23cmNăm xuất bản : 2019...,208500,Minh Long,2019-05-10 16:50:11,,Bìa mềm,1000,,,
56,Mang Thai Sinh Nở Và Nuôi Con Khỏe Mạnh  Cuốn Sách Về Mang Thai Được Tìm Kiếm Nhiều Nhất Tại Hàn Quốc,https://salt.tikicdn.com/cache/280x280/ts/product/48/cc/1d/16091c5a41033f89dc92342b0f550511.jpg,Phụ nữ mang thai,Kim Geon Oh,"Mang Thai Sinh Nở Và Nuôi Con Khỏe Mạnh Cuốn sách về mang thai được tìm kiếm nhiều nhất tại Hàn Quốc. Tất cả những kiến thức chuẩn mực nhất về mang thai sinh nở, nuôi con mà các bác sĩ chuyên khoa sản...",189100,BIZBOOKS,2020-10-15 00:00:00,17 x 24 cm,Bìa mềm,384,Nhà Xuất Bản Hồng Đức,Nguyễn Thủy Giang,
57,Sách: Bách Khoa Thai Nghén Sinh Nở Và Chăm Sóc Em Bé - TSMB,https://salt.tikicdn.com/cache/280x280/ts/product/27/de/24/0129fe8d70e0e768a200a1fc5707bfdc.jpg,Phụ nữ mang thai,Trạch Quế Vinh,"Tác giả : Trạch Quế VinhNXB: NXB Phụ NữKích thước : 17 x 24 cmBìa : Mềm - tay gậpBách Khoa Thai Nghén, Sinh Nở Và Chăm Sóc BéHành trình của một sinh mệnh bắt đầu từ khi trứng được thụ tinh, chui ...",112000,Minh Long,,,Bìa mềm,,Nhà Xuất Bản Phụ Nữ,,
58,Rủ Chồng Thai Giáo,https://salt.tikicdn.com/cache/280x280/ts/product/02/d7/c0/ea607296a05a4cfaad186ea69a2c2b1f.jpg,Phụ nữ mang thai,Phạm Ngọc Thắng,"Thai giáo, theo cách hiểu đơn giản, là các hoạt động để giúp thai nhi phát triển tốt ngay từ khi còn trong bụng mẹ. Bằng nhiều cách khác nhau, người mẹ sẽ truyền tới thai nhi chất dinh dưỡng, trí tuệ ...",103200,Thái Hà,2021-09-01 00:00:00,13 x 19 cm,Bìa mềm,248,Nhà Xuất Bản Lao Động,,
59,COMBO THAI GIÁO THEO CHUYÊN GIA + BÁCH KHOA NUÔI DẠY TRẺ + THỰC ĐƠN DINH DƯỠNG CHO TRẺ TỪ 0-3 TUỔI,https://salt.tikicdn.com/cache/280x280/ts/product/f0/d7/62/8fee1e41038e889e66645b23459fdaa1.jpg,Phụ nữ mang thai,Nhiều Tác Giả,COMBO THAI GIÁO THEO CHUYÊN GIA + BÁCH KHOA NUÔI DẠY TRẺ + THỰC ĐƠN DINH DƯỠNG CHO TRẺ TỪ 0-3 TUỔIMã sản phẩm: 89362617Tác giả : Dịch giả :NXB: NXB Phụ nữ Kích thước : 16 x 23cmNăm xuất bản : 2...,217400,Minh Long,2019-05-10 16:47:10,,Bìa mềm,1000,,,
60,Mẹ Nhật Thai Giáo,https://salt.tikicdn.com/cache/280x280/ts/product/40/29/a5/269a540f1572ba7e6cf5c0ed4460d355.jpg,Phụ nữ mang thai,Akira Ikegawa,"Mẹ Nhật Thai Giáo“Cảm ơn con vì đã chọn bố mẹ trong số hàng triệu triệu cặp đôi trên thế giới này”, “Cảm ơn con đã đến để giúp bố mẹ trưởng thành hơn.” Đó là thông điệp mà cuốn sách muốn gửi đến với ...",52000,Thái Hà,,,Bìa mềm,160,,,
61,Thai Kỳ Khỏe Mạnh - Vượt Cạn Bình An,https://salt.tikicdn.com/cache/280x280/ts/product/c8/14/ee/80748a114569ad44e3876b4ef2e47e05.jpg,Phụ nữ mang thai,Bùi Chí Thương,"Có con là niềm vui cũng là thử thách lớn trong đời người phụ nữ bởi biết bao điều khó ngờ chờ đợi. Dù cho y học phát triển tới đâu, những thắc mắc của phụ nữ thời nào cũng như nhau: Sức khỏe như thế n...",66000,NXB Trẻ,2020-09-01 00:00:00,12 x 20 cm,Bìa mềm,178,NXB Trẻ,,
62,Sách: Chuẩn Bị Cho Một Thai Kì Khỏe Mạnh Và Chào Đón Bé Yêu - TSMB,https://salt.tikicdn.com/cache/280x280/ts/product/f4/9c/50/0fb3113f42c0d3f5d05ab8b3bb6b02d8.jpg,Phụ nữ mang thai,Phạm Linh,       Tác giả : Phạm Linh   Dịch giả :Đỗ Thu Thuỷ   NXB: NXB Phụ Nữ   Kích thước : 17 x 23 cm   Năm xuất bản : 2019   Số trang : 562   Khối lượng : 1000 grams   Bìa : bìa mềm   ...,185600,Minh Long,,,Bìa mềm,562,Nhà Xuất Bản Phụ Nữ,,
63,Combo Sách Dành Cho Mẹ Bầu: Tri Thức Thai Sản Bà Bầu Cần Biết và Hành Trình Thai Giáo 280 Ngày (Bản Đặc Biệt Tặng Kèm GreenLIfe Postcard AHA),https://salt.tikicdn.com/cache/280x280/ts/product/94/3e/ec/9b11f0a1947de79f9ebd0354ac74c2b1.jpg,Phụ nữ mang thai,Vương Nguy (chủ biên),"1.Tri Thức Thai Sản Bà Bầu Cần Biết - 1001 Bí Quyết Để Mẹ Tròn Con VuôngCuốn sách giải đáp những vấn đề mà bà bầu gặp phải trong thai kì đầu, thai kì giữa, thai kì cuối một cách chuyên nghiệp; đồng t...",175000,Minh Long,,<p>28 x 20cm</p>,Bìa mềm,188,,,
64,Viết Cho Các Bà Mẹ Sinh Con Đầu Lòng (Tái Bản 2020),https://salt.tikicdn.com/cache/280x280/ts/product/7e/57/cb/e211e87924bc3487bc6eed09840101e7.jpg,Phụ nữ mang thai,Đỗ Hồng Ngọc,"Nếu trẻ kêu lên được có lẽ chỉ kêu một tiếng: “Mẹ ơi con cần mẹ, cần vòng tay của cha, bờ vai của cha...”            (BS. Đỗ Hồng Ngọc. Lời ngỏ: “Viết cho các bà mẹ sinh con đầu lòng”)Ai chẳng có lâ...",96000,NXB Tổng Hợp TP. HCM,2020-06-02 00:00:00,14.5 x 20.5 cm,Bìa mềm,408,Nhà Xuất Bản Tổng hợp TP.HCM,,
65,Combo Sách Hay Dành Cho Mẹ Bầu : Tri Thức Thai Sản + Thai Giáo Theo Chuyên Gia + Bách Khoa Nuôi Dạy Trẻ Từ 0-3,https://salt.tikicdn.com/cache/280x280/ts/product/52/f1/5d/7dd8395fc2a1fab5cc94b6690bd9fd50.png,Phụ nữ mang thai,Nhiều Tác Giả,Combo Sách: Tri Thức Thai Sản + Thai Giáo Theo Chuyên Gia + Bách Khoa Nuôi Dạy Trẻ Từ 0-3   Tri thức thai sản bà bầu cần biết Mang thai là điều hạnh phúc nhưng song hành cũng là bao nỗi lo toa...,241503,Minh Long,2019-11-22 12:44:51,,Bìa mềm,950,Đang cập nhật,,
66,Combo thai giáo (bộ 4 cuốn),https://salt.tikicdn.com/cache/280x280/ts/product/9f/d9/34/ed85597ea216cbf5241299da1c8ffd2a.jpg,Phụ nữ mang thai,Nhiều Tác Giả,"-Hành trình thai giáo 280 ngày mỗi ngày đọc 1 trang: Thai giáo tốt có thể làm thay đổi cả cuộc đời con trẻ. Phương án thai giáo hoàn hảo mỗi ngày sẽ giúp con bạn khỏe, đẹp và thông minh.-Thai giáo th...",289000,Minh Long,,,Bìa mềm,,,,
67,"COMBO: BK THAI NGHÉN SINH NỞ, CHĂM SÓC EM BÉ + 1000 NGÀY YÊU THƯƠNG CỦA MẸ VÀ BÉ + HÀNH TRÌNH THAI GIÁO 280 NGÀY",https://salt.tikicdn.com/cache/280x280/ts/product/df/82/e2/0d9e8e22c2dbef2389ffd6420a6d3ec2.jpg,Phụ nữ mang thai,Nhiều Tác Giả,"COMBO: BK THAI NGHÉN SINH NỞ, CHĂM SÓC EM BÉ + 1000 NGÀY YÊU THƯƠNG CỦA MẸ VÀ BÉ + HÀNH TRÌNH THAI GIÁO 280 NGÀYMã sản phẩm: Chưa rõTác giả : Dịch giả :NXB: NXB Phụ nữ Kích thước : 17x23cmNăm x...",320000,Minh Long,2019-05-03 16:35:03,,Bìa mềm,1000,Nhà Xuất Bản Phụ Nữ,Nhiều dich giả,
68,Chào Đón Một Thiên Thần,https://salt.tikicdn.com/cache/280x280/ts/product/84/44/a9/9c4baf5eae6f4377bfea90e7621b02e7.jpg,Phụ nữ mang thai,Claire Plimmer,"Trở thành cha mẹ là một cột mốc rất quan trọng trong cuộc đời con người!Cuộc sống của bạn sắp có những “biến động” lớn lao, vậy mà những thông tin xung quanh quá nhiều và ập tới dồn dập, khiến bạn d...",59500,Đinh Tị,2020-03-02 00:00:00,"12,5x17,5 cm",Bìa mềm,,Nhà Xuất Bản Thanh Niên,,
69,Thai Giáo Theo Chuyên Gia - 280 Ngày - Mỗi Ngày Đọc Một Trang,https://salt.tikicdn.com/cache/280x280/ts/product/2b/86/0b/9c064381a3ca4d803debdd0734492aca.jpg,Phụ nữ mang thai,Trạch Quế Vinh,"Thai Giáo Theo Chuyên Gia - 280 Ngày - Mỗi Ngày Đọc Một Trang Thai giáo theo nghĩa rộng chính là thông qua chế độ dinh dưỡng, môi trường và tinh thần để thúc đẩy sự phát triển toàn diện của trẻ. Theo...",98000,Minh Long,2014-01-17 00:00:00,17 x 23 cm,Bìa mềm,204,,,
70,COMBO TRI THỨC THAI SẢN + THAI GIÁO THEO CHUYÊN GIA + BÁCH KHOA NUÔI DẠY TRẺ TỪ 0-3,https://salt.tikicdn.com/cache/280x280/ts/product/ce/88/3e/5943d00d2c035c62d88f0782285e7b65.jpg,Phụ nữ mang thai,Nhiều Tác Giả,COMBO TRI THỨC THAI SẢN + THAI GIÁO THEO CHUYÊN GIA + BÁCH KHOA NUÔI DẠY TRẺ TỪ 0-3Mã sản phẩm: 89362549Tác giả : Dịch giả :NXB: NXB Phụ nữ Kích thước : 16x23cmNăm xuất bản : 2019Số trang : 10...,200502,Minh Long,2019-05-10 16:53:14,,Bìa mềm,1000,,,
71,Combo : Tri Thức Thai Sản Bà Bầu Cần Biết + Bách Khoa Thai Nghén Sinh Nở Và Chăm Sóc Bé,https://salt.tikicdn.com/cache/280x280/ts/product/ab/f3/ec/e1e4b95c9f891144cc35eef65a939cf3.jpg,Phụ nữ mang thai,Nhiều Tác Giả,COMBO : TRI THỨC THAI SẢN BÀ BẦU CẦN BIẾT + BÁCH KHOA THAI NGHÉN SINH NỞ VÀ CHĂM SÓC BÉMã sản phẩm: 89362440Tác giả : Dịch giả :NXB: NXB Phụ nữ Kích thước : 16x23cmNăm xuất bản : 2018 Khối lư...,173500,Minh Long,2019-05-10 17:07:18,,Bìa mềm,1000,,,
72,Combo Sổ Tay Mẹ Bầu + Âm Nhạc Thai Gíao - Càng Nghe Càng Thông Minh + Tặng Kèm Bookmark PĐ,https://salt.tikicdn.com/cache/280x280/ts/product/7a/52/7c/9a243e55e04d81220491a2dd409c414a.jpg,Phụ nữ mang thai,"Lý Lợi,Ngọc Ánh","Combo Sổ Tay Mẹ Bầu + Âm Nhạc Thai Gíao - Càng Nghe Càng Thông Minh + Tặng Kèm Bookmark PĐ1, Sổ Tay Mẹ Bầu“Trong cuốn sách nhỏ này, các bạn sẽ tìm thấy:1. Kiến thức đáng tin cậy về thai kỳ được viế...",107002,Nhã Nam,,,Bìa mềm,,,,
73,Combo Tri Thức Thai Sản Bà Bầu Cần Biết Và Thai Giáo Theo Chuyên Gia 280 Ngày TẶNG 365 Ngày Cùng Con Phát Triển Trí Tuệ (1 Chủ Đề Ngẫu Nhiên),https://salt.tikicdn.com/cache/280x280/ts/product/ee/fe/ec/8f9625d476baeb7f3b1cd139438931c4.jpg,Phụ nữ mang thai,Nhiều Tác Giả,"TẶNG sách 365 Ngày Phát Triển Trí Tuệ Cùng Con Khi Mua Combo Sách Tri Thức THAI SẢN Bà Bầu cần BiếtVới những mẩu truyện nhỏ, câu hỏi lý thú gây bất ngờ, những vần thơ và hình vẽ sống động, bộ sách “3...",174400,Minh Long,,,Bìa mềm,,,,
74,Chuẩn Bị Cho Một Thai Kì Khỏe Mạnh Và Chào Đón Bé Yêu,https://salt.tikicdn.com/cache/280x280/ts/product/d2/1a/f8/964d2764314951640c21bc6021a0f980.jpg,Phụ nữ mang thai,Phạm Linh,"Chuẩn Bị Cho Một Thai Kì Khỏe Mạnh Và Chào Đón Bé YêuMang thai một đứa trẻ thật vô cùng kì diệu. Điều kì diệu ấy bắt đầu từ khi trứng được thụ tinh, giống như một hạt giống nhỏ chờ đợi bén rễ nảy mầm...",197200,Minh Long,2019-04-01 16:04:43,<p>17 x 23 cm</p>,Bìa mềm,562,,Đỗ Thu Thủy,
75,Chăm sóc sức khỏe trẻ em toàn diện: CHĂM SÓC EM BÉ TRƯỚC SINH- hiện đại kết hợp truyền thống,https://salt.tikicdn.com/cache/280x280/ts/product/4a/f7/18/347ab92f9614c5c05832e76fc24cd7cf.jpg,Phụ nữ mang thai,Bác sĩ Trần Thị Hoa,"Lời giới thiệuNgày nay ngành sản khoa nước ta đã phát triển vượt trội so với cách đây vài thập niên nhưng vẫn có nhiều bà mẹ mang thai xuất hiện tai biến sản khoa và những vấn đề tại lúc sinh, sinh...",156000,NXB Y Học,2020-01-09 11:06:12,,Bìa mềm,196,Nhà Xuất Bản Y học,,
76,Combo sách thai giáo theo chuyên gia và  hành trình thai giáo 280 ngày tặng truyện song ngữ bìa mềm hai nàng công chúa,https://salt.tikicdn.com/cache/280x280/ts/product/4d/44/45/cb79a8d10d6d327bace09024bdc1dc30.jpg,Phụ nữ mang thai,Hán Trúc,"Hành Trình Thai Giáo 280 NgàyThai giáo theo nghĩa rộng chính là thông qua chế độ dinh dưỡng, môi trường và tinh thần để thúc đẩy sự phát triển toàn diện của trẻ. Theo nghĩa hẹp thai giáo là căn cứ và...",162200,Minh Long,,<p>17x23</p>,Bìa mềm,204,Nhà Xuất Bản Phụ Nữ,,
77,Combo Thai Giáo Theo Chuyên Gia Và Hành Trình Thai Giáo 280 Ngày TẶNG Sách 365 Ngày Phát Triển Trí Tuệ (1 Chủ Đề Ngẫu Nhiên),https://salt.tikicdn.com/cache/280x280/ts/product/d3/c1/dd/c5edce4d81808587f0b8e849d6b9d18a.jpg,Phụ nữ mang thai,Nhiều Tác Giả,"TẶNG sách 365 Ngày Phát Triển Trí TuệVới những mẩu truyện nhỏ, câu hỏi lý thú gây bất ngờ, những vần thơ và hình vẽ sống động, bộ sách “365 ngày phát triển IQ” đem đến các em nhỏ những giây phút thư ...",134500,Minh Long,,,Bìa mềm,,,,
78,Combo Âm Nhạc Thai Giáo - Càng Nghe Càng Thông Minh + Thai Giáo Theo Chuyên Gia 280 Ngày + Tặng Kèm Bookmark PĐ,https://salt.tikicdn.com/cache/280x280/ts/product/ab/6a/4d/8e227b50ffa633684dfb33d0e3614815.jpg,Phụ nữ mang thai,"Lý Lợi,Trạch Quế Vinh",Combo Âm Nhạc Thai Giáo - Càng Nghe Càng Thông Minh + Thai Giáo Theo Chuyên Gia 280 Ngày + Tặng Kèm Bookmark PĐ 1. Âm Nhạc Thai Giáo - Càng Nghe Càng Thông MinhThai giáo theo nghĩa rộng chính là th...,128000,Minh Long,,,Bìa mềm,,,,
79,Combo Sách: Hành Trình Thai Giáo 280 Ngày Mỗi Ngày Đọc 1 Trang + Mang Thai Thành Công - 280 Ngày Mỗi Ngày Đọc 1 Trang,https://salt.tikicdn.com/cache/280x280/ts/product/8d/a4/a2/952f6d4d59d2b62cb8fca8402c0d8c78.jpg,Phụ nữ mang thai,Hán Trúc,"Mang Thai Thành Công - 280 Ngày Mỗi Ngày Đọc 1 Trang“Bao ngày ngóng trông, mùa xuân sắp đến...”, quá trình mang thai được ví như một “mùa xuân” đặc biệt trong cuộc đời, bạn sẽ thấy mọi...",126000,Minh Long,,<p>17 x 23 cm</p>,Bìa mềm,204,,,
80,Combo Âm Nhạc Thai Giáo - Càng Nghe Càng Thông Minh + Thai Giáo Theo Chuyên Gia 280 Ngày + Tặng Kèm Bookmark AHA,https://salt.tikicdn.com/cache/280x280/ts/product/ab/6a/4d/f844b1472d25bfec10676cb159d07011.jpg,Phụ nữ mang thai,"Trạch Quế Vinh,Lý Lợi",Combo Âm Nhạc Thai Giáo - Càng Nghe Càng Thông Minh + Thai Giáo Theo Chuyên Gia 280 Ngày + Tặng Kèm Bookmark AHA 1. Âm Nhạc Thai Giáo - Càng Nghe Càng Thông MinhThai giáo theo nghĩa rộng chính là t...,142500,Minh Long,,,Bìa mềm,,,,
81,Combo 6Q: Lần Đầu Làm Bố + Lần Đầu Làm Mẹ + Thai Giáo Theo Chuyên Gia - 280 Ngày - Mỗi Ngày Đọc Một Trang + Để Con Được Ốm + Bách Khoa Thai Nghén - Sinh Nở Và Chăm Sóc Em Bé + Bác Sĩ Riêng Của Bé Yêu - Chào Con! Ba Mẹ Đã Sẵn Sàng (Tái Bản),https://salt.tikicdn.com/cache/280x280/ts/product/54/6e/ee/ea6f516cbdfd7f28cfcbf003853a26fe.jpg,Phụ nữ mang thai,Nhiều Tác Giả,Combo 6 Cuốn Sách Về Thai Nhi và Cẩm Nang Nuôi Con Cho Cha Mẹ: Lần Đầu Làm Bố + Lần Đầu Làm Mẹ + Thai Giáo Theo Chuyên Gia - 280 Ngày - Mỗi Ngày Đọc Một Trang + Để Con Được Ốm + Bách Khoa Thai Nghén -...,662500,Thái Hà,,,Bìa mềm,,Nhà Xuất Bản Lao Động,,
82,Mang Thai Theo Thực Dưỡng,https://salt.tikicdn.com/cache/280x280/media/catalog/product/i/m/img227_9.jpg,Phụ nữ mang thai,Nguyễn Trung - Phạm Thị Ngọc Trâm,Mang Thai Theo Thực Dưỡng Làm thế nào chúng ta có thể có được và duy trì một sức khỏe tốt? Các nhà thông thái cổ xưa từng dạy rằng câu trả lời nằm trong chính bữa ăn hàng ngày của chúng ta. Họ dạy ta...,50000,Công ty TNHH TM & DV Văn Hóa Hương Trang,2014-12-10 00:00:00,13 x 19 cm,Bìa mềm,223,Nhà Xuất Bản Văn Hoá Thông Tin,,
83,Combo Dành Cho Bà Bầu: Nuôi con không phải là cuộc chiến + Tri Thức Thai Sản Bà Bầu Cần Biết + Bách Khoa Thai Nghén Sinh Nở Và Chăm Sóc Em Bé Tặng Kèm truyện tranh cho bé,https://salt.tikicdn.com/cache/280x280/ts/product/d3/26/13/06efc45fe6fc588bfadf5b249c89f816.jpg,Phụ nữ mang thai,Nhiều Tác Giả,"1. Nuôi Con Không Phải Là Cuộc Chiến (Tái Bản)Bạn đã được làm mẹ, được ôm trên tay sinh linh bé bỏng của mình. Hẳn bạn đang rất băn khoăn và trăn trở với hàng ngàn thắc mắc: làm thế nào để giúp bé ...",265500,Nhiều công ty phát hành,2019-04-01 11:56:50,<p>17 x23</p>,,,,,
84,Có Một Em Bé Trong Bụng Mẹ,https://salt.tikicdn.com/cache/280x280/ts/product/ef/ca/6b/487ec948994dc4c0c06cffe73f4e6705.jpg,Phụ nữ mang thai,Anna Herzog,"Trẻ con luôn có những thứ tò mò “kỳ lạ đến khó hiểu”. Chúng có những suy nghĩ rất ngây ngô, đơn giản nhưng đôi khi chúng lại có nhiều câu hỏi hơn người lớn rất nhiều.Chẳng hạn như khi mẹ có em bé, vô ...",48380,Thái Hà,2021-01-12 00:00:00,19 x 25 cm,Bìa mềm,40,Nhà Xuất Bản Lao Động,Vũ Anh Tú,
85,Combo sổ tay mẹ bầu +thai giáo phương pháp khoa học dạy con từ trong bụng mẹ+thai giáo theo chuyên gia 280 ngày (bản đặc biệt tặng kèm bookmark AHA),https://salt.tikicdn.com/cache/280x280/ts/product/ac/cc/6c/d9aa9a8bc037d420c19d61c535f52b97.jpg,Phụ nữ mang thai,Nhiều Tác Giả,"Sổ Tay Mẹ Bầu“Trong cuốn sách nhỏ này, các bạn sẽ tìm thấy:1. Kiến thức đáng tin cậy về thai kỳ được viết dưới dạng hỏi - đáp ngắn gọn nhưng đầy đủ;2. Kinh nghiệm thực tế từ các bà mẹ, điều mà bạn ...",253501,Nhiều công ty phát hành,,,Bìa mềm,526,,,
86,COMBO : THAI GIÁO THEO CHUYÊN GIA + CHUẨN BỊ CHO MỘT THAI KÌ KHOẺ MẠNH,https://salt.tikicdn.com/cache/280x280/ts/product/64/0f/c4/6856b250d92a7d1b2b4f4e6757111003.jpg,Phụ nữ mang thai,Nhiều Tác Giả,COMBO : THAI GIÁO THEO CHUYÊN GIA + CHUẨN BỊ CHO MỘT THAI KÌ KHOẺ MẠNHMã sản phẩm: Chưa rõTác giả : Dịch giả :NXB: NXB Phụ nữ Kích thước : 17x23cmNăm xuất bản : 2019Số trang : 1000Khối lượng ...,273000,Minh Long,2019-05-03 16:19:21,,Bìa mềm,1000,,Nhiều dịch giả,
87,Combo Sổ Tay Mẹ Bầu + Âm Nhạc Thai Giáo - Càng Nghe Càng Thông Minh + Tặng Kèm Bookmark AHA,https://salt.tikicdn.com/cache/280x280/ts/product/cc/92/18/5dc5eb877dde23c66da1e756b07baccc.jpg,Phụ nữ mang thai,"Lý Lợi,Ngọc Ánh","Combo Sổ Tay Mẹ Bầu + Âm Nhạc Thai Gíao - Càng Nghe Càng Thông Minh + Tặng Kèm Bookmark AHA1, Sổ Tay Mẹ Bầu“Trong cuốn sách nhỏ này, các bạn sẽ tìm thấy:1. Kiến thức đáng tin cậy về thai kỳ được vi...",130000,Nhã Nam,,,Bìa mềm,,Nhà Xuất Bản Hội Nhà Văn,,
88,Điều Dưỡng Sản Phụ Sau Khi Sinh,https://salt.tikicdn.com/cache/280x280/media/catalog/product/i/m/img001.u5465.d20170817.t111127.170136.jpg,Phụ nữ mang thai,Ngọc Lân," Điều Dưỡng Sản Phụ Sau Khi Sinh  là có sách có nội dung nhằm mục đích đáp ứng nhu cầu của nhiều bạn trẻ, giới thiệu vê cách điêu dưỡng sản phụ sau sinh.     Trong đó chủ yếu giới thiệu cách chăm sóc ...",10000,Nhà sách Minh Trung,2004-08-10 00:00:00,9 x 14 cm,Bìa mềm,143,,,
89,Mẹ bầu hạnh phúc ,https://salt.tikicdn.com/cache/280x280/ts/product/6d/3d/20/6d2c5b9acad0353263a51728cffdffdb.jpg,Phụ nữ mang thai,Bác sĩ Trần Thị Huyên Thảo,"Khi tạo ra các quyển sách dành cho vấn đề nuôi dưỡng và chăm sóc sức khỏe của em bé, mình lại thấy cần chia sẻ và tạo ra một quyển sách khoa học cơ bản cho các ...",98500,Công ty TNHH Phòng khám Happy Baby,2020-05-22 13:14:30,,Bìa mềm,148,Nhà Xuất Bản Văn Hóa - Văn Nghệ,,Sách có chữ ký tác giả
90,"Combo sách: Hành trình thai giáo 280 ngày, Thai Giáo Theo Chuyên Gia - 280 Ngày - Mỗi Ngày Đọc Một Trang và Mang Thai Thành Công - 280 Ngày Mỗi Ngày Đọc 1 Trang - Tặng truyện song ngữ bìa mềm hai nàng công chúa",https://salt.tikicdn.com/cache/280x280/ts/product/13/18/16/0e3c97a9443878f9a3bcf73e7ec47454.jpg,Phụ nữ mang thai,Hán Trúc,"Mang Thai Thành Công - 280 Ngày Mỗi Ngày Đọc 1 Trang“Bao ngày ngóng trông, mùa xuân sắp đến...”, quá trình mang thai được ví như một “mùa xuân” đặc biệt trong cuộc đời, bạn sẽ thấy mọi...",228000,Minh Long,,<p>17x23</p>,Bìa mềm,204,,,
91,Combo Sách Bách Khoa Thai Nghén - Sinh Nở Và Chăm Sóc Em Bé + Bách Khoa Nuôi Dạy Trẻ Từ 0 - 3 Tuổi - (Tặng Kèm Bookmark Thiết Kế),https://salt.tikicdn.com/cache/280x280/ts/product/bb/5a/29/00f8abcfeaea0a68339e874e8b367b8a.jpg,Phụ nữ mang thai,Nhiều Tác Giả,"Bách Khoa Thai Nghén - Sinh Nở Và Chăm Sóc Em BéHành trình của một sinh mệnh bắt đầu từ khi trứng được thụ tinh, chui vào trong tử cung của người mẹ và trưởng thành. Giống như ươm một mầm cây từ tron...",153500,Minh Long,,<p>20*25cm</p>,Bìa mềm,,,,
92,COMBO : TRI THỨC THAI SẢN + MANG THAI THÀNH CÔNG + BÁCH KHOA NUÔI DẠY TRẺ TỪ 0-3 TUỔI,https://salt.tikicdn.com/cache/280x280/ts/product/04/5e/1c/1658a27f13568d482eba3ab6f9477266.jpg,Phụ nữ mang thai,Nhiều Tác Giả,COMBO : TRI THỨC THAI SẢN + MANG THAI THÀNH CÔNG + BÁCH KHOA NUÔI DẠY TRẺ TỪ 0-3 TUỔIMã sản phẩm: 89362518Tác giả :  NXB: NXB Phụ nữ Kích thước : 16x23cmNăm xuất bản : 2019Số trang : 1000Khối...,207500,Minh Long,2019-05-10 16:16:47,,Bìa mềm,1000,,,
93,Lần Đầu Làm Mẹ Nhẹ Như Không,https://salt.tikicdn.com/cache/280x280/ts/product/69/92/48/202330fd04c918c2c134774981237b11.jpg,Phụ nữ mang thai,Mẹ Pony,"Tuyển tập những bài viết, tranh minh họa ngộ nghĩnh mà mẹ Pony ghi lại tất tần tật những kỷ niệm đáng yêu từ khi em bé mới chào đời. Ẩn chứa bên trong đó còn là các kinh nghiệm và kiến thức hữu ích mà...",62900,Alphabooks,2020-10-01 00:00:00,13 x 20.5 cm,Bìa mềm,220,Nhà Xuất Bản Dân Trí,,
94,Combo Âm Nhạc Thai Giáo - Càng Nghe Càng Thông Minh + Hành Trình Thai Gíao 280 Ngày + Tặng Kèm Bookmark PĐ,https://salt.tikicdn.com/cache/280x280/ts/product/4c/d3/71/ee424b7941d6b79996058287706efa26.jpg,Phụ nữ mang thai,"Lý Lợi,Trạch Quế Vinh",Combo Âm Nhạc Thai Giáo - Càng Nghe Càng Thông Minh + Hành Trình Thai Gíao 280 Ngày + Tặng Kèm Bookmark PĐ 1. Âm Nhạc Thai Giáo - Càng Nghe Càng Thông MinhThai giáo theo nghĩa rộng chính là thông q...,122000,Minh Long,,,Bìa mềm,,Nhà Xuất Bản Phụ Nữ,,
95,Combo hành trình thai giáo 280 ngày +sổ tay mẹ bầu +thai giáo phương pháp khoa học dạy con từ trong bụng mẹ(bản đặc biệt  tặng kèm bookmark),https://salt.tikicdn.com/cache/280x280/ts/product/f3/1a/96/b986b295396f4906879aa4bedb0df4aa.jpg,Phụ nữ mang thai,Nhiều Tác Giả,"Hành Trình Thai Giáo 280 NgàyThai giáo theo nghĩa rộng chính là thông qua chế độ dinh dưỡng, môi trường và tinh thần để thúc đẩy sự phát triển toàn diện của trẻ. Theo nghĩa hẹp thai giáo là căn cứ và...",244500,Nhiều công ty phát hành,,,Bìa mềm,526,,,
96,Cuốn Sách Thai Giáo Cực Hay Mẹ Bầu Nên Có: Chuẩn Bị Cho Một Thai Kì Khỏe Mạnh Và Chào Đón Bé Yêu,https://salt.tikicdn.com/cache/280x280/ts/product/a4/10/65/2f6a46a42cb927887741a25eea5d110d.jpg,Phụ nữ mang thai,Phạm Linh,"Cuốn Sách Thai Giáo Cực Hay Mẹ Bầu Nên Có: Chuẩn Bị Cho Một Thai Kì Khỏe Mạnh Và Chào Đón Bé YêuMang thai một đứa trẻ thật vô cùng kì diệu. Điều kì diệu ấy bắt đầu từ khi trứng được thụ tinh, ...",191500,Minh Long,,,Bìa mềm,,,,
97,Combo Dành Cho Bà Bầu: Nuôi con không phải là cuộc chiến + Tri Thức Thai Sản Bà Bầu Cần Biết + Bách Khoa Thai Nghén Sinh Nở Và Chăm Sóc Em Bé Tặng Kèm Bookmark Gương Mặt Cảm Xúc,https://salt.tikicdn.com/cache/280x280/ts/product/99/34/01/4a0c69335e975779b0e322273fd9e9c0.jpg,Phụ nữ mang thai,Nhiều Tác Giả,"1. Nuôi Con Không Phải Là Cuộc Chiến (Tái Bản)Bạn đã được làm mẹ, được ôm trên tay sinh linh bé bỏng của mình. Hẳn bạn đang rất băn khoăn và trăn trở với hàng ngàn thắc mắc: làm thế nào để giúp bé...",279200,Nhiều công ty phát hành,,"<p> </p>
<p><span style=""color: #242424; font-size: 13px;"">17 x 23 cm</span></p>",Bìa mềm,,,,
98,Combo Phương Pháp Montessori - Cẩm Nang Nuôi Dạy Con + Dạy Con Thông Minh Qua Các Trò Chơi + Âm Nhạc Thai Giáo - Càng Nghe Càng Thông Minh (Kèm CD),https://salt.tikicdn.com/cache/280x280/ts/product/22/3a/0e/a134fda8972baeeb8d59089165c805a0.jpg,Phụ nữ mang thai,Nhiều Tác Giả,"Phương Pháp Montessori - Cẩm Nang Nuôi Dạy ConCuốn sách giúp các bậc phụ huynh hiểu và nắm bắt có hiệu quả tinh thần thực sự của phương pháp giáo dục Montessori. Từ đó, lựa chọn được cách giáo dục ph...",195000,Minh Long,,<p>16*21</p>,,,,,
99,Combo Thai Giáo Theo ChuyÊn Gia + Mang Thai Thành Công + Bách Khoa Nuôi Dạy Trẻ Từ 0-3,https://salt.tikicdn.com/cache/280x280/ts/product/a2/33/9d/209eb9354a594f01aa920c8ef24c1995.jpg,Phụ nữ mang thai,Nhiều Tác Giả,COMBO THAI GIÁO THEO CHUY​ÊN GIA + MANG THAI THÀNH CÔNG + BÁCH KHOA NUÔI DẠY TRẺ TỪ 0-3Mã sản phẩm: 89362624Tác giả : Dịch giả :NXB: NXB Phụ nữ Kích thước : 17 X 23cmNăm xuất bản : 2019Số tran...,208000,Minh Long,2019-05-10 16:55:57,,Bìa mềm,1000,Nhà Xuất Bản Phụ Nữ,,
100, COMBO : TRI THỨC THAI SẢN + BÁCH KHOA NUÔI DẠY TRẺ + THỰC ĐƠN DINH DƯỠNG CHO TRẺ TỪ 0-3 TUỔI,https://salt.tikicdn.com/cache/280x280/ts/product/92/bc/fc/a73cc6e615a07b764e2d7e90be73e224.jpg,Phụ nữ mang thai,Nhiều Tác Giả, COMBO : TRI THỨC THAI SẢN + BÁCH KHOA NUÔI DẠY TRẺ + THỰC ĐƠN DINH DƯỠNG CHO TRẺ TỪ 0-3 TUỔIMã sản phẩm: 89362587Tác giả : Dịch giả :NXB: NXB Phụ nữ Kích thước : 16 x 23cmNăm xuất bản : 2019...,208500,Minh Long,2019-05-10 16:50:11,,Bìa mềm,1000,,,
101,Combo Bí Kíp Dành Cho Mẹ Bầu,https://salt.tikicdn.com/cache/280x280/ts/product/c3/78/e5/08f85607f92f027a8f11ea7cc88e45d3.jpg,Phụ nữ mang thai," , , , , ,","Combo Bí Kíp Dành Cho Mẹ Bầu (Hành Trình Thai Giáo + Mang Thai Thành Công) 1. HÀNH TRÌNH THAI GIÁO 280 NGÀY Thai giáo theo nghĩa rộng chính là thông qua chế độ dinh dưỡng, môi trường và tinh thần để t...",142400,NXB Phụ Nữ,,,,,,,
102, BOOKSET: CẨM NANG THIẾT YẾU DÀNH CHO BÀ BẦU ,https://salt.tikicdn.com/cache/280x280/ts/product/ab/58/5b/5776d4f587995f8da47f39321e0d034b.jpg,Phụ nữ mang thai,Nhiều Tác Giả,BOOKSET: CẨM NANG THIẾT YẾU DÀNH CHO BÀ BẦU (4C TRI THỨC THAI SẢN+MANG THAI THÀNH CÔNG+HÀNH TRÌNH THAI GIÁO+ÂM NHẠC THAI GIÁOMã sản phẩm: Chưa rõTác giả : Dịch giả :NXB: NXB Phụ nữ Kích thước : ...,294000,Minh Long,2019-05-03 16:44:20,,Bìa mềm,1000,,Nhiều dịch giả,
103,Cẩm Nang Chăm Sóc Sức Khỏe - Vóc Dáng Bà Mẹ Sau Sinh,https://salt.tikicdn.com/cache/280x280/ts/product/1c/62/4a/5ac73ce1c0b60ed21e718acb9fba9852.jpg,Phụ nữ mang thai,Huyền Linh,"VÓC DÁNG BÀ MẸ SAU SINH - CẨM NANG CHĂM SÓC SỨC KHỎE   Sách tập hợp một số kiến thức cơ bản để các mẹ có thể lấy lại vóc dáng sau sinh một cách đúng đắn, đảm bảo sức khỏe cho bản thân và không ảnh hư...",57000,NXB Hồng Đức,,,,,,,
104,Chuyển Dạ Sinh Con Và Những Biến Chứng Thường Gặp,https://salt.tikicdn.com/cache/280x280/media/catalog/producthttps://www.fahasa.com/static/image/600x600/103038.jpg,Phụ nữ mang thai,Huyền Linh,"Chuyển Dạ Sinh Con Và Những Biến Chứng Thường Gặp   Mang thai, sinh con, chăm sóc con là thiên chức cũng như niềm hạnh phúc vô bờ bến của những người phụ nữ. Tuy nhiên đây là một quá trình ảnh hưởng ...",32760,Cty Văn Hóa Minh Lâm,,,,,Nhà Xuất Bản Hồng Đức,,
105,Sách: Chuẩn Bị Cho Một Thai Kì Khỏe Mạnh Và Chào Đón Bé Yêu - TSMB,https://salt.tikicdn.com/cache/280x280/ts/product/f4/9c/50/0fb3113f42c0d3f5d05ab8b3bb6b02d8.jpg,Phụ nữ mang thai,Phạm Linh,       Tác giả : Phạm Linh   Dịch giả :Đỗ Thu Thuỷ   NXB: NXB Phụ Nữ   Kích thước : 17 x 23 cm   Năm xuất bản : 2019   Số trang : 562   Khối lượng : 1000 grams   Bìa : bìa mềm   ...,185600,Minh Long,,,Bìa mềm,562,Nhà Xuất Bản Phụ Nữ,,
106,"COMBO: BK THAI NGHÉN SINH NỞ, CHĂM SÓC EM BÉ + 1000 NGÀY YÊU THƯƠNG CỦA MẸ VÀ BÉ + HÀNH TRÌNH THAI GIÁO 280 NGÀY",https://salt.tikicdn.com/cache/280x280/ts/product/df/82/e2/0d9e8e22c2dbef2389ffd6420a6d3ec2.jpg,Phụ nữ mang thai,Nhiều Tác Giả,"COMBO: BK THAI NGHÉN SINH NỞ, CHĂM SÓC EM BÉ + 1000 NGÀY YÊU THƯƠNG CỦA MẸ VÀ BÉ + HÀNH TRÌNH THAI GIÁO 280 NGÀYMã sản phẩm: Chưa rõTác giả : Dịch giả :NXB: NXB Phụ nữ Kích thước : 17x23cmNăm x...",320000,Minh Long,2019-05-03 16:35:03,,Bìa mềm,1000,Nhà Xuất Bản Phụ Nữ,Nhiều dich giả,
107,Combo Sách Tri Thức Thai Sản Bà Bầu Cần Biết + Hành Trình Thai Giáo 280 Ngày Tặng 1 cuốn truyện song ngữ ngẫu nhiên như trong hình,https://salt.tikicdn.com/cache/280x280/ts/product/0d/bc/e7/148bc21acec05343fbf632fbd18d6510.png,Phụ nữ mang thai,"Hán Trúc,Vương Nguy (chủ biên)","Tri Thức Thai Sản Bà Bầu Cần Biết - 1001 Bí Quyết Để Mẹ Tròn Con VuôngCuốn sách giải đáp những vấn đề mà bà bầu gặp phải trong thai kì đầu, thai kì giữa, thai kì cuối một cách chuyên nghiệp; đồng thờ...",183999,Minh Long,,,Bìa mềm,,,,
108,Mang Thai Thành Công - 280 Ngày Mỗi Ngày Đọc 1 Trang Tặng Kèm Audio,https://salt.tikicdn.com/cache/280x280/ts/product/eb/be/ce/1c5b6abcea321735c0b31cabfd93c70c.jpg,Phụ nữ mang thai,Trạch Quế Vinh,"Mang Thai Thành Công - 280 Ngày Mỗi Ngày Đọc 1 Trang“Bao ngày ngóng trông, mùa xuân sắp đến...”, quá trình mang thai được ví như một “mùa xuân” đặc biệt trong cuộc đời, bạn sẽ thấy mọ...",88000,Minh Long,,"<p><span style=""color: #242424; font-family: Roboto, Helvetica, Arial, sans-serif; font-size: 13px;"">17 x 23 cm</span></p>",Bìa mềm,260,,,
109,Sách - Hành Trình Thai Giáo 280 Ngày,https://salt.tikicdn.com/cache/280x280/ts/product/8d/73/0e/f466efc3ee25437674165c0aeeaacbcd.jpg,Phụ nữ mang thai,Hán Trúc,Tác giả: Hán Trúc ( Chủ Biên)Dịch giả: Minh LoanThể loại: Thai giáoSố trang: 188Loại bìa: MềmKích thước: 17 x 23 cmXuất bản: NXB Phụ NữNăm phát hành: 2019 GIỚI THIỆU SÁCHThai giáo theo nghĩa...,64000,Minh Long,,,Bìa mềm,188,Nhà Xuất Bản Phụ Nữ,,
110,Combo Cẩm Nang Thai Giáo,https://salt.tikicdn.com/cache/280x280/ts/product/b1/27/ea/054ec84cc4d9021b42c1a8fbd5a15335.jpg,Phụ nữ mang thai," , , , , ,","Combo Cẩm Nang Thai Giáo 1. Thai Giáo Theo Chuyên Gia - 280 Ngày - Mỗi Ngày Đọc Một Trang Thai giáo theo nghĩa rộng chính là thông qua chế độ dinh dưỡng, môi trường và tinh thần để thúc đẩy sự phát tr...",172500,Minh Long,,,,,,,
111,Rủ Chồng Thai Giáo,https://salt.tikicdn.com/cache/280x280/ts/product/02/d7/c0/ea607296a05a4cfaad186ea69a2c2b1f.jpg,Phụ nữ mang thai,Phạm Ngọc Thắng,"Thai giáo, theo cách hiểu đơn giản, là các hoạt động để giúp thai nhi phát triển tốt ngay từ khi còn trong bụng mẹ. Bằng nhiều cách khác nhau, người mẹ sẽ truyền tới thai nhi chất dinh dưỡng, trí tuệ ...",103200,Thái Hà,2021-09-01 00:00:00,13 x 19 cm,Bìa mềm,248,Nhà Xuất Bản Lao Động,,
112," COMBO: HÀNH TRÌNH 1000 NGÀY MẸ VÀ BÉ + BK THAI NGHÉN, SINH NỞ + THAI GIÁO THEO CHUYÊN GIA",https://salt.tikicdn.com/cache/280x280/ts/product/33/0a/a2/d599f43d28ceaaf1167887791051799e.jpg,Phụ nữ mang thai,Nhiều Tác Giả," COMBO: HÀNH TRÌNH 1000 NGÀY MẸ VÀ BÉ + BK THAI NGHÉN, SINH NỞ + THAI GIÁO THEO CHUYÊN GIAThai giáo theo nghĩa rộng chính là thông qua chế độ dinh dưỡng, môi trường và tinh thần để thúc đẩy sự phát...",363000,Minh Long,2019-05-03 16:29:31,,Bìa mềm,1000,,Nhiều dịch giả,
113, COMBO : THAI GIÁO THEO CHUYÊN GIA + MANG THAI THÀNH CÔNG + THỰC ĐƠN DINH DƯỠNG CHO TRẺ TỪ 0-3 TUỔI,https://salt.tikicdn.com/cache/280x280/ts/product/df/00/9d/04ce91ca69d0980d8ae2d749a89eae03.jpg,Phụ nữ mang thai,Nhiều Tác Giả,COMBO : THAI GIÁO THEO CHUYÊN GIA + MANG THAI THÀNH CÔNG + THỰC ĐƠN DINH DƯỠNG CHO TRẺ TỪ 0-3 TUỔIMã sản phẩm: 89362501Tác giả :  NXB: NXB Phụ nữ Kích thước : 16x23cmNăm xuất bản : 2019Số tran...,274000,Minh Long,2019-05-10 16:06:06,,Bìa mềm,1000,,,
114,COMBO THAI GIÁO THEO CHUYÊN GIA + BÁCH KHOA NUÔI DẠY TRẺ + THỰC ĐƠN DINH DƯỠNG CHO TRẺ TỪ 0-3 TUỔI,https://salt.tikicdn.com/cache/280x280/ts/product/f0/d7/62/8fee1e41038e889e66645b23459fdaa1.jpg,Phụ nữ mang thai,Nhiều Tác Giả,COMBO THAI GIÁO THEO CHUYÊN GIA + BÁCH KHOA NUÔI DẠY TRẺ + THỰC ĐƠN DINH DƯỠNG CHO TRẺ TỪ 0-3 TUỔIMã sản phẩm: 89362617Tác giả : Dịch giả :NXB: NXB Phụ nữ Kích thước : 16 x 23cmNăm xuất bản : 2...,217400,Minh Long,2019-05-10 16:47:10,,Bìa mềm,1000,,,
115,Sách - Sổ Tay Mẹ Bầu,https://salt.tikicdn.com/cache/280x280/ts/product/04/f1/f3/a3938da946c3895140880f90fbd29c32.jpg,Phụ nữ mang thai,"Ngọc Ánh,Xuân Lê","“Trong cuốn sách nhỏ này, các bạn sẽ tìm thấy: 1. Kiến thức đáng tin cậy về thai kỳ được viết dưới dạng hỏi - đáp ngắn gọn nhưng đầy đủ; 2. Kinh nghiệm thực tế từ các bà mẹ, điều mà bạn có thể không đ...",82000,Nhã Nam,2019-12-31 21:57:41,,Bìa mềm,260,Nhà Xuất Bản Lao Động,,2019
116,COMBO : THAI GIÁO THEO CHUYÊN GIA + BÁCH KHOA THAI NGHÉN + THỰC ĐƠN DINH DƯỠNG CHO TRẺ TỪ 0-3 TUỔI,https://salt.tikicdn.com/cache/280x280/ts/product/ad/b3/47/4b9f80da9081ce622c1c3b5acc5ce428.jpg,Phụ nữ mang thai,Nhiều Tác Giả,COMBO : THAI GIÁO THEO CHUYÊN GIA + BÁCH KHOA THAI NGHÉN + THỰC ĐƠN DINH DƯỠNG CHO TRẺ TỪ 0-3 TUỔIMã sản phẩm: 89362570Tác giả :  NXB: NXB Phụ nữ Kích thước : 17x23cmNăm xuất bản : 2019Số tran...,267900,Minh Long,2019-05-10 16:02:12,"<p><span style=""color: #444444; font-family: brandon_textregular;"">17x23cm</span></p>",Bìa mềm,1000,,,
117,Sách: Bách Khoa Thai Nghén Sinh Nở Và Chăm Sóc Em Bé - TSMB,https://salt.tikicdn.com/cache/280x280/ts/product/27/de/24/0129fe8d70e0e768a200a1fc5707bfdc.jpg,Phụ nữ mang thai,Trạch Quế Vinh,"Tác giả : Trạch Quế VinhNXB: NXB Phụ NữKích thước : 17 x 24 cmBìa : Mềm - tay gậpBách Khoa Thai Nghén, Sinh Nở Và Chăm Sóc BéHành trình của một sinh mệnh bắt đầu từ khi trứng được thụ tinh, chui ...",112000,Minh Long,,,Bìa mềm,,Nhà Xuất Bản Phụ Nữ,,
