,Tên Sách,Ảnh bìa,Thể loại,Tác giả,Nội dung tóm tắt,Giá bìa,Công ty phát hành,Ngày xuất bản,Kích thước,Loại bìa,Số trang,Nhà xuất bản,Dịch Giả,Phiên bản,Lưu ý,Thương hiệu,Xuất xứ thương hiệu,Xuất xứ,Chất liệu,Model,Trọng lượng,Size người mẫu mặc
0,,,,,,,,,,,,,,,,,,,,,,
1,Thần Số Học Ứng Dụng,https://salt.tikicdn.com/cache/280x280/ts/product/81/47/55/75dec2ab26549c43e2a08bcbfdf8c295.jpg,TỬ VI - CHIÊM TINH,Joy Woodward,"Mỗi cái tên, mỗi ngày tháng và mỗi con số đều mang những ý nghĩa riêng và có thể giúp bạn hiểu sâu sắc hơn về bản thân, các mối quan hệ và số phận của mình.Bạn có từng băn khoăn khi tình cờ nhìn thấy...",79980,Booklife,2020-12-01 00:00:00,13 x 20 cm,Bìa mềm,280,Nhà Xuất Bản Thanh Niên,1980Books,,,,,,,,,
2,Tiểu Vũ Trụ - Tô Màu Thế Giới 12 Chòm Sao,https://salt.tikicdn.com/cache/280x280/ts/product/e5/4d/2e/ca4d26fe46e5ce5d60c9ee995745d6be.jpg,TỬ VI - CHIÊM TINH,Mèo Vũ Trụ,"Mỗi người được sinh ra với một hình hài, một tính cách sơ khai ban đầu được che chở bởi một chòm sao chiếu mệnh. Quá trình lớn lên, những người ta gặp được, những trải nghiệm vui buồn, những xúc cảm t...",79000,Asbooks,2021-03-01 00:00:00,16 x 20 cm,Bìa mềm,152,Nhà Xuất Bản Thế Giới,Minh họa: Cún,,,,,,,,,
3,Mật Mã Thần Số Học,https://salt.tikicdn.com/cache/280x280/ts/product/20/15/fd/ed3fd60a7a4c605387d41550df4b86ca.jpg,TỬ VI - CHIÊM TINH,Glynis McCants,Mật Mã Thần Số HọcĐây là công trình khoa học với phương pháp độc đáo dựa trên hệ thống Pythagoras để tiên đoán về vận mệnh và cuộc sống con người; là cuốn sách thể loại tiên tri bán chạy nhất. Hiện tạ...,98600,Đông Nam,2019-05-01 00:00:00,13 x 20.5 cm,Bìa mềm,339,Nhà Xuất Bản Hồng Đức,,,,,,,,,,
4,Thần Số Học: Thấu Hiểu Nhân Tâm,https://salt.tikicdn.com/cache/280x280/ts/product/68/3f/47/0fc7c4b913ff75bb7b033ed039651a0c.jpg,TỬ VI - CHIÊM TINH,Tống Khánh Thượng,Bạn có từng tự hỏi bạn là ai và sinh ra trong cuộc đời để làm gì không?Bạn có từng đi tìm sứ mệnh của cuộc đời mình mà vẫn chưa thấy không?Bạn có từng thắc mắc mình thực sự muốn gì không?Nếu đang t...,84000,Thái Hà,2021-02-01 00:00:00,14.5 x 20.5 cm,Bìa mềm,238,Nhà Xuất Bản Công Thương,,,,,,,,,,
5,Sinh Trắc Vân Tay - Khám Phá Tiềm Năng Giải Mã Cuộc Đời,https://salt.tikicdn.com/cache/280x280/ts/product/68/f3/4b/fdc857477c1e5d38111abefa03262d85.jpg,TỬ VI - CHIÊM TINH,RICHARD UNGER,"Sinh Trắc Vân Tay Khám Phá Tiềm Năng Giải Mã Cuộc ĐờiVận mệnh của bạn nằm trên đôi bàn tay của bạn. Muốn lập trình vận mệnh của mình hãy giải mã những dấu vân tay. Bạn sẽ tìm ra được điểm mạnh, điểm ...",191300,BIZBOOKS,2021-01-12 00:00:00,15 x 24.5 cm,Bìa mềm,444,Nhà Xuất Bản Hồng Đức,Tôn Nữ Diệu Hạnh,,,,,,,,,
6,Đàn Ông Sao Hỏa Đàn Bà Sao Kim - Tặng kèm 1 bookmar hình ngẫu nhiên như hình,https://salt.tikicdn.com/cache/280x280/ts/product/51/25/cd/c55eab4e496101676c17b75f41131cc9.png,TỬ VI - CHIÊM TINH,John Gray,"Đàn Ông Sao Hỏa Đàn Bà Sao KimCuốn sách này thực sự đã giúp đỡ cho hàng triệu độc giả, trong đó có tôi và chắc chắn cũng sẽ có bạn. Nếu không có những ý niệm mới mẻ này thì chưa chắc tôi đã có được c...",150400,BIZBOOKS,2019-01-18 00:35:27,"<p>14,5x20,5</p>",Bìa mềm,485,,nguyễn thanh nhàn,,,,,,,,,
7,Chiêm Tinh Học Nhập Môn,https://salt.tikicdn.com/cache/280x280/ts/product/9f/8d/53/4d99a68118f302dfba16e3faa7360984.jpg,TỬ VI - CHIÊM TINH,Chiêm tinh số,"Chiêm Tinh Học Nhập MônBạn cảm thấy mình không giống một Xử Nữ, một Nhân Mã, một Kim Ngưu... cho lắm?Bạn muốn biết sau này mình có giàu không, bao giờ mình có người yêu, mình sẽ yêu người thế nào?Tất ...",82400,Asbooks,2019-01-08 00:00:00,14.5 x 20.5,Bìa mềm,176,,,,,,,,,,,
8,Mật Ngữ 12 Chòm Sao,https://salt.tikicdn.com/cache/280x280/media/catalog/product/_/m/_mg_3201_1.jpg,TỬ VI - CHIÊM TINH,Asbooks biên soạn,"Mật Ngữ 12 Chòm Sao “Vòng tròn hoàng đạo” (đường đi của Mặt Trời), tiếng Anh là Horoscope, tiếng Hy Lạp là Zodiac (vòng tròn của các linh vật), là một khái niệm Chiêm tinh học xuất phát từ Babylon cổ...",53900,Asbooks,2013-02-04 00:00:00,12.5 x 20.5 cm,Bìa mềm,295,,,,,,,,,,,
9,Sắc Hoa Niên - Tập 1,https://salt.tikicdn.com/cache/280x280/ts/product/e6/bf/d2/5c343e542479e1cc983d8cb54da19a9c.jpg,TỬ VI - CHIÊM TINH,Cô Vân Mạn Mạn,"“Gửi tới chúng ta của tương lai, để mỗi lần đọc lại sẽ luôn mỉm cười, chỉ mong đừng là mỉm cười tiếc nuối...Một Song Ngư luôn đắm mình trong thi ca, một nhà làm nghệ thuật chân chính giao cảm mãnh liệt...",58100,Asbooks,2020-03-02 00:00:00,13.5 x 20.5cm,Bìa mềm,360,Nhà Xuất Bản Thế Giới,,,,,,,,,,
10,Giải Mã 12 Chòm Sao - Khám Phá Tất Tần Tật Cung Nhân Mã (Tái Bản 2019),https://salt.tikicdn.com/cache/280x280/ts/product/4a/6a/d3/ed62f6196cd18355fac81a9c43ab73e5.jpg,TỬ VI - CHIÊM TINH,Nhiều Tác Giả,"Cùng nhau bước vào hành trình khám phá: - Những điều cực thú vị về tính cách tiềm ẩn của bạn. - Hiểu hơn về sở thích, ưu điểm, nhược điểm của bản thân. - Hoàn thiện mình bằng cách phát huy các thế mạn...",17100, NXB Kim Đồng,,,,,,,,,,,,,,,
11,Tử Bình Dễ Hiểu - Vượng Suy Pháp,https://salt.tikicdn.com/cache/280x280/ts/product/29/29/31/091c30e91df2b00136e5c0b8ec8b879a.jpg,TỬ VI - CHIÊM TINH,Alex Alpha,"Đây là cuốn sách ngắn gọn, súc tích và đầy đủ về Tử Bình, hay còn gọi là tứ trụ, bát tự với phương pháp xem mệnh cổ đại sử dụng thiên can địa chi của năm tháng ngày giờ sinh để nhận định về con người,...",199100,Sunbook,2021-05-15 00:00:00,15 x 20.5 cm,Bìa mềm,308,Nhà Xuất Bản Thế Giới,,,,,,,,,,
12,Mật Ngữ 12 Chòm Sao - Tập 2: Mật Ngữ Tình Yêu,https://salt.tikicdn.com/cache/280x280/media/catalog/product/9/7/970725_473813086039213_262516931_n.jpg,TỬ VI - CHIÊM TINH,Asbooks biên soạn,"Mật Ngữ 12 Chòm Sao - Tập 2: Mật Ngữ Tình Yêu Vậy là một mùa hè đầy sôi động và rực rỡ đã đến, chắc các bạn đều đã chuẩn cho mình kế hoạch cho một kì nghỉ hè đầy thú vị. Những chuyến du lịch lí thú, ...",61500,Asbooks,2013-06-24 00:00:00,12.5 x 20.5 cm,Bìa mềm,350,,,,,,,,,,,
13,Chiêm Tinh Học - Vận Dụng Trí Tuệ Về Các Vì Sao Vào Đời Sống,https://salt.tikicdn.com/cache/280x280/ts/product/29/e1/f8/f1ca47d1a6f41396c3df7ac01f08fab5.jpg,TỬ VI - CHIÊM TINH,Carole Taylor,"Chiêm tinh học - Vận dụng trí tuệ về các vì sao vào đời sốngChiêm tinh học - Vận dụng trí tuệ về các vì sao vào đời sống là cuốn sách giới thiệu tới bạn đọc chiêm tinh là gì thông qua các định nghĩa, ...",297500,Công Ty Cổ Phần Văn Hóa Đông A,2020-08-01 00:00:00,19.3 x 23.3 cm,Bìa cứng,256,Nhà Xuất Bản Dân Trí,AJ,,,,,,,,,
14, Combo Giải Mã 12 Chòm Sao (Tái Bản 2017),https://salt.tikicdn.com/cache/280x280/media/catalog/product/1/2/12chomsao-1.u5465.d20170913.t173553.532028.jpg,TỬ VI - CHIÊM TINH,Nhiều Tác Giả,"Combo Giải Mã 12 Chòm Sao (Tái Bản 2017) là quyển sách sẽ giúp các bạn hiểu được tính cách của bản thân, đồng nghĩa biết được bản thân nên làm gì, không nên làm gì, hợp tác với người nào thì sẽ thành ...",205200,Wings Books,2017-09-13 00:00:00,11 x 18 cm,Bìa mềm,,,,,,,,,,,,
15,Tarot Nhập Môn,https://salt.tikicdn.com/cache/280x280/media/catalog/product/t/a/ta-rot-nhap-mon-01.u53.d20170206.t165209.970068.jpg,TỬ VI - CHIÊM TINH,Kim Huggens,"Tarot Nhập Môn Tarot – bộ môn vừa mang màu sắc chiêm đoán vừa mang tính nghệ thuật. Mỗi lá bài đem đến cho bạn những thông điệp được ẩn giấu từ quá khứ, hiện tại hoặc tương lai. Từng lá bài giống như...",110000,Nhã Nam,2017-02-10 00:00:00,14 x 20.5 cm ,Bìa mềm,456,,,,,,,,,,,
16,Kim Ngưu - Tìm Hiểu Chòm Sao Taurus (21/4-21/5),https://salt.tikicdn.com/cache/280x280/ts/product/f3/bd/43/a3e77274bda0af75b4e3880784192c44.jpg,TỬ VI - CHIÊM TINH,Gia Linh,"Bộ sách ""Tìm hiểu chòm sao"" phân tích và đưa ra những nhận định liên quan tới tính cách, tương lai và vận thế cuộc đời của 12 chòm sao khác nhau trong cung Hoàng Đạo. Cách suy luận về chòm sao mà sách...",10000,NXB Hà Nội,,,,,,,,,,,,,,,
17,Giải Mã 12 Chòm Sao - Khám Phá Tất Tần Tật Cung Kim Ngưu (Tái Bản 2019),https://salt.tikicdn.com/cache/280x280/ts/product/de/67/ce/893a731f61be701ef307ef9a01aacb84.jpg,TỬ VI - CHIÊM TINH,Nhiều Tác Giả,"Cùng nhau bước vào hành trình khám phá: - Những điều cực thú vị về tính cách tiềm ẩn của bạn. - Hiểu hơn về sở thích, ưu điểm, nhược điểm của bản thân. - Hoàn thiện mình bằng cách phát huy các thế mạn...",17100, NXB Kim Đồng,,,,,,,,,,,,,,,
18,Giải Mã 12 Chòm Sao - Khám Phá Tất Tần Tật Cung Xử Nữ (Tái Bản 2019),https://salt.tikicdn.com/cache/280x280/ts/product/dc/9f/68/48a74dc204cec4fc2d0714ffbd7c8d47.jpg,TỬ VI - CHIÊM TINH,Nhiều Tác Giả,"Cùng nhau bước vào hành trình khám phá: - Những điều cực thú vị về tính cách tiềm ẩn của bạn. - Hiểu hơn về sở thích, ưu điểm, nhược điểm của bản thân. - Hoàn thiện mình bằng cách phát huy các thế mạn...",17100, NXB Kim Đồng,,,,,,,,,,,,,,,
19,Định Hướng Sự Nghiệp Theo Chiêm Tinh Học - Cung Mọc Ma Kết,https://salt.tikicdn.com/cache/280x280/ts/product/8d/79/a4/123028f42a99b539c9c3678ebc7c6544.jpg,TỬ VI - CHIÊM TINH,Nhóm Lovedia,"Bộ sách “ĐỊNH HƯỚNG SỰ NGHIỆP THEO CHIÊM TINH HỌC” ra đời với sứ mệnh giúp độc giả khám phá những tiềm năng còn ẩn giấu bên trong bản thân mình, qua đó có định hướng rõ ràng hơn về con đường lập thân,...",25000,Wings Books,2019-11-01 00:00:00,14.5 x 18.5 cm,Bìa mềm,180,,,,,,,,,,,
20,12 Cung Hành Động,https://salt.tikicdn.com/cache/280x280/ts/product/40/5e/38/3dd1aca2fd91903e095e1764fe4b1781.jpg,TỬ VI - CHIÊM TINH,Minh Nhựt,"Mỗi chúng ta sinh ra đều đã mang sinh mệnh của một ngôi sao xa xăm. Từ xửa xừa xưa, các nhà chiêm tinh đã học cách nhìn các chòm sao trên trời cao để giải mã về loài người và vạn vật, sau đó đúc kết t...",68000,NXB Kim Đồng,,,,,,,,,,,,,,,
21,Yêu Theo Cung Hoàng Đạo,https://salt.tikicdn.com/cache/280x280/media/catalog/product/y/e/yeutheocunghoangdao.u5465.d20170908.t103723.312769.jpg,TỬ VI - CHIÊM TINH,Hazel Dixon - Cooper,"Yêu Theo Cung Hoàng Đạo là quyển sách cẩm nang sinh tồn trong tình yêu của các bạn trẻ, là một quyển sách vui nhộn, thẳng thắng đi vào vấn đề sẽ giúp bạn hiểu ai là người phù hợp với bạn và ai là ngườ...",65000,Nhã Nam,2017-09-08 00:00:00,14 x 20.5 cm,Bìa mềm,334,,Trí Võ,,,,,,,,,
22,Định Hướng Sự Nghiệp Theo Chiêm Tinh Học - Cung Mọc Sư Tử,https://salt.tikicdn.com/cache/280x280/ts/product/ae/8a/4a/d93534a3d7890ef1e85c65ec01f81b2a.jpg,TỬ VI - CHIÊM TINH,Nhóm Lovedia,"Bộ sách “ĐỊNH HƯỚNG SỰ NGHIỆP THEO CHIÊM TINH HỌC” ra đời với sứ mệnh giúp độc giả khám phá những tiềm năng còn ẩn giấu bên trong bản thân mình, qua đó có định hướng rõ ràng hơn về con đường lập thân,...",28500,Wings Books,2019-11-01 00:00:00,14.5 x 18.5 cm,Bìa mềm,180,,,,,,,,,,,
23,Khám Phá Mật Ngữ 12 Chòm Sao,https://salt.tikicdn.com/cache/280x280/ts/product/fa/df/d3/f2c5749a901c2ddd30fd9de9f9f38988.jpg,TỬ VI - CHIÊM TINH,Thiện Nhân,"Khám Phá Mật Ngữ 12 Chòm Sao   Mỗi người chúng ta, ai cũng đều có khoảng không   Vlgian tâm lí vô hình, vô hạn thật phong phú và cũng thật bí ẩn. Đấy là một đặc trưng mang tính riêng tư mà khó ai dá...",32000,Cty TNHH TM&DV VH GD Phía Nam,,,,,Nhà Xuất Bản Thanh Hóa,,,,,,,,,,
24,Thiên Yết - Tìm Hiểu Chòm Sao(24/10-22/11),https://salt.tikicdn.com/cache/280x280/media/catalog/producthttps://www.fahasa.com/static/image/600x600/228138.jpg,TỬ VI - CHIÊM TINH,Gia Linh,"Bộ sách ""Tìm hiểu chòm sao"" phân tích và đưa ra những nhận định liên quan tới tính cách, tương lai và vận thế cuộc đời của 12 chòm sao khác nhau trong cung Hoàng Đạo. Cách suy luận về chòm s...",10000,Huy Hoàng Bookstore,,,,,Nhà Xuất Bản Hà Nội,,,,,,,,,,
25,Định Hướng Sự Nghiệp Theo Chiêm Tinh Học - Cung Mọc Cự Giải,https://salt.tikicdn.com/cache/280x280/ts/product/bc/81/44/d6287c021848d3543ed8fb6c4278b912.jpg,TỬ VI - CHIÊM TINH,Nhóm Lovedia,"Bộ sách “ĐỊNH HƯỚNG SỰ NGHIỆP THEO CHIÊM TINH HỌC” ra đời với sứ mệnh giúp độc giả khám phá những tiềm năng còn ẩn giấu bên trong bản thân mình, qua đó có định hướng rõ ràng hơn về con đường lập thân,...",28500,Wings Books,2019-11-01 00:00:00,14.5 x 18.5 cm,Bìa mềm,180,,,,,,,,,,,
26,Định Hướng Sự Nghiệp Theo Chiêm Tinh Học - Cung Mọc Kim Ngưu,https://salt.tikicdn.com/cache/280x280/ts/product/f7/74/ae/d73b6fde20af0887f1af096a877d67ae.jpg,TỬ VI - CHIÊM TINH,Nhóm Lovedia,"Bộ sách “ĐỊNH HƯỚNG SỰ NGHIỆP THEO CHIÊM TINH HỌC” ra đời với sứ mệnh giúp độc giả khám phá những tiềm năng còn ẩn giấu bên trong bản thân mình, qua đó có định hướng rõ ràng hơn về con đường lập thân,...",24300,Wings Books,2019-11-01 00:00:00,14.5 x 18.5 cm,Bìa mềm,180,,,,,,,,,,,
27,Hồ Sơ Tính Cách 12 Con Giáp - Bí Mật Tuổi Tí (Tặng Kèm Postcard),https://salt.tikicdn.com/cache/280x280/ts/product/7d/69/f6/882782895b55bc6d087a8dccd776f521.jpg,TỬ VI - CHIÊM TINH,Nhóm Lovedia,"Hãy vén màn những bí mật thú vị về thế giới tính cách của từng năm tuổi!Bộ sách gồm 12 cuốn tương ứng với 12 năm tuổi, giới thiệu những kiến thức hấp dẫn về 12 con giáp, hồ sơ tính cách từng năm tuổi...",36500,Wings Books,2021-01-01 00:00:00,14.5 x 18.5 cm,Bìa gập,156,Nhà Xuất Bản Kim Đồng,,,,,,,,,,
28,Định Hướng Sự Nghiệp Theo Chiêm Tinh Học - Cung Mọc Xử Nữ,https://salt.tikicdn.com/cache/280x280/ts/product/55/34/f3/daeda3997c967a27fe1d88d719038617.jpg,TỬ VI - CHIÊM TINH,Nhóm Lovedia,"Bộ sách “ĐỊNH HƯỚNG SỰ NGHIỆP THEO CHIÊM TINH HỌC” ra đời với sứ mệnh giúp độc giả khám phá những tiềm năng còn ẩn giấu bên trong bản thân mình, qua đó có định hướng rõ ràng hơn về con đường lập thân,...",28500,Wings Books,2019-11-01 00:00:00,14.5 x 18.5 cm,Bìa mềm,180,,,,,,,,,,,
29,Hồ Sơ Tính Cách 12 Con Giáp - Bí Mật Tuổi Dậu (Tặng Kèm Postcard),https://salt.tikicdn.com/cache/280x280/ts/product/ab/70/20/8dc9d3a55493685f823f3988a55d1915.jpg,TỬ VI - CHIÊM TINH,Nhóm Lovedia,"Hãy vén màn những bí mật thú vị về thế giới tính cách của từng năm tuổi!Bộ sách gồm 12 cuốn tương ứng với 12 năm tuổi, giới thiệu những kiến thức hấp dẫn về 12 con giáp, hồ sơ tính cách từng năm tuổi...",36500,Wings Books,2021-01-15 00:00:00,14.5 x 18.5 cm,Bìa gập,156,Nhà Xuất Bản Kim Đồng,,,,,,,,,,
30,Định Hướng Sự Nghiệp Theo Chiêm Tinh Học - Cung Mọc Song Tử,https://salt.tikicdn.com/cache/280x280/ts/product/de/5b/5f/4b141e00064e950e17b91f84e078c5e2.jpg,TỬ VI - CHIÊM TINH,Nhóm Lovedia,"Bộ sách “ĐỊNH HƯỚNG SỰ NGHIỆP THEO CHIÊM TINH HỌC” ra đời với sứ mệnh giúp độc giả khám phá những tiềm năng còn ẩn giấu bên trong bản thân mình, qua đó có định hướng rõ ràng hơn về con đường lập thân,...",23400,Wings Books,2019-11-01 00:00:00,14.5 x 18.5 cm,Bìa mềm,180,,,,,,,,,,,
31,"12 Cung Yêu - Mặt Trời Soi Đường , Kim Tinh Dẫn Lối",https://salt.tikicdn.com/cache/280x280/ts/product/82/3d/ab/0500595b09f59e10e118ea6cc05cfd58.jpg,TỬ VI - CHIÊM TINH,"Khúc Cẩm Huyên,Toma Nguyễn","Cùng với Mặt Trời của 12 cung hoàng đạo, thì Kim Tinh (tên tiếng Anh là Venus, hành tinh chủ quản của tình yêu, của những mối quan hệ tình cảm) cũng sẽ hé lộ rất nhiều bí mật mà trái tim mỗi người vẫn...",68100,Nhà Xuất Bản Kim Đồng,2019-06-01 00:00:00,15 x 22 cm,Bìa mềm,192,,,,,,,,,,,
32,365 Ngày Hoàng Đạo - Xử Nữ (Tái Bản 2019),https://salt.tikicdn.com/cache/280x280/ts/product/6d/f3/ba/5113fb80656ab4993a53e076a2038f09.jpg,TỬ VI - CHIÊM TINH,Nhóm Lovedia,"Mỗi năm có 365 ngày, đó là 365 tình huống, 365 cơ hội, 365 bài toán khó luôn chờ mỗi chúng ta bước đến và chinh phục! Từ những tình huống thường gặp trong cuộc sống, chẳng của riêng ai, như việc cần l...",31090,Wings Books,2019-05-01 00:00:00,13 x 19 cm,Bìa mềm,168,,,,,,,,,,,
33,12 Góc Khuất Tâm Hồn - Mặt Trăng Sư Tử,https://salt.tikicdn.com/cache/280x280/ts/product/a4/dd/7c/29106b8003bb4e984c49b76de3d69c6a.jpg,TỬ VI - CHIÊM TINH,Nhóm Lovedia,"Cung Mặt Trăng và những điều chưa biết về bạnNếu là một tín đồ của Horo, chắc hẳn bạn sẽ biết trên bản đồ sao có 3 vị trí quan trọng có ảnh hưởng lớn đến việc hình thành tính cách mỗi người: cung Mọc...",32400,Wings Books,2018-08-08 00:00:00,14.5 x 18.5 cm,Bìa mềm,132,,,,,,,,,,,
34,Giải Mã 12 Chòm Sao - Khám Phá Tất Tần Tật Cung Thiên Yết (Tái Bản 2019),https://salt.tikicdn.com/cache/280x280/ts/product/eb/4a/c0/c3b73a20d4585ca4d5b8be1753faca93.jpg,TỬ VI - CHIÊM TINH,Nhiều Tác Giả,"Cùng nhau bước vào hành trình khám phá: - Những điều cực thú vị về tính cách tiềm ẩn của bạn. - Hiểu hơn về sở thích, ưu điểm, nhược điểm của bản thân. - Hoàn thiện mình bằng cách phát huy các thế mạn...",17100, NXB Kim Đồng,,,,,,,,,,,,,,,
35,Giải Mã 12 Chòm Sao - Khám Phá Tất Tần Tật Cung Sư Tử (Tái Bản 2019),https://salt.tikicdn.com/cache/280x280/ts/product/aa/3a/a5/037beacdb56d856d5f15dc9f9684af4b.jpg,TỬ VI - CHIÊM TINH,Nhiều Tác Giả,"Cùng nhau bước vào hành trình khám phá: - Những điều cực thú vị về tính cách tiềm ẩn của bạn. - Hiểu hơn về sở thích, ưu điểm, nhược điểm của bản thân. - Hoàn thiện mình bằng cách phát huy các thế mạn...",17100, NXB Kim Đồng,,,,,,,,,,,,,,,
36,12 Góc Khuất Tâm Hồn - Mặt Trăng Cự Giải,https://salt.tikicdn.com/cache/280x280/ts/product/95/f9/2b/107a4fcb258836b117299ad42dad4d81.jpg,TỬ VI - CHIÊM TINH,Nhóm Lovedia,"Cung Mặt Trăng và những điều chưa biết về bạnNếu là một tín đồ của Horo, chắc hẳn bạn sẽ biết trên bản đồ sao có 3 vị trí quan trọng có ảnh hưởng lớn đến việc hình thành tính cách mỗi người: cung Mọc...",31900,Wings Books,2018-08-08 00:00:00,14.5 x 18.5 cm,Bìa mềm,132,,,,,,,,,,,
37,Hồ Sơ Tính Cách 12 Con Giáp - Bí Mật Tuổi Hợi (Tặng Kèm Postcard),https://salt.tikicdn.com/cache/280x280/ts/product/f6/5a/d9/a4b3d565cb4c77272ac1eb169dbff6bb.jpg,TỬ VI - CHIÊM TINH,Nhóm Lovedia,"Hãy vén màn những bí mật thú vị về thế giới tính cách của từng năm tuổi!Bộ sách gồm 12 cuốn tương ứng với 12 năm tuổi, giới thiệu những kiến thức hấp dẫn về 12 con giáp, hồ sơ tính cách từng năm tuổi...",36500,Wings Books,2021-01-15 00:00:00,14.5 x 18.5 cm,Bìa gập,156,Nhà Xuất Bản Kim Đồng,,,,,,,,,,
38,365 Ngày Hoàng Đạo - Bảo Bình (Tái Bản 2019),https://salt.tikicdn.com/cache/280x280/ts/product/3c/e0/8d/91a5e21bc30226509c3a6e6b9b072626.jpg,TỬ VI - CHIÊM TINH,Nhóm Lovedia,"Mỗi năm có 365 ngày, đó là 365 tình huống, 365 cơ hội, 365 bài toán khó luôn chờ mỗi chúng ta bước đến và chinh phục! Từ những tình huống thường gặp trong cuộc sống, chẳng của riêng ai, như việc cần l...",38000,Wings Books,2019-05-01 00:00:00,13 x 19 cm,Bìa mềm,168,,,,,,,,,,,
39,12 Góc Khuất Tâm Hồn - Mặt Trăng Song Tử,https://salt.tikicdn.com/cache/280x280/ts/product/cd/a3/f2/cd6dad989e93fe42e1c91636585c744a.jpg,TỬ VI - CHIÊM TINH,Nhóm Lovedia,"Cung Mặt Trăng và những điều chưa biết về bạnNếu là một tín đồ của Horo, chắc hẳn bạn sẽ biết trên bản đồ sao có 3 vị trí quan trọng có ảnh hưởng lớn đến việc hình thành tính cách mỗi người: cung Mọc...",28800,Wings Books,2018-08-08 00:00:00,14.5 x 18.5 cm,Bìa mềm,132,,,,,,,,,,,
40,365 Ngày Hoàng Đạo - Kim Ngưu (Tái Bản 2019),https://salt.tikicdn.com/cache/280x280/ts/product/23/a9/d1/6c0ee29e2fd4d6ea3bb5e278d8d9392f.jpg,TỬ VI - CHIÊM TINH,Nhóm Lovedia,"Mỗi năm có 365 ngày, đó là 365 tình huống, 365 cơ hội, 365 bài toán khó luôn chờ mỗi chúng ta bước đến và chinh phục! Từ những tình huống thường gặp trong cuộc sống, chẳng của riêng ai, như việc cần l...",31800,Wings Books,2019-05-01 00:00:00,13 x 19 cm,Bìa mềm,172,,,,,,,,,,,
41,Thôi miên bằng ngôn từ (bản 2018 bìa hình đen) + kèm 1 bookmark hình ngẫu nhiên,https://salt.tikicdn.com/cache/280x280/ts/product/19/69/5b/5b43695f7b9517191be7a8c08214acc6.jpg,TỬ VI - CHIÊM TINH,Joe Vitale,Làm thế nào để thu hút và thuyết phục khách hàng chỉ bằng ngôn từ của bạn?“Bản chất ngôn từ là phép thuật và kể từ thời cổ đại đến ngày nay ngôn từ vẫn giữ được hầu hết quyền năng phép thuật của chún...,135000,BIZBOOKS,2018-12-23 00:48:37,"<p>15,5x24</p>",Bìa mềm,386,,Phúc Lâm,,,,,,,,,
42,Hồ Sơ Tính Cách 12 Con Giáp - Bí Mật Tuổi Tuất (Tặng Kèm Postcard),https://salt.tikicdn.com/cache/280x280/ts/product/30/69/dd/1cdacacc307435d8329f9f99b90d5445.jpg,TỬ VI - CHIÊM TINH,Nhóm Lovedia,"Hãy vén màn những bí mật thú vị về thế giới tính cách của từng năm tuổi!Bộ sách gồm 12 cuốn tương ứng với 12 năm tuổi, giới thiệu những kiến thức hấp dẫn về 12 con giáp, hồ sơ tính cách từng năm tuổi...",36500,Wings Books,2021-01-15 00:00:00,14.5 x 18.5 cm,Bìa gập,156,Nhà Xuất Bản Kim Đồng,,,,,,,,,,
43,Hồ Sơ Tính Cách 12 Con Giáp - Bí Mật Tuổi Thìn (Tặng Kèm Postcard),https://salt.tikicdn.com/cache/280x280/ts/product/0b/33/da/ac78c02b70e66ccbbeb123b5e7040be4.jpg,TỬ VI - CHIÊM TINH,Nhóm Lovedia,"Hãy vén màn những bí mật thú vị về thế giới tính cách của từng năm tuổi!Bộ sách gồm 12 cuốn tương ứng với 12 năm tuổi, giới thiệu những kiến thức hấp dẫn về 12 con giáp, hồ sơ tính cách từng năm tuổi...",36500,Wings Books,,14.5 x 18.5 cm,Bìa gập,156,Nhà Xuất Bản Kim Đồng,,,,,,,,,,
44,Hồ Sơ Tính Cách 12 Con Giáp - Bí Mật Tuổi Sửu (Tặng Kèm Postcard),https://salt.tikicdn.com/cache/280x280/ts/product/4f/15/ec/0626b8579a9b8320ad0acecde778b07c.jpg,TỬ VI - CHIÊM TINH,Nhóm Lovedia,"Hãy vén màn những bí mật thú vị về thế giới tính cách của từng năm tuổi!Bộ sách gồm 12 cuốn tương ứng với 12 năm tuổi, giới thiệu những kiến thức hấp dẫn về 12 con giáp, hồ sơ tính cách từng năm tuổi...",36500,Wings Books,2021-01-01 00:00:00,14.5 x 18.5 cm,Bìa gập,156,Nhà Xuất Bản Kim Đồng,,,,,,,,,,
45,Toàn Thư Chiêm Tinh Học Nhập Môn,https://salt.tikicdn.com/cache/280x280/ts/product/27/c9/66/cef5360dc2812072079bc58a9b868add.jpg,TỬ VI - CHIÊM TINH,Joanna Martine Woolfolk,"Hơn nửa đời người hành nghề chiêm tinh, tôi nhận ra rằng: Ai trong chúng ta đều muốn hiểu rõ hơn chính là bản thân mình. Bạn chắc chắn đã từng tự hỏi “Tôi là ai?”,  bạn muốn biết động cơ nào đang thúc...",326000,Saigon Books,2020-10-01 00:00:00,20.5 x 23.5 cm,Bìa cứng,508,Nhà Xuất Bản Thế Giới,Nguyễn Ngọc Hân,,,,,,,,,
46,Hồ Sơ Tính Cách 12 Con Giáp - Bí Mật Tuổi Thân (Tặng Kèm Postcard),https://salt.tikicdn.com/cache/280x280/ts/product/14/18/50/ac174b1a012fdf5f3e01411ea769f0e4.jpg,TỬ VI - CHIÊM TINH,Nhóm Lovedia,"Hãy vén màn những bí mật thú vị về thế giới tính cách của từng năm tuổi!Bộ sách gồm 12 cuốn tương ứng với 12 năm tuổi, giới thiệu những kiến thức hấp dẫn về 12 con giáp, hồ sơ tính cách từng năm tuổi...",36500,Wings Books,2021-01-15 00:00:00,14.5 x 18.5 cm,Bìa gập,156,Nhà Xuất Bản Kim Đồng,,,,,,,,,,
47,12 Góc Khuất Tâm Hồn - Mặt Trăng Ma Kết,https://salt.tikicdn.com/cache/280x280/ts/product/8b/ee/75/c987f63a7e53e85b264920455fa8f78c.jpg,TỬ VI - CHIÊM TINH,Nhóm Lovedia,"Cung Mặt Trăng và những điều chưa biết về bạnNếu là một tín đồ của Horo, chắc hẳn bạn sẽ biết trên bản đồ sao có 3 vị trí quan trọng có ảnh hưởng lớn đến việc hình thành tính cách mỗi người: cung Mọc...",31900,Wings Books,2018-08-08 00:00:00,14.5 x 18.5 cm,Bìa mềm,132,,,,,,,,,,,
48,Thần số học: Thấu hiểu nhân tâm,https://salt.tikicdn.com/cache/280x280/ts/product/68/3f/47/575c2fa11149852b57d210645dd02a8b.jpg,TỬ VI - CHIÊM TINH,Tống Khánh Thượng,Bạn có từng tự hỏi bạn là ai và sinh ra trong cuộc đời để làm gì không?Bạn có từng đi tìm sứ mệnh của cuộc đời mình mà vẫn chưa thấy không?Bạn có từng thắc mắc mình thực sự muốn gì không?Nếu đang t...,84000,Thái Hà,2021-06-04 15:28:20,,Bìa mềm,238,Nhà Xuất Bản Công Thương,,2021,,,,,,,,
49,365 Ngày Hoàng Đạo - Ma Kết (Tái Bản 2019),https://salt.tikicdn.com/cache/280x280/ts/product/51/ba/a6/7567581a2803c2f3acc948404234530d.jpg,TỬ VI - CHIÊM TINH,Nhóm Lovedia,"Mỗi năm có 365 ngày, đó là 365 tình huống, 365 cơ hội, 365 bài toán khó luôn chờ mỗi chúng ta bước đến và chinh phục! Từ những tình huống thường gặp trong cuộc sống, chẳng của riêng ai, như việc cần l...",34200,Wings Books,2019-05-01 00:00:00,13 x 19 cm,Bìa mềm,172,,,,,,,,,,,
50,Hồ Sơ Tính Cách 12 Con Giáp - Bí Mật Tuổi Mão (Tặng Kèm Postcard),https://salt.tikicdn.com/cache/280x280/ts/product/23/6a/cc/90860157cba3dc53575d473ec6ed7974.jpg,TỬ VI - CHIÊM TINH,Nhóm Lovedia,"Hãy vén màn những bí mật thú vị về thế giới tính cách của từng năm tuổi!Bộ sách gồm 12 cuốn tương ứng với 12 năm tuổi, giới thiệu những kiến thức hấp dẫn về 12 con giáp, hồ sơ tính cách từng năm tuổi...",36500,Wings Books,,14.5 x 18.5 cm,Bìa gập,156,Nhà Xuất Bản Kim Đồng,,,,,,,,,,
51,365 Ngày Hoàng Đạo - Cự Giải (Tái Bản 2019),https://salt.tikicdn.com/cache/280x280/ts/product/2a/56/e1/0ba3799fa54f3cbd0a0e064eab4c2fbe.jpg,TỬ VI - CHIÊM TINH,Nhóm Lovedia,"Mỗi năm có 365 ngày, đó là 365 tình huống, 365 cơ hội, 365 bài toán khó luôn chờ mỗi chúng ta bước đến và chinh phục! Từ những tình huống thường gặp trong cuộc sống, chẳng của riêng ai, như việc cần l...",31790,Wings Books,2019-05-01 00:00:00,13 x 19 cm,Bìa mềm,172,,,,,,,,,,,
52,365 Ngày Hoàng Đạo - Sư Tử (Tái Bản 2019),https://salt.tikicdn.com/cache/280x280/ts/product/28/49/3c/17b6c37f48ef42786950e1500cef7afe.jpg,TỬ VI - CHIÊM TINH,Nhóm Lovedia,"Mỗi năm có 365 ngày, đó là 365 tình huống, 365 cơ hội, 365 bài toán khó luôn chờ mỗi chúng ta bước đến và chinh phục! Từ những tình huống thường gặp trong cuộc sống, chẳng của riêng ai, như việc cần l...",38000,Wings Books,2019-05-01 00:00:00,,Bìa mềm,172,,,,,,,,,,,
53,Giải Mã 12 Chòm Sao - Khám Phá Tất Tần Tật Cung Bảo Bình (Tái Bản 2019),https://salt.tikicdn.com/cache/280x280/ts/product/c0/12/5d/6cf7926c32f39de73fe9c7951bc79caf.jpg,TỬ VI - CHIÊM TINH,Nhiều Tác Giả,"Cùng nhau bước vào hành trình khám phá: - Những điều cực thú vị về tính cách tiềm ẩn của bạn. - Hiểu hơn về sở thích, ưu điểm, nhược điểm của bản thân. - Hoàn thiện mình bằng cách phát huy các thế mạn...",17100, NXB Kim Đồng,,,,,,,,,,,,,,,
54,Sổ Tay Một Vòng Hoàng Đạo 2017 - Bạch Dương,https://salt.tikicdn.com/cache/280x280/media/catalog/product/b/a/bach-duong.u634.d20161110.t154406.599092.jpg,TỬ VI - CHIÊM TINH,Lovedia,"Sổ Tay Một Vòng Hoàng Đạo 2017 - Bạch Dương Sổ Tay Một Vòng Hoàng Đạo 2017 - Bạch Dương - Các hành tinh luôn không ngừng di chuyển trên bầu trời, và bởi thế, chúng cũng chẳng bao giờ chịu đứng yên mộ...",38400,Asbooks,2016-11-21 00:00:00,12.5 x 19 cm ,Bìa mềm,136,,,,,,,,,,,
55,Định Hướng Sự Nghiệp Theo Chiêm Tinh Học - Cung Mọc Bạch Dương,https://salt.tikicdn.com/cache/280x280/ts/product/79/b4/0f/3059581d5543ef4b9e2622241fc31bff.jpg,TỬ VI - CHIÊM TINH,Nhóm Lovedia,"Bộ sách “ĐỊNH HƯỚNG SỰ NGHIỆP THEO CHIÊM TINH HỌC” ra đời với sứ mệnh giúp độc giả khám phá những tiềm năng còn ẩn giấu bên trong bản thân mình, qua đó có định hướng rõ ràng hơn về con đường lập thân,...",28500,Wings Books,2019-11-01 00:00:00,14.5 x 18.5 cm,Bìa mềm,180,,,,,,,,,,,
56,Hồ Sơ Tính Cách 12 Con Giáp - Bí Mật Tuổi Mùi (Tặng Kèm Postcard),https://salt.tikicdn.com/cache/280x280/ts/product/4a/2e/bf/c64498e5cb3c76987b6c1f0da6ad56d1.jpg,TỬ VI - CHIÊM TINH,Nhóm Lovedia,"Hãy vén màn những bí mật thú vị về thế giới tính cách của từng năm tuổi!Bộ sách gồm 12 cuốn tương ứng với 12 năm tuổi, giới thiệu những kiến thức hấp dẫn về 12 con giáp, hồ sơ tính cách từng năm tuổi...",38900,Wings Books,2021-01-15 00:00:00,14.5 x 18.5 cm,Bìa gập,156,Nhà Xuất Bản Kim Đồng,,,,,,,,,,
57,Hành Trình Trái Tim Nhóm Cung Lửa,https://salt.tikicdn.com/cache/280x280/ts/product/6b/64/8d/561882ac9e440f11c70a4f4e74b9efae.jpg,TỬ VI - CHIÊM TINH,Nhóm Lovedia,"Hành Trình Trái Tim Nhóm Cung LửaChúng ta không chỉ được chia thành 12 kiểu tính cách theo 12 cung hoàng đạo, mà còn bắt cặp, chia nhóm với nhau trong bốn nhóm nguyên tố cơ bản hình thành nên vạn vật...",38000,Wings Books,2018-03-19 00:00:00,14.5 x 18.5 cm,Bìa mềm,188,,,,,,,,,,,
58,Maya Thần Bí - Cung Hoàng Đạo Của Người Maya Cổ Đại,https://salt.tikicdn.com/cache/280x280/ts/product/f8/73/24/03c5ee52c557340886d17132df01df1b.jpg,TỬ VI - CHIÊM TINH,Trần Huyền Trang,"Maya Thần Bí - Cung Hoàng Đạo Của Người Maya Cổ ĐạiBộ sách gồm 3 cuốn: Mật mã Ai Cập, Ẩn số Celtic, Maya thần bí sẽ đưa bạn ngược dòng thời gian để khám phá những bí mật thú vị về thế giới Chiêm tinh...",28500,Wings Books,2018-03-19 00:00:00,11 x 18 cm,Bìa mềm,112,,,,,,,,,,,
59,Định Hướng Sự Nghiệp Theo Chiêm Tinh Học - Cung Mọc Bảo Bình,https://salt.tikicdn.com/cache/280x280/ts/product/3d/b0/d2/7eae2d31ba54a69eb19e7fd712c77667.jpg,TỬ VI - CHIÊM TINH,Nhóm Lovedia,"Bộ sách “ĐỊNH HƯỚNG SỰ NGHIỆP THEO CHIÊM TINH HỌC” ra đời với sứ mệnh giúp độc giả khám phá những tiềm năng còn ẩn giấu bên trong bản thân mình, qua đó có định hướng rõ ràng hơn về con đường lập thân,...",28500,Wings Books,2019-11-01 00:00:00,14.5 x 18.5 cm,Bìa mềm,180,,,,,,,,,,,
60,Hồ Sơ Tính Cách 12 Con Giáp - Bí Mật Tuổi Ngọ (Tặng Kèm Postcard),https://salt.tikicdn.com/cache/280x280/ts/product/eb/a0/38/26ae5d798b2ca724e71ee14b857e4e47.jpg,TỬ VI - CHIÊM TINH,Nhóm Lovedia,"Hãy vén màn những bí mật thú vị về thế giới tính cách của từng năm tuổi!Bộ sách gồm 12 cuốn tương ứng với 12 năm tuổi, giới thiệu những kiến thức hấp dẫn về 12 con giáp, hồ sơ tính cách từng năm tuổi...",36500,Wings Books,,14.5 x 18.5 cm,Bìa gập,156,Nhà Xuất Bản Kim Đồng,,,,,,,,,,
61,Chiêm Tinh Học Nhập Môn - Tặng kèm sổ tay,https://salt.tikicdn.com/cache/280x280/ts/product/38/00/2f/3d4f31de6e50be0954b990e76a54bf8c.jpg,TỬ VI - CHIÊM TINH,Chiêm tinh số,"Chiêm Tinh Học Nhập MônBạn cảm thấy mình không giống một Xử Nữ, một Nhân Mã, một Kim Ngưu... cho lắm?Bạn muốn biết sau này mình có giàu không, bao giờ mình có người yêu, mình sẽ yêu người thế nào?Tất ...",84000,Skybooks,2019-08-23 14:39:44,<p>14.5 x 20.5</p>,Bìa mềm,176,Nhà Xuất Bản Thế Giới,,,,,,,,,,
62,Hành Trình Trái Tim Nhóm Cung Đất,https://salt.tikicdn.com/cache/280x280/ts/product/f0/29/ca/eaf28d8ff47c21f312ae94b3bbc936af.jpg,TỬ VI - CHIÊM TINH,Nhóm Lovedia,"Hành Trình Trái Tim Nhóm Cung ĐấtChúng ta không chỉ được chia thành 12 kiểu tính cách theo 12 cung hoàng đạo, mà còn bắt cặp, chia nhóm với nhau trong bốn nhóm nguyên tố cơ bản hình thành nên vạn vật...",43500,Wings Books,2018-03-19 00:00:00,14.5 x 18.5 cm,Bìa mềm,188,,,,,,,,,,,
63,Giải Mã 12 Chòm Sao - Khám Phá Tất Tần Tật Cung Ma Kết (Tái Bản 2019),https://salt.tikicdn.com/cache/280x280/ts/product/3d/12/07/6b17f5614e55c4fdabf83b033c4b846b.jpg,TỬ VI - CHIÊM TINH,Nhiều Tác Giả,"Cùng nhau bước vào hành trình khám phá: - Những điều cực thú vị về tính cách tiềm ẩn của bạn. - Hiểu hơn về sở thích, ưu điểm, nhược điểm của bản thân. - Hoàn thiện mình bằng cách phát huy các thế mạn...",17100, NXB Kim Đồng,,,,,,,,,,,,,,,
64,Sách - Chiêm Tinh Học Nhập Môn,https://salt.tikicdn.com/cache/280x280/ts/product/67/ff/c6/d5abc1db1f65dd760350c9d8abcd6c6d.jpg,TỬ VI - CHIÊM TINH,Chiêm tinh số,"       THÔNG BÁO PHÁT HÀNH   CHIÊM TINH HỌC NHẬP MÔN   Bạn cảm thấy mình không giống một Xử Nữ, một Nhân Mã, một Kim Ngưu... cho lắm?   Bạn muốn biết sau này mình có giàu không, bao giờ mình có n...",81000,Asbooks,,,,176,Nhà Xuất Bản Thế Giới,,,,,,,,,,
65,Giải Mã 12 Chòm Sao - Khám Phá Tất Tần Tật Cung Song Tử (Tái Bản 2019),https://salt.tikicdn.com/cache/280x280/ts/product/48/cd/1a/df917863c63395124672680851a183fc.jpg,TỬ VI - CHIÊM TINH,Nhiều Tác Giả,"Cùng nhau bước vào hành trình khám phá: - Những điều cực thú vị về tính cách tiềm ẩn của bạn. - Hiểu hơn về sở thích, ưu điểm, nhược điểm của bản thân. - Hoàn thiện mình bằng cách phát huy các thế mạn...",17100, NXB Kim Đồng,,,,,,,,,,,,,,,
66,Tính Cách-Tài Vận 12 Cung Hoàng Đạo,https://salt.tikicdn.com/cache/280x280/ts/product/bd/08/48/af1ccb16c77f183a2d9560bb8f55b770.jpg,TỬ VI - CHIÊM TINH,Hoàng Nguyên,"12 Cung Hoàng Đạo hay còn gọi HOROSCOPE, được bắt nguồn từ Babylon cổ đại. Dựa vào chu kỳ quay của mặt trời. Trong khoảng thời gian 1 tháng ( 30-31 ngày) Mặt trời sẽ đi qua một trong 12 cung Hoàng Đạo...",40000,Nhà Sách Quang Vinh,2018-07-31 14:29:13,<p>13 x19 cm</p>,,,,,,,,,,,,,
67,[Bản Đặc Biệt] Huyến Thoại Pháp Sư 12 Chòm Sao - Tập 2 (Tái Bản 2020) - Tặng Kèm 6 Thẻ Bài Horoscope,https://salt.tikicdn.com/cache/280x280/ts/product/f8/36/b7/793ece481fa2df41af90fef65c548938.jpg,TỬ VI - CHIÊM TINH,Thor Aesir,[Bản Đặc Biệt] Huyến Thoại Pháp Sư 12 Chòm Sao - Tập 2 (Tái Bản 2020) - Tặng Kèm 6 Thẻ Bài Horoscope   Sự trở lại của trọn bộ “Huyền thoại pháp sư 12 chòm sao” – Bộ sách Fantasy về cung hoàng đạo bán...,111200,Skybooks,,,,,Nhà Xuất Bản Thế Giới,,,,,,,,,,
68,12 Góc Khuất Tâm Hồn - Mặt Trăng Kim Ngưu,https://salt.tikicdn.com/cache/280x280/ts/product/33/34/11/e650453fe46d12403bff5bab5c562a81.jpg,TỬ VI - CHIÊM TINH,Nhóm Lovedia,"Cung Mặt Trăng và những điều chưa biết về bạnNếu là một tín đồ của Horo, chắc hẳn bạn sẽ biết trên bản đồ sao có 3 vị trí quan trọng có ảnh hưởng lớn đến việc hình thành tính cách mỗi người: cung Mọc...",32400,Wings Books,2018-08-08 00:00:00,14.5 x 18.5 cm,Bìa mềm,132,,,,,,,,,,,
69,Mật Ngữ 12 Chòm Sao - Dành Cho Tuổi Teen,https://salt.tikicdn.com/cache/280x280/ts/product/5f/91/d3/2af9c1f5ac3f05d381dc486623ab108b.jpg,TỬ VI - CHIÊM TINH,Lê Hùng,Mật Ngữ 12 Chòm Sao - Dành Cho Tuổi Teen...,36000,Cty TNHH TM&DV VH GD Phía Nam,,,,,Nhà Xuất Bản Văn Hóa Văn Nghệ,,,,,,,,,,
70,365 Ngày Hoàng Đạo - Bạch Dương (Tái Bản 2019),https://salt.tikicdn.com/cache/280x280/ts/product/39/83/2d/1d194c02312ff4314ac07c3bfdf93cae.jpg,TỬ VI - CHIÊM TINH,Nhóm Lovedia,"Mỗi năm có 365 ngày, đó là 365 tình huống, 365 cơ hội, 365 bài toán khó luôn chờ mỗi chúng ta bước đến và chinh phục! Từ những tình huống thường gặp trong cuộc sống, chẳng của riêng ai, như việc cần l...",29600,Wings Books,2019-05-01 00:00:00,13 x 19 cm,Bìa mềm,164,,,,,,,,,,,
71,Định Hướng Sự Nghiệp Theo Chiêm Tinh Học - Cung Mọc Thiên Yết,https://salt.tikicdn.com/cache/280x280/ts/product/80/cb/84/79972dec98e1cf04aad0585b9e6798ad.jpg,TỬ VI - CHIÊM TINH,Nhóm Lovedia,"Bộ sách “ĐỊNH HƯỚNG SỰ NGHIỆP THEO CHIÊM TINH HỌC” ra đời với sứ mệnh giúp độc giả khám phá những tiềm năng còn ẩn giấu bên trong bản thân mình, qua đó có định hướng rõ ràng hơn về con đường lập thân,...",26300,Wings Books,2019-11-01 00:00:00,14.5 x 18.5 cm,Bìa mềm,180,,,,,,,,,,,
72,Hành Trình Trái Tim Nhóm Cung Nước,https://salt.tikicdn.com/cache/280x280/ts/product/fe/bb/e4/fd6e5e4ddf43bfec9f92a8bfbd2b6972.jpg,TỬ VI - CHIÊM TINH,Nhóm Lovedia,"Hành Trình Trái Tim Nhóm Cung NướcChúng ta không chỉ được chia thành 12 kiểu tính cách theo 12 cung hoàng đạo, mà còn bắt cặp, chia nhóm với nhau trong bốn nhóm nguyên tố cơ bản hình thành nên vạn vậ...",43500,Wings Books,2018-03-19 00:00:00,14.5 x 18.5 cm,Bìa mềm,188,,,,,,,,,,,
73,Tìm Hiểu Năm Tháng Đời Người Qua Kiến Thức Của Tiền Nhân,https://salt.tikicdn.com/cache/280x280/ts/product/36/cb/6a/703d25855d5182bbba4df4c3841977b7.jpg,TỬ VI - CHIÊM TINH,Trung Nghĩa,"Tìm hiểu năm tháng đời người qua kiến thức của Tiền nhânNhằm giúp các bạn tham khảo vấn đề trọng đại và thiết thực này, chúng tôi đã khảo cứu nhiều sách báo, nhiều tài liệu mạnh dạn biên soạn cuốn sá...",79000,Công ty MTV DV - VH Khang Việt,2020-10-01 00:00:00,16 x 24 cm,Bìa mềm,256,Nhà Xuất Bản Thanh Hóa,,,,,,,,,,
74,Giải Mã 12 Chòm Sao - Khám Phá Tất Tần Tật Cung Song Ngư (Tái Bản 2019),https://salt.tikicdn.com/cache/280x280/ts/product/79/f9/c7/716f4ddaeb32e8e6f99318d393ce2ee6.jpg,TỬ VI - CHIÊM TINH,Nhiều Tác Giả,"Cùng nhau bước vào hành trình khám phá: - Những điều cực thú vị về tính cách tiềm ẩn của bạn. - Hiểu hơn về sở thích, ưu điểm, nhược điểm của bản thân. - Hoàn thiện mình bằng cách phát huy các thế mạn...",17100, NXB Kim Đồng,,,,,,,,,,,,,,,
75,Giải Mã 12 Chòm Sao - Khám Phá Tất Tần Tật Cung Cự Giải (Tái Bản 2019),https://salt.tikicdn.com/cache/280x280/ts/product/3d/82/64/d14a355e958dc70895ab3ef325a2723e.jpg,TỬ VI - CHIÊM TINH,Nhiều Tác Giả,"Cùng nhau bước vào hành trình khám phá: - Những điều cực thú vị về tính cách tiềm ẩn của bạn. - Hiểu hơn về sở thích, ưu điểm, nhược điểm của bản thân. - Hoàn thiện mình bằng cách phát huy các thế mạn...",17100, NXB Kim Đồng,,,,,,,,,,,,,,,
76,Thủy Bình - Tìm Hiểu Chòm Sao Aquarius (21/1-19/2),https://salt.tikicdn.com/cache/280x280/ts/product/a3/b5/9f/31b1a5bec221573f2253791f4dd74147.jpg,TỬ VI - CHIÊM TINH,Gia Linh,"Bộ sách ""Tìm hiểu chòm sao"" phân tích và đưa ra những nhận định liên quan tới tính cách, tương lai và vận thế cuộc đời của 12 chòm sao khác nhau trong cung Hoàng Đạo. Cách suy luận về chòm s...",10000,Huy Hoàng Bookstore,,,,,Nhà Xuất Bản Hà Nội,,,,,,,,,,
77,365 Ngày Hoàng Đạo - Thiên Yết (Tái Bản 2019),https://salt.tikicdn.com/cache/280x280/ts/product/a9/c0/b8/d198d46939e8865f16f0b9fd0ad74970.jpg,TỬ VI - CHIÊM TINH,Nhóm Lovedia,"Mỗi năm có 365 ngày, đó là 365 tình huống, 365 cơ hội, 365 bài toán khó luôn chờ mỗi chúng ta bước đến và chinh phục! Từ những tình huống thường gặp trong cuộc sống, chẳng của riêng ai, như việc cần l...",34200,Wings Books,2019-05-01 00:00:00,13 x 19 cm,Bìa mềm,164,,,,,,,,,,,
78,Sư Tử - Tìm Hiểu Chòm Sao Leo (24/7-23/8),https://salt.tikicdn.com/cache/280x280/media/catalog/producthttps://www.fahasa.com/static/image/600x600/228134.jpg,TỬ VI - CHIÊM TINH,Gia Linh,"Bộ sách ""Tìm hiểu chòm sao"" phân tích và đưa ra những nhận định liên quan tới tính cách, tương lai và vận thế cuộc đời của 12 chòm sao khác nhau trong cung Hoàng Đạo. Cách suy luận về chòm s...",10000,Huy Hoàng Bookstore,,,,,Nhà Xuất Bản Hà Nội,,,,,,,,,,
79,365 Ngày Hoàng Đạo - Thiên Bình (Tái Bản 2019),https://salt.tikicdn.com/cache/280x280/ts/product/68/91/bb/f88d8cf2393f2f6cc6556c0e05e23916.jpg,TỬ VI - CHIÊM TINH,Nhóm Lovedia,"Mỗi năm có 365 ngày, đó là 365 tình huống, 365 cơ hội, 365 bài toán khó luôn chờ mỗi chúng ta bước đến và chinh phục! Từ những tình huống thường gặp trong cuộc sống, chẳng của riêng ai, như việc cần l...",34200,Wings Books,2019-05-01 00:00:00,13 x 19 cm,Bìa mềm,172,,,,,,,,,,,
80,12 Góc Khuất Tâm Hồn - Mặt Trăng Bảo Bình,https://salt.tikicdn.com/cache/280x280/ts/product/c0/2d/b0/bd48276d0ca9474d85f351b97112ebba.jpg,TỬ VI - CHIÊM TINH,Nhóm Lovedia,"Cung Mặt Trăng và những điều chưa biết về bạnNếu là một tín đồ của Horo, chắc hẳn bạn sẽ biết trên bản đồ sao có 3 vị trí quan trọng có ảnh hưởng lớn đến việc hình thành tính cách mỗi người: cung Mọc...",32400,Wings Books,2018-08-08 00:00:00,14.5 x 18.5 cm,Bìa mềm,132,,,,,,,,,,,
81,Song Ngư - Tìm Hiểu Chòm Sao Pisces (20/2-20/3),https://salt.tikicdn.com/cache/280x280/media/catalog/producthttps://www.fahasa.com/static/image/600x600/228139.jpg,TỬ VI - CHIÊM TINH,Gia Linh,"Bộ sách ""Tìm hiểu chòm sao"" phân tích và đưa ra những nhận định liên quan tới tính cách, tương lai và vận thế cuộc đời của 12 chòm sao khác nhau trong cung Hoàng Đạo. Cách suy luận về chòm s...",10000,Huy Hoàng Bookstore,,,,,Nhà Xuất Bản Hà Nội,,,,,,,,,,
82,Huyền Thoại Pháp Sư - 12 Chòm Sao (Tập 3) - Tái Bản 2020,https://salt.tikicdn.com/cache/280x280/ts/product/9d/37/fd/09ab8208bb8b51738e73533ed8d1a698.jpg,TỬ VI - CHIÊM TINH,Thor Aesir,"Huyền Thoại Pháp Sư - 12 Chòm Sao (Tập 3)   Huyền thoại pháp sư 12 chòm sao - loạt truyện nổi tiếng và hấp dẫn nhất về các cung Hoàng đạo của tác giả Thor Aesir đã trở lại, với phần tiếp theo là cuộc...",78400,Skybooks,,,,,Nhà Xuất Bản Thế Giới,,,,,,,,,,
83,Cự Giải - Tìm Hiểu Chòm Sao Cancer (22/6-23/7),https://salt.tikicdn.com/cache/280x280/ts/product/b3/94/fd/838d860034ea009a3838c319ce0f10f8.jpg,TỬ VI - CHIÊM TINH,Gia Linh,"Bộ sách ""Tìm hiểu chòm sao"" phân tích và đưa ra những nhận định liên quan tới tính cách, tương lai và vận thế cuộc đời của 12 chòm sao khác nhau trong cung Hoàng Đạo. Cách suy luận về chòm sao mà sách...",10000,NXB Hà Nội,,,,,,,,,,,,,,,
84,Sơn Dương - Tìm Hiểu Chòm Sao Capricorns (23/12-20/1),https://salt.tikicdn.com/cache/280x280/media/catalog/producthttps://www.fahasa.com/static/image/600x600/228133.jpg,TỬ VI - CHIÊM TINH,Gia Linh,"Bộ sách ""Tìm hiểu chòm sao"" phân tích và đưa ra những nhận định liên quan tới tính cách, tương lai và vận thế cuộc đời của 12 chòm sao khác nhau trong cung Hoàng Đạo. Cách suy luận về chòm s...",10000,Huy Hoàng Bookstore,,,,,Nhà Xuất Bản Hà Nội,,,,,,,,,,
85,Giải Mã 12 Chòm Sao - Khám Phá Tất Tần Tật Cung Cự Giải (Tái Bản 2018),https://salt.tikicdn.com/cache/280x280/ts/product/51/b9/ad/1f3f6c3028ca1f17549af6fd0a908373.jpg,TỬ VI - CHIÊM TINH,Nhiều Tác Giả,"Cùng nhau bước vào hành trình khám phá: - Những điều cực thú vị về tính cách tiềm ẩn của bạn. - Hiểu hơn về sở thích, ưu điểm, nhược điểm của bản thân. - Hoàn thiện mình bằng cách phát huy các thế mạn...",19000, NXB Kim Đồng,,,,,,,,,,,,,,,
86,365 Ngày Hoàng Đạo - Nhân Mã (Tái Bản 2019),https://salt.tikicdn.com/cache/280x280/ts/product/85/1f/7f/2e9b5ad26807fded8cf2f48243ffd45e.jpg,TỬ VI - CHIÊM TINH,Nhóm Lovedia,"Mỗi năm có 365 ngày, đó là 365 tình huống, 365 cơ hội, 365 bài toán khó luôn chờ mỗi chúng ta bước đến và chinh phục! Từ những tình huống thường gặp trong cuộc sống, chẳng của riêng ai, như việc cần l...",34200,Wings Books,2019-05-01 00:00:00,13 x 19 cm,Bìa mềm,160,,,,,,,,,,,
87,Chiêm Tinh Học Nhập Môn,https://salt.tikicdn.com/cache/280x280/ts/product/9f/8d/53/4d99a68118f302dfba16e3faa7360984.jpg,TỬ VI - CHIÊM TINH,Chiêm tinh số,"Chiêm Tinh Học Nhập MônBạn cảm thấy mình không giống một Xử Nữ, một Nhân Mã, một Kim Ngưu... cho lắm?Bạn muốn biết sau này mình có giàu không, bao giờ mình có người yêu, mình sẽ yêu người thế nào?Tất ...",82400,Asbooks,2019-01-08 00:00:00,14.5 x 20.5,Bìa mềm,176,,,,,,,,,,,
88,Nhân Mã - Tìm Hiểu Chòm Sao Sagittarius (23/11-22/12),https://salt.tikicdn.com/cache/280x280/ts/product/5f/78/38/eccbe179e5c688bf179ad61021023c0f.jpg,TỬ VI - CHIÊM TINH,Gia Linh,"Bộ sách ""Tìm hiểu chòm sao"" phân tích và đưa ra những nhận định liên quan tới tính cách, tương lai và vận thế cuộc đời của 12 chòm sao khác nhau trong cung Hoàng Đạo. Cách suy luận về chòm s...",10000,Huy Hoàng Bookstore,,,,,Nhà Xuất Bản Hà Nội,,,,,,,,,,
89,Sách - Người Của Thế Gian - Tặng kèm Bookmark,https://salt.tikicdn.com/cache/280x280/ts/product/18/48/2c/2d374b3f077bbec19f8f7c6a36ce0c75.jpg,TỬ VI - CHIÊM TINH,Đông Nguyên,Tên sách Người của thế gian – tặng kèm 1 bookmarkCông ty phát hành Skybooksthương hiệu AsbooksMã công ty 8 935325000430Tác giả Đông NguyênNgày xuất bản 15/04/2021Kích thước 13 x 20.5Nhà xuất bản NXB...,84000,Công Ty TNHH Văn Hóa Và Truyền Thông Skybooks Việt Nam,2021-04-15 22:00:11,,Bìa mềm,312,Nhà Xuất Bản Văn Học,,Bản thường,,,,,,,,
90,Bạch Dương - Tìm Hiểu Chòm Sao Aries (21/3-20/4),https://salt.tikicdn.com/cache/280x280/ts/product/eb/c8/62/63f09817e0a863483ad38873869d4a20.jpg,TỬ VI - CHIÊM TINH,Gia Linh,"Bộ sách ""Tìm hiểu chòm sao"" phân tích và đưa ra những nhận định liên quan tới tính cách, tương lai và vận thế cuộc đời của 12 chòm sao khác nhau trong cung Hoàng Đạo. Cách suy luận về chòm s...",10000,Huy Hoàng Bookstore,,,,,Nhà Xuất Bản Hà Nội,,,,,,,,,,
91,Đàn Ông Sao Hỏa Đàn Bà Sao Kim - Tặng kèm 1 bookmar hình ngẫu nhiên như hình,https://salt.tikicdn.com/cache/280x280/ts/product/51/25/cd/c55eab4e496101676c17b75f41131cc9.png,TỬ VI - CHIÊM TINH,John Gray,"Đàn Ông Sao Hỏa Đàn Bà Sao KimCuốn sách này thực sự đã giúp đỡ cho hàng triệu độc giả, trong đó có tôi và chắc chắn cũng sẽ có bạn. Nếu không có những ý niệm mới mẻ này thì chưa chắc tôi đã có được c...",150400,BIZBOOKS,2019-01-18 00:35:27,"<p>14,5x20,5</p>",Bìa mềm,485,,nguyễn thanh nhàn,,,,,,,,,
92,Sắc Hoa Niên - Tập 1,https://salt.tikicdn.com/cache/280x280/ts/product/e6/bf/d2/5c343e542479e1cc983d8cb54da19a9c.jpg,TỬ VI - CHIÊM TINH,Cô Vân Mạn Mạn,"“Gửi tới chúng ta của tương lai, để mỗi lần đọc lại sẽ luôn mỉm cười, chỉ mong đừng là mỉm cười tiếc nuối...Một Song Ngư luôn đắm mình trong thi ca, một nhà làm nghệ thuật chân chính giao cảm mãnh liệt...",58100,Asbooks,2020-03-02 00:00:00,13.5 x 20.5cm,Bìa mềm,360,Nhà Xuất Bản Thế Giới,,,,,,,,,,
93,365 Ngày Hoàng Đạo - Bảo Bình (Tái Bản 2018),https://salt.tikicdn.com/cache/280x280/ts/product/8b/52/c1/8ff898329e16b6d4029de07d9d440d74.jpg,TỬ VI - CHIÊM TINH,Nhóm Lovedia,"  365 Ngày Hoàng Đạo - Bảo Bình (Tái Bản 2018)  Mỗi năm có 365 ngày, đó là 365 tình huống, 365 cơ hội, 365 bài toán khó luôn chờ mỗi chúng ta bước đến và chinh phục! Từ những tình huống thườn...",26900,Wings Books,,13 x 19 cm,Bìa mềm,168,,,,,,,,,,,
94,Mật Ngữ 12 Chòm Sao (Tái Bản 2020),https://salt.tikicdn.com/cache/280x280/ts/product/b7/8a/ad/33dca2fda32448aa36a7dd8ce4ffc34c.jpg,TỬ VI - CHIÊM TINH,Asbook,"“Vòng tròn hoàng đạo” (đường đi của Mặt Trời), tiếng Anh là Horoscope, tiếng Hy Lạp là Zodiac (vòng tròn của các linh vật), là một khái niệm Chiêm tinh học xuất phát từ Babylon cổ đại. Sở dĩ có cái tê...",65600,AZ Việt Nam,,,,,Nhà Xuất Bản Thế Giới,,,,,,,,,,
95,Mật Mã Thần Số Học,https://salt.tikicdn.com/cache/280x280/ts/product/20/15/fd/ed3fd60a7a4c605387d41550df4b86ca.jpg,TỬ VI - CHIÊM TINH,Glynis McCants,Mật Mã Thần Số HọcĐây là công trình khoa học với phương pháp độc đáo dựa trên hệ thống Pythagoras để tiên đoán về vận mệnh và cuộc sống con người; là cuốn sách thể loại tiên tri bán chạy nhất. Hiện tạ...,98600,Đông Nam,2019-05-01 00:00:00,13 x 20.5 cm,Bìa mềm,339,Nhà Xuất Bản Hồng Đức,,,,,,,,,,
96,Tarot Nhập Môn,https://salt.tikicdn.com/cache/280x280/media/catalog/product/t/a/ta-rot-nhap-mon-01.u53.d20170206.t165209.970068.jpg,TỬ VI - CHIÊM TINH,Kim Huggens,"Tarot Nhập Môn Tarot – bộ môn vừa mang màu sắc chiêm đoán vừa mang tính nghệ thuật. Mỗi lá bài đem đến cho bạn những thông điệp được ẩn giấu từ quá khứ, hiện tại hoặc tương lai. Từng lá bài giống như...",110000,Nhã Nam,2017-02-10 00:00:00,14 x 20.5 cm ,Bìa mềm,456,,,,,,,,,,,
97,Thần Số Học Ứng Dụng,https://salt.tikicdn.com/cache/280x280/ts/product/81/47/55/75dec2ab26549c43e2a08bcbfdf8c295.jpg,TỬ VI - CHIÊM TINH,Joy Woodward,"Mỗi cái tên, mỗi ngày tháng và mỗi con số đều mang những ý nghĩa riêng và có thể giúp bạn hiểu sâu sắc hơn về bản thân, các mối quan hệ và số phận của mình.Bạn có từng băn khoăn khi tình cờ nhìn thấy...",79980,Booklife,2020-12-01 00:00:00,13 x 20 cm,Bìa mềm,280,Nhà Xuất Bản Thanh Niên,1980Books,,,,,,,,,
98,Tiểu Vũ Trụ - Tô Màu Thế Giới 12 Chòm Sao,https://salt.tikicdn.com/cache/280x280/ts/product/e5/4d/2e/ca4d26fe46e5ce5d60c9ee995745d6be.jpg,TỬ VI - CHIÊM TINH,Mèo Vũ Trụ,"Mỗi người được sinh ra với một hình hài, một tính cách sơ khai ban đầu được che chở bởi một chòm sao chiếu mệnh. Quá trình lớn lên, những người ta gặp được, những trải nghiệm vui buồn, những xúc cảm t...",79000,Asbooks,2021-03-01 00:00:00,16 x 20 cm,Bìa mềm,152,Nhà Xuất Bản Thế Giới,Minh họa: Cún,,,,,,,,,
99,Thần Số Học: Thấu Hiểu Nhân Tâm,https://salt.tikicdn.com/cache/280x280/ts/product/68/3f/47/0fc7c4b913ff75bb7b033ed039651a0c.jpg,TỬ VI - CHIÊM TINH,Tống Khánh Thượng,Bạn có từng tự hỏi bạn là ai và sinh ra trong cuộc đời để làm gì không?Bạn có từng đi tìm sứ mệnh của cuộc đời mình mà vẫn chưa thấy không?Bạn có từng thắc mắc mình thực sự muốn gì không?Nếu đang t...,84000,Thái Hà,2021-02-01 00:00:00,14.5 x 20.5 cm,Bìa mềm,238,Nhà Xuất Bản Công Thương,,,,,,,,,,
100,Sinh Trắc Vân Tay - Khám Phá Tiềm Năng Giải Mã Cuộc Đời,https://salt.tikicdn.com/cache/280x280/ts/product/68/f3/4b/fdc857477c1e5d38111abefa03262d85.jpg,TỬ VI - CHIÊM TINH,RICHARD UNGER,"Sinh Trắc Vân Tay Khám Phá Tiềm Năng Giải Mã Cuộc ĐờiVận mệnh của bạn nằm trên đôi bàn tay của bạn. Muốn lập trình vận mệnh của mình hãy giải mã những dấu vân tay. Bạn sẽ tìm ra được điểm mạnh, điểm ...",191300,BIZBOOKS,2021-01-12 00:00:00,15 x 24.5 cm,Bìa mềm,444,Nhà Xuất Bản Hồng Đức,Tôn Nữ Diệu Hạnh,,,,,,,,,
101,Chiêm Tinh Học - Vận Dụng Trí Tuệ Về Các Vì Sao Vào Đời Sống,https://salt.tikicdn.com/cache/280x280/ts/product/29/e1/f8/f1ca47d1a6f41396c3df7ac01f08fab5.jpg,TỬ VI - CHIÊM TINH,Carole Taylor,"Chiêm tinh học - Vận dụng trí tuệ về các vì sao vào đời sốngChiêm tinh học - Vận dụng trí tuệ về các vì sao vào đời sống là cuốn sách giới thiệu tới bạn đọc chiêm tinh là gì thông qua các định nghĩa, ...",297500,Công Ty Cổ Phần Văn Hóa Đông A,2020-08-01 00:00:00,19.3 x 23.3 cm,Bìa cứng,256,Nhà Xuất Bản Dân Trí,AJ,,,,,,,,,
102,Mật Ngữ 12 Chòm Sao,https://salt.tikicdn.com/cache/280x280/media/catalog/product/_/m/_mg_3201_1.jpg,TỬ VI - CHIÊM TINH,Asbooks biên soạn,"Mật Ngữ 12 Chòm Sao “Vòng tròn hoàng đạo” (đường đi của Mặt Trời), tiếng Anh là Horoscope, tiếng Hy Lạp là Zodiac (vòng tròn của các linh vật), là một khái niệm Chiêm tinh học xuất phát từ Babylon cổ...",53900,Asbooks,2013-02-04 00:00:00,12.5 x 20.5 cm,Bìa mềm,295,,,,,,,,,,,
103,Mật Ngữ 12 Chòm Sao - Tập 2: Mật Ngữ Tình Yêu,https://salt.tikicdn.com/cache/280x280/media/catalog/product/9/7/970725_473813086039213_262516931_n.jpg,TỬ VI - CHIÊM TINH,Asbooks biên soạn,"Mật Ngữ 12 Chòm Sao - Tập 2: Mật Ngữ Tình Yêu Vậy là một mùa hè đầy sôi động và rực rỡ đã đến, chắc các bạn đều đã chuẩn cho mình kế hoạch cho một kì nghỉ hè đầy thú vị. Những chuyến du lịch lí thú, ...",61500,Asbooks,2013-06-24 00:00:00,12.5 x 20.5 cm,Bìa mềm,350,,,,,,,,,,,
104, Combo Giải Mã 12 Chòm Sao (Tái Bản 2017),https://salt.tikicdn.com/cache/280x280/media/catalog/product/1/2/12chomsao-1.u5465.d20170913.t173553.532028.jpg,TỬ VI - CHIÊM TINH,Nhiều Tác Giả,"Combo Giải Mã 12 Chòm Sao (Tái Bản 2017) là quyển sách sẽ giúp các bạn hiểu được tính cách của bản thân, đồng nghĩa biết được bản thân nên làm gì, không nên làm gì, hợp tác với người nào thì sẽ thành ...",205200,Wings Books,2017-09-13 00:00:00,11 x 18 cm,Bìa mềm,,,,,,,,,,,,
105,Thiên Yết - Tìm Hiểu Chòm Sao(24/10-22/11),https://salt.tikicdn.com/cache/280x280/media/catalog/producthttps://www.fahasa.com/static/image/600x600/228138.jpg,TỬ VI - CHIÊM TINH,Gia Linh,"Bộ sách ""Tìm hiểu chòm sao"" phân tích và đưa ra những nhận định liên quan tới tính cách, tương lai và vận thế cuộc đời của 12 chòm sao khác nhau trong cung Hoàng Đạo. Cách suy luận về chòm s...",10000,Huy Hoàng Bookstore,,,,,Nhà Xuất Bản Hà Nội,,,,,,,,,,
106,Tử Bình Dễ Hiểu - Vượng Suy Pháp,https://salt.tikicdn.com/cache/280x280/ts/product/29/29/31/091c30e91df2b00136e5c0b8ec8b879a.jpg,TỬ VI - CHIÊM TINH,Alex Alpha,"Đây là cuốn sách ngắn gọn, súc tích và đầy đủ về Tử Bình, hay còn gọi là tứ trụ, bát tự với phương pháp xem mệnh cổ đại sử dụng thiên can địa chi của năm tháng ngày giờ sinh để nhận định về con người,...",199100,Sunbook,2021-05-15 00:00:00,15 x 20.5 cm,Bìa mềm,308,Nhà Xuất Bản Thế Giới,,,,,,,,,,
107,Định Hướng Sự Nghiệp Theo Chiêm Tinh Học - Cung Mọc Sư Tử,https://salt.tikicdn.com/cache/280x280/ts/product/ae/8a/4a/d93534a3d7890ef1e85c65ec01f81b2a.jpg,TỬ VI - CHIÊM TINH,Nhóm Lovedia,"Bộ sách “ĐỊNH HƯỚNG SỰ NGHIỆP THEO CHIÊM TINH HỌC” ra đời với sứ mệnh giúp độc giả khám phá những tiềm năng còn ẩn giấu bên trong bản thân mình, qua đó có định hướng rõ ràng hơn về con đường lập thân,...",28500,Wings Books,2019-11-01 00:00:00,14.5 x 18.5 cm,Bìa mềm,180,,,,,,,,,,,
108,Giải Mã 12 Chòm Sao - Khám Phá Tất Tần Tật Cung Nhân Mã (Tái Bản 2019),https://salt.tikicdn.com/cache/280x280/ts/product/4a/6a/d3/ed62f6196cd18355fac81a9c43ab73e5.jpg,TỬ VI - CHIÊM TINH,Nhiều Tác Giả,"Cùng nhau bước vào hành trình khám phá: - Những điều cực thú vị về tính cách tiềm ẩn của bạn. - Hiểu hơn về sở thích, ưu điểm, nhược điểm của bản thân. - Hoàn thiện mình bằng cách phát huy các thế mạn...",17100, NXB Kim Đồng,,,,,,,,,,,,,,,
109,Hồ Sơ Tính Cách 12 Con Giáp - Bí Mật Tuổi Dậu (Tặng Kèm Postcard),https://salt.tikicdn.com/cache/280x280/ts/product/ab/70/20/8dc9d3a55493685f823f3988a55d1915.jpg,TỬ VI - CHIÊM TINH,Nhóm Lovedia,"Hãy vén màn những bí mật thú vị về thế giới tính cách của từng năm tuổi!Bộ sách gồm 12 cuốn tương ứng với 12 năm tuổi, giới thiệu những kiến thức hấp dẫn về 12 con giáp, hồ sơ tính cách từng năm tuổi...",36500,Wings Books,2021-01-15 00:00:00,14.5 x 18.5 cm,Bìa gập,156,Nhà Xuất Bản Kim Đồng,,,,,,,,,,
110,Giải Mã 12 Chòm Sao - Khám Phá Tất Tần Tật Cung Thiên Yết (Tái Bản 2019),https://salt.tikicdn.com/cache/280x280/ts/product/eb/4a/c0/c3b73a20d4585ca4d5b8be1753faca93.jpg,TỬ VI - CHIÊM TINH,Nhiều Tác Giả,"Cùng nhau bước vào hành trình khám phá: - Những điều cực thú vị về tính cách tiềm ẩn của bạn. - Hiểu hơn về sở thích, ưu điểm, nhược điểm của bản thân. - Hoàn thiện mình bằng cách phát huy các thế mạn...",17100, NXB Kim Đồng,,,,,,,,,,,,,,,
111,Yêu Theo Cung Hoàng Đạo,https://salt.tikicdn.com/cache/280x280/media/catalog/product/y/e/yeutheocunghoangdao.u5465.d20170908.t103723.312769.jpg,TỬ VI - CHIÊM TINH,Hazel Dixon - Cooper,"Yêu Theo Cung Hoàng Đạo là quyển sách cẩm nang sinh tồn trong tình yêu của các bạn trẻ, là một quyển sách vui nhộn, thẳng thắng đi vào vấn đề sẽ giúp bạn hiểu ai là người phù hợp với bạn và ai là ngườ...",65000,Nhã Nam,2017-09-08 00:00:00,14 x 20.5 cm,Bìa mềm,334,,Trí Võ,,,,,,,,,
112,"12 Cung Yêu - Mặt Trời Soi Đường , Kim Tinh Dẫn Lối",https://salt.tikicdn.com/cache/280x280/ts/product/82/3d/ab/0500595b09f59e10e118ea6cc05cfd58.jpg,TỬ VI - CHIÊM TINH,"Khúc Cẩm Huyên,Toma Nguyễn","Cùng với Mặt Trời của 12 cung hoàng đạo, thì Kim Tinh (tên tiếng Anh là Venus, hành tinh chủ quản của tình yêu, của những mối quan hệ tình cảm) cũng sẽ hé lộ rất nhiều bí mật mà trái tim mỗi người vẫn...",68100,Nhà Xuất Bản Kim Đồng,2019-06-01 00:00:00,15 x 22 cm,Bìa mềm,192,,,,,,,,,,,
113,Giải Mã 12 Chòm Sao - Khám Phá Tất Tần Tật Cung Kim Ngưu (Tái Bản 2019),https://salt.tikicdn.com/cache/280x280/ts/product/de/67/ce/893a731f61be701ef307ef9a01aacb84.jpg,TỬ VI - CHIÊM TINH,Nhiều Tác Giả,"Cùng nhau bước vào hành trình khám phá: - Những điều cực thú vị về tính cách tiềm ẩn của bạn. - Hiểu hơn về sở thích, ưu điểm, nhược điểm của bản thân. - Hoàn thiện mình bằng cách phát huy các thế mạn...",17100, NXB Kim Đồng,,,,,,,,,,,,,,,
114,Hồ Sơ Tính Cách 12 Con Giáp - Bí Mật Tuổi Tí (Tặng Kèm Postcard),https://salt.tikicdn.com/cache/280x280/ts/product/7d/69/f6/882782895b55bc6d087a8dccd776f521.jpg,TỬ VI - CHIÊM TINH,Nhóm Lovedia,"Hãy vén màn những bí mật thú vị về thế giới tính cách của từng năm tuổi!Bộ sách gồm 12 cuốn tương ứng với 12 năm tuổi, giới thiệu những kiến thức hấp dẫn về 12 con giáp, hồ sơ tính cách từng năm tuổi...",36500,Wings Books,2021-01-01 00:00:00,14.5 x 18.5 cm,Bìa gập,156,Nhà Xuất Bản Kim Đồng,,,,,,,,,,
115,Kim Ngưu - Tìm Hiểu Chòm Sao Taurus (21/4-21/5),https://salt.tikicdn.com/cache/280x280/ts/product/f3/bd/43/a3e77274bda0af75b4e3880784192c44.jpg,TỬ VI - CHIÊM TINH,Gia Linh,"Bộ sách ""Tìm hiểu chòm sao"" phân tích và đưa ra những nhận định liên quan tới tính cách, tương lai và vận thế cuộc đời của 12 chòm sao khác nhau trong cung Hoàng Đạo. Cách suy luận về chòm sao mà sách...",10000,NXB Hà Nội,,,,,,,,,,,,,,,
116,12 Cung Hành Động,https://salt.tikicdn.com/cache/280x280/ts/product/40/5e/38/3dd1aca2fd91903e095e1764fe4b1781.jpg,TỬ VI - CHIÊM TINH,Minh Nhựt,"Mỗi chúng ta sinh ra đều đã mang sinh mệnh của một ngôi sao xa xăm. Từ xửa xừa xưa, các nhà chiêm tinh đã học cách nhìn các chòm sao trên trời cao để giải mã về loài người và vạn vật, sau đó đúc kết t...",68000,NXB Kim Đồng,,,,,,,,,,,,,,,
117,Định Hướng Sự Nghiệp Theo Chiêm Tinh Học - Cung Mọc Cự Giải,https://salt.tikicdn.com/cache/280x280/ts/product/bc/81/44/d6287c021848d3543ed8fb6c4278b912.jpg,TỬ VI - CHIÊM TINH,Nhóm Lovedia,"Bộ sách “ĐỊNH HƯỚNG SỰ NGHIỆP THEO CHIÊM TINH HỌC” ra đời với sứ mệnh giúp độc giả khám phá những tiềm năng còn ẩn giấu bên trong bản thân mình, qua đó có định hướng rõ ràng hơn về con đường lập thân,...",28500,Wings Books,2019-11-01 00:00:00,14.5 x 18.5 cm,Bìa mềm,180,,,,,,,,,,,
118,Định Hướng Sự Nghiệp Theo Chiêm Tinh Học - Cung Mọc Ma Kết,https://salt.tikicdn.com/cache/280x280/ts/product/8d/79/a4/123028f42a99b539c9c3678ebc7c6544.jpg,TỬ VI - CHIÊM TINH,Nhóm Lovedia,"Bộ sách “ĐỊNH HƯỚNG SỰ NGHIỆP THEO CHIÊM TINH HỌC” ra đời với sứ mệnh giúp độc giả khám phá những tiềm năng còn ẩn giấu bên trong bản thân mình, qua đó có định hướng rõ ràng hơn về con đường lập thân,...",25000,Wings Books,2019-11-01 00:00:00,14.5 x 18.5 cm,Bìa mềm,180,,,,,,,,,,,
119,365 Ngày Hoàng Đạo - Xử Nữ (Tái Bản 2019),https://salt.tikicdn.com/cache/280x280/ts/product/6d/f3/ba/5113fb80656ab4993a53e076a2038f09.jpg,TỬ VI - CHIÊM TINH,Nhóm Lovedia,"Mỗi năm có 365 ngày, đó là 365 tình huống, 365 cơ hội, 365 bài toán khó luôn chờ mỗi chúng ta bước đến và chinh phục! Từ những tình huống thường gặp trong cuộc sống, chẳng của riêng ai, như việc cần l...",31090,Wings Books,2019-05-01 00:00:00,13 x 19 cm,Bìa mềm,168,,,,,,,,,,,
120,Định Hướng Sự Nghiệp Theo Chiêm Tinh Học - Cung Mọc Song Tử,https://salt.tikicdn.com/cache/280x280/ts/product/de/5b/5f/4b141e00064e950e17b91f84e078c5e2.jpg,TỬ VI - CHIÊM TINH,Nhóm Lovedia,"Bộ sách “ĐỊNH HƯỚNG SỰ NGHIỆP THEO CHIÊM TINH HỌC” ra đời với sứ mệnh giúp độc giả khám phá những tiềm năng còn ẩn giấu bên trong bản thân mình, qua đó có định hướng rõ ràng hơn về con đường lập thân,...",23400,Wings Books,2019-11-01 00:00:00,14.5 x 18.5 cm,Bìa mềm,180,,,,,,,,,,,
121,Giải Mã 12 Chòm Sao - Khám Phá Tất Tần Tật Cung Xử Nữ (Tái Bản 2019),https://salt.tikicdn.com/cache/280x280/ts/product/dc/9f/68/48a74dc204cec4fc2d0714ffbd7c8d47.jpg,TỬ VI - CHIÊM TINH,Nhiều Tác Giả,"Cùng nhau bước vào hành trình khám phá: - Những điều cực thú vị về tính cách tiềm ẩn của bạn. - Hiểu hơn về sở thích, ưu điểm, nhược điểm của bản thân. - Hoàn thiện mình bằng cách phát huy các thế mạn...",17100, NXB Kim Đồng,,,,,,,,,,,,,,,
122,12 Góc Khuất Tâm Hồn - Mặt Trăng Cự Giải,https://salt.tikicdn.com/cache/280x280/ts/product/95/f9/2b/107a4fcb258836b117299ad42dad4d81.jpg,TỬ VI - CHIÊM TINH,Nhóm Lovedia,"Cung Mặt Trăng và những điều chưa biết về bạnNếu là một tín đồ của Horo, chắc hẳn bạn sẽ biết trên bản đồ sao có 3 vị trí quan trọng có ảnh hưởng lớn đến việc hình thành tính cách mỗi người: cung Mọc...",31900,Wings Books,2018-08-08 00:00:00,14.5 x 18.5 cm,Bìa mềm,132,,,,,,,,,,,
123,Giải Mã 12 Chòm Sao - Khám Phá Tất Tần Tật Cung Sư Tử (Tái Bản 2019),https://salt.tikicdn.com/cache/280x280/ts/product/aa/3a/a5/037beacdb56d856d5f15dc9f9684af4b.jpg,TỬ VI - CHIÊM TINH,Nhiều Tác Giả,"Cùng nhau bước vào hành trình khám phá: - Những điều cực thú vị về tính cách tiềm ẩn của bạn. - Hiểu hơn về sở thích, ưu điểm, nhược điểm của bản thân. - Hoàn thiện mình bằng cách phát huy các thế mạn...",17100, NXB Kim Đồng,,,,,,,,,,,,,,,
124,Định Hướng Sự Nghiệp Theo Chiêm Tinh Học - Cung Mọc Xử Nữ,https://salt.tikicdn.com/cache/280x280/ts/product/55/34/f3/daeda3997c967a27fe1d88d719038617.jpg,TỬ VI - CHIÊM TINH,Nhóm Lovedia,"Bộ sách “ĐỊNH HƯỚNG SỰ NGHIỆP THEO CHIÊM TINH HỌC” ra đời với sứ mệnh giúp độc giả khám phá những tiềm năng còn ẩn giấu bên trong bản thân mình, qua đó có định hướng rõ ràng hơn về con đường lập thân,...",28500,Wings Books,2019-11-01 00:00:00,14.5 x 18.5 cm,Bìa mềm,180,,,,,,,,,,,
125,Khám Phá Mật Ngữ 12 Chòm Sao,https://salt.tikicdn.com/cache/280x280/ts/product/fa/df/d3/f2c5749a901c2ddd30fd9de9f9f38988.jpg,TỬ VI - CHIÊM TINH,Thiện Nhân,"Khám Phá Mật Ngữ 12 Chòm Sao   Mỗi người chúng ta, ai cũng đều có khoảng không   Vlgian tâm lí vô hình, vô hạn thật phong phú và cũng thật bí ẩn. Đấy là một đặc trưng mang tính riêng tư mà khó ai dá...",32000,Cty TNHH TM&DV VH GD Phía Nam,,,,,Nhà Xuất Bản Thanh Hóa,,,,,,,,,,
126,12 Góc Khuất Tâm Hồn - Mặt Trăng Sư Tử,https://salt.tikicdn.com/cache/280x280/ts/product/a4/dd/7c/29106b8003bb4e984c49b76de3d69c6a.jpg,TỬ VI - CHIÊM TINH,Nhóm Lovedia,"Cung Mặt Trăng và những điều chưa biết về bạnNếu là một tín đồ của Horo, chắc hẳn bạn sẽ biết trên bản đồ sao có 3 vị trí quan trọng có ảnh hưởng lớn đến việc hình thành tính cách mỗi người: cung Mọc...",32400,Wings Books,2018-08-08 00:00:00,14.5 x 18.5 cm,Bìa mềm,132,,,,,,,,,,,
127,Định Hướng Sự Nghiệp Theo Chiêm Tinh Học - Cung Mọc Kim Ngưu,https://salt.tikicdn.com/cache/280x280/ts/product/f7/74/ae/d73b6fde20af0887f1af096a877d67ae.jpg,TỬ VI - CHIÊM TINH,Nhóm Lovedia,"Bộ sách “ĐỊNH HƯỚNG SỰ NGHIỆP THEO CHIÊM TINH HỌC” ra đời với sứ mệnh giúp độc giả khám phá những tiềm năng còn ẩn giấu bên trong bản thân mình, qua đó có định hướng rõ ràng hơn về con đường lập thân,...",24300,Wings Books,2019-11-01 00:00:00,14.5 x 18.5 cm,Bìa mềm,180,,,,,,,,,,,
128,12 Góc Khuất Tâm Hồn - Mặt Trăng Ma Kết,https://salt.tikicdn.com/cache/280x280/ts/product/8b/ee/75/c987f63a7e53e85b264920455fa8f78c.jpg,TỬ VI - CHIÊM TINH,Nhóm Lovedia,"Cung Mặt Trăng và những điều chưa biết về bạnNếu là một tín đồ của Horo, chắc hẳn bạn sẽ biết trên bản đồ sao có 3 vị trí quan trọng có ảnh hưởng lớn đến việc hình thành tính cách mỗi người: cung Mọc...",31900,Wings Books,2018-08-08 00:00:00,14.5 x 18.5 cm,Bìa mềm,132,,,,,,,,,,,
129,365 Ngày Hoàng Đạo - Bảo Bình (Tái Bản 2019),https://salt.tikicdn.com/cache/280x280/ts/product/3c/e0/8d/91a5e21bc30226509c3a6e6b9b072626.jpg,TỬ VI - CHIÊM TINH,Nhóm Lovedia,"Mỗi năm có 365 ngày, đó là 365 tình huống, 365 cơ hội, 365 bài toán khó luôn chờ mỗi chúng ta bước đến và chinh phục! Từ những tình huống thường gặp trong cuộc sống, chẳng của riêng ai, như việc cần l...",38000,Wings Books,2019-05-01 00:00:00,13 x 19 cm,Bìa mềm,168,,,,,,,,,,,
130,365 Ngày Hoàng Đạo - Kim Ngưu (Tái Bản 2019),https://salt.tikicdn.com/cache/280x280/ts/product/23/a9/d1/6c0ee29e2fd4d6ea3bb5e278d8d9392f.jpg,TỬ VI - CHIÊM TINH,Nhóm Lovedia,"Mỗi năm có 365 ngày, đó là 365 tình huống, 365 cơ hội, 365 bài toán khó luôn chờ mỗi chúng ta bước đến và chinh phục! Từ những tình huống thường gặp trong cuộc sống, chẳng của riêng ai, như việc cần l...",31800,Wings Books,2019-05-01 00:00:00,13 x 19 cm,Bìa mềm,172,,,,,,,,,,,
131,365 Ngày Hoàng Đạo - Cự Giải (Tái Bản 2019),https://salt.tikicdn.com/cache/280x280/ts/product/2a/56/e1/0ba3799fa54f3cbd0a0e064eab4c2fbe.jpg,TỬ VI - CHIÊM TINH,Nhóm Lovedia,"Mỗi năm có 365 ngày, đó là 365 tình huống, 365 cơ hội, 365 bài toán khó luôn chờ mỗi chúng ta bước đến và chinh phục! Từ những tình huống thường gặp trong cuộc sống, chẳng của riêng ai, như việc cần l...",31790,Wings Books,2019-05-01 00:00:00,13 x 19 cm,Bìa mềm,172,,,,,,,,,,,
132,Hồ Sơ Tính Cách 12 Con Giáp - Bí Mật Tuổi Tuất (Tặng Kèm Postcard),https://salt.tikicdn.com/cache/280x280/ts/product/30/69/dd/1cdacacc307435d8329f9f99b90d5445.jpg,TỬ VI - CHIÊM TINH,Nhóm Lovedia,"Hãy vén màn những bí mật thú vị về thế giới tính cách của từng năm tuổi!Bộ sách gồm 12 cuốn tương ứng với 12 năm tuổi, giới thiệu những kiến thức hấp dẫn về 12 con giáp, hồ sơ tính cách từng năm tuổi...",36500,Wings Books,2021-01-15 00:00:00,14.5 x 18.5 cm,Bìa gập,156,Nhà Xuất Bản Kim Đồng,,,,,,,,,,
133,Sổ Tay Một Vòng Hoàng Đạo 2017 - Bạch Dương,https://salt.tikicdn.com/cache/280x280/media/catalog/product/b/a/bach-duong.u634.d20161110.t154406.599092.jpg,TỬ VI - CHIÊM TINH,Lovedia,"Sổ Tay Một Vòng Hoàng Đạo 2017 - Bạch Dương Sổ Tay Một Vòng Hoàng Đạo 2017 - Bạch Dương - Các hành tinh luôn không ngừng di chuyển trên bầu trời, và bởi thế, chúng cũng chẳng bao giờ chịu đứng yên mộ...",38400,Asbooks,2016-11-21 00:00:00,12.5 x 19 cm ,Bìa mềm,136,,,,,,,,,,,
134,365 Ngày Hoàng Đạo - Song Ngư (Tái Bản 2019),https://salt.tikicdn.com/cache/280x280/ts/product/ae/55/0b/dd31ee854c327618a474cf99216af8d4.jpg,TỬ VI - CHIÊM TINH,Nhóm Lovedia,"Mỗi năm có 365 ngày, đó là 365 tình huống, 365 cơ hội, 365 bài toán khó luôn chờ mỗi chúng ta bước đến và chinh phục! Từ những tình huống thường gặp trong cuộc sống, chẳng của riêng ai, như việc cần l...",30400,Wings Books,2019-05-01 00:00:00,13 x 19 cm,Bìa mềm,148,,,,,,,,,,,
135,Hồ Sơ Tính Cách 12 Con Giáp - Bí Mật Tuổi Sửu (Tặng Kèm Postcard),https://salt.tikicdn.com/cache/280x280/ts/product/4f/15/ec/0626b8579a9b8320ad0acecde778b07c.jpg,TỬ VI - CHIÊM TINH,Nhóm Lovedia,"Hãy vén màn những bí mật thú vị về thế giới tính cách của từng năm tuổi!Bộ sách gồm 12 cuốn tương ứng với 12 năm tuổi, giới thiệu những kiến thức hấp dẫn về 12 con giáp, hồ sơ tính cách từng năm tuổi...",36500,Wings Books,2021-01-01 00:00:00,14.5 x 18.5 cm,Bìa gập,156,Nhà Xuất Bản Kim Đồng,,,,,,,,,,
136,Hồ Sơ Tính Cách 12 Con Giáp - Bí Mật Tuổi Ngọ (Tặng Kèm Postcard),https://salt.tikicdn.com/cache/280x280/ts/product/eb/a0/38/26ae5d798b2ca724e71ee14b857e4e47.jpg,TỬ VI - CHIÊM TINH,Nhóm Lovedia,"Hãy vén màn những bí mật thú vị về thế giới tính cách của từng năm tuổi!Bộ sách gồm 12 cuốn tương ứng với 12 năm tuổi, giới thiệu những kiến thức hấp dẫn về 12 con giáp, hồ sơ tính cách từng năm tuổi...",36500,Wings Books,,14.5 x 18.5 cm,Bìa gập,156,Nhà Xuất Bản Kim Đồng,,,,,,,,,,
137,Hồ Sơ Tính Cách 12 Con Giáp - Bí Mật Tuổi Thân (Tặng Kèm Postcard),https://salt.tikicdn.com/cache/280x280/ts/product/14/18/50/ac174b1a012fdf5f3e01411ea769f0e4.jpg,TỬ VI - CHIÊM TINH,Nhóm Lovedia,"Hãy vén màn những bí mật thú vị về thế giới tính cách của từng năm tuổi!Bộ sách gồm 12 cuốn tương ứng với 12 năm tuổi, giới thiệu những kiến thức hấp dẫn về 12 con giáp, hồ sơ tính cách từng năm tuổi...",36500,Wings Books,2021-01-15 00:00:00,14.5 x 18.5 cm,Bìa gập,156,Nhà Xuất Bản Kim Đồng,,,,,,,,,,
138,Hồ Sơ Tính Cách 12 Con Giáp - Bí Mật Tuổi Hợi (Tặng Kèm Postcard),https://salt.tikicdn.com/cache/280x280/ts/product/f6/5a/d9/a4b3d565cb4c77272ac1eb169dbff6bb.jpg,TỬ VI - CHIÊM TINH,Nhóm Lovedia,"Hãy vén màn những bí mật thú vị về thế giới tính cách của từng năm tuổi!Bộ sách gồm 12 cuốn tương ứng với 12 năm tuổi, giới thiệu những kiến thức hấp dẫn về 12 con giáp, hồ sơ tính cách từng năm tuổi...",36500,Wings Books,2021-01-15 00:00:00,14.5 x 18.5 cm,Bìa gập,156,Nhà Xuất Bản Kim Đồng,,,,,,,,,,
139,Sổ Tay Một Vòng Hoàng Đạo 2017 - Cự Giải,https://salt.tikicdn.com/cache/280x280/media/catalog/product/c/u/cu-giai.u634.d20161110.t162412.79764.jpg,TỬ VI - CHIÊM TINH,Lovedia,"Sổ Tay Một Vòng Hoàng Đạo 2017 - Cự Giải Sổ Tay Một Vòng Hoàng Đạo 2017 - Cự Giải - Các hành tinh luôn không ngừng di chuyển trên bầu trời, và bởi thế, chúng cũng chẳng bao giờ chịu đứng yên một chỗ ...",38400,Asbooks,2016-11-21 00:00:00,12.5 x 19 cm ,Bìa mềm,136,,,,,,,,,,,
140,Hồ Sơ Tính Cách 12 Con Giáp - Bí Mật Tuổi Tị (Tặng Kèm Postcard),https://salt.tikicdn.com/cache/280x280/ts/product/dc/86/4d/64278cb6f18c52425a4d1c2d43aa73aa.jpg,TỬ VI - CHIÊM TINH,Nhóm Lovedia,"Hãy vén màn những bí mật thú vị về thế giới tính cách của từng năm tuổi!Bộ sách gồm 12 cuốn tương ứng với 12 năm tuổi, giới thiệu những kiến thức hấp dẫn về 12 con giáp, hồ sơ tính cách từng năm tuổi...",36500,Wings Books,,14.5 x 18.5 cm,Bìa gập,156,Nhà Xuất Bản Kim Đồng,,,,,,,,,,
141,Hồ Sơ Tính Cách 12 Con Giáp - Bí Mật Tuổi Mão (Tặng Kèm Postcard),https://salt.tikicdn.com/cache/280x280/ts/product/23/6a/cc/90860157cba3dc53575d473ec6ed7974.jpg,TỬ VI - CHIÊM TINH,Nhóm Lovedia,"Hãy vén màn những bí mật thú vị về thế giới tính cách của từng năm tuổi!Bộ sách gồm 12 cuốn tương ứng với 12 năm tuổi, giới thiệu những kiến thức hấp dẫn về 12 con giáp, hồ sơ tính cách từng năm tuổi...",36500,Wings Books,,14.5 x 18.5 cm,Bìa gập,156,Nhà Xuất Bản Kim Đồng,,,,,,,,,,
142,Thôi miên bằng ngôn từ (bản 2018 bìa hình đen) + kèm 1 bookmark hình ngẫu nhiên,https://salt.tikicdn.com/cache/280x280/ts/product/19/69/5b/5b43695f7b9517191be7a8c08214acc6.jpg,TỬ VI - CHIÊM TINH,Joe Vitale,Làm thế nào để thu hút và thuyết phục khách hàng chỉ bằng ngôn từ của bạn?“Bản chất ngôn từ là phép thuật và kể từ thời cổ đại đến ngày nay ngôn từ vẫn giữ được hầu hết quyền năng phép thuật của chún...,135000,BIZBOOKS,2018-12-23 00:48:37,"<p>15,5x24</p>",Bìa mềm,386,,Phúc Lâm,,,,,,,,,
143,12 Góc Khuất Tâm Hồn - Mặt Trăng Song Tử,https://salt.tikicdn.com/cache/280x280/ts/product/cd/a3/f2/cd6dad989e93fe42e1c91636585c744a.jpg,TỬ VI - CHIÊM TINH,Nhóm Lovedia,"Cung Mặt Trăng và những điều chưa biết về bạnNếu là một tín đồ của Horo, chắc hẳn bạn sẽ biết trên bản đồ sao có 3 vị trí quan trọng có ảnh hưởng lớn đến việc hình thành tính cách mỗi người: cung Mọc...",28800,Wings Books,2018-08-08 00:00:00,14.5 x 18.5 cm,Bìa mềm,132,,,,,,,,,,,
144,Sách - Chiêm Tinh Học Nhập Môn,https://salt.tikicdn.com/cache/280x280/ts/product/67/ff/c6/d5abc1db1f65dd760350c9d8abcd6c6d.jpg,TỬ VI - CHIÊM TINH,Chiêm tinh số,"       THÔNG BÁO PHÁT HÀNH   CHIÊM TINH HỌC NHẬP MÔN   Bạn cảm thấy mình không giống một Xử Nữ, một Nhân Mã, một Kim Ngưu... cho lắm?   Bạn muốn biết sau này mình có giàu không, bao giờ mình có n...",81000,Asbooks,,,,176,Nhà Xuất Bản Thế Giới,,,,,,,,,,
145,Toàn Thư Chiêm Tinh Học Nhập Môn,https://salt.tikicdn.com/cache/280x280/ts/product/27/c9/66/cef5360dc2812072079bc58a9b868add.jpg,TỬ VI - CHIÊM TINH,Joanna Martine Woolfolk,"Hơn nửa đời người hành nghề chiêm tinh, tôi nhận ra rằng: Ai trong chúng ta đều muốn hiểu rõ hơn chính là bản thân mình. Bạn chắc chắn đã từng tự hỏi “Tôi là ai?”,  bạn muốn biết động cơ nào đang thúc...",326000,Saigon Books,2020-10-01 00:00:00,20.5 x 23.5 cm,Bìa cứng,508,Nhà Xuất Bản Thế Giới,Nguyễn Ngọc Hân,,,,,,,,,
146,Hồ Sơ Tính Cách 12 Con Giáp - Bí Mật Tuổi Thìn (Tặng Kèm Postcard),https://salt.tikicdn.com/cache/280x280/ts/product/0b/33/da/ac78c02b70e66ccbbeb123b5e7040be4.jpg,TỬ VI - CHIÊM TINH,Nhóm Lovedia,"Hãy vén màn những bí mật thú vị về thế giới tính cách của từng năm tuổi!Bộ sách gồm 12 cuốn tương ứng với 12 năm tuổi, giới thiệu những kiến thức hấp dẫn về 12 con giáp, hồ sơ tính cách từng năm tuổi...",36500,Wings Books,,14.5 x 18.5 cm,Bìa gập,156,Nhà Xuất Bản Kim Đồng,,,,,,,,,,
147,Hồ Sơ Tính Cách 12 Con Giáp - Bí Mật Tuổi Mùi (Tặng Kèm Postcard),https://salt.tikicdn.com/cache/280x280/ts/product/4a/2e/bf/c64498e5cb3c76987b6c1f0da6ad56d1.jpg,TỬ VI - CHIÊM TINH,Nhóm Lovedia,"Hãy vén màn những bí mật thú vị về thế giới tính cách của từng năm tuổi!Bộ sách gồm 12 cuốn tương ứng với 12 năm tuổi, giới thiệu những kiến thức hấp dẫn về 12 con giáp, hồ sơ tính cách từng năm tuổi...",38900,Wings Books,2021-01-15 00:00:00,14.5 x 18.5 cm,Bìa gập,156,Nhà Xuất Bản Kim Đồng,,,,,,,,,,
148,365 Ngày Hoàng Đạo - Ma Kết (Tái Bản 2019),https://salt.tikicdn.com/cache/280x280/ts/product/51/ba/a6/7567581a2803c2f3acc948404234530d.jpg,TỬ VI - CHIÊM TINH,Nhóm Lovedia,"Mỗi năm có 365 ngày, đó là 365 tình huống, 365 cơ hội, 365 bài toán khó luôn chờ mỗi chúng ta bước đến và chinh phục! Từ những tình huống thường gặp trong cuộc sống, chẳng của riêng ai, như việc cần l...",34200,Wings Books,2019-05-01 00:00:00,13 x 19 cm,Bìa mềm,172,,,,,,,,,,,
149,Định Hướng Sự Nghiệp Theo Chiêm Tinh Học - Cung Mọc Thiên Bình,https://salt.tikicdn.com/cache/280x280/ts/product/df/09/c9/3c72901069b4e81198ba1a314f049592.jpg,TỬ VI - CHIÊM TINH,Nhóm Lovedia,"Bộ sách “ĐỊNH HƯỚNG SỰ NGHIỆP THEO CHIÊM TINH HỌC” ra đời với sứ mệnh giúp độc giả khám phá những tiềm năng còn ẩn giấu bên trong bản thân mình, qua đó có định hướng rõ ràng hơn về con đường lập thân,...",28500,Wings Books,2019-11-01 00:00:00,14.5 x 18.5 cm,Bìa mềm,180,,,,,,,,,,,
150,Hồ Sơ Tính Cách 12 Con Giáp - Bí Mật Tuổi Dần (Tặng Kèm Postcard),https://salt.tikicdn.com/cache/280x280/ts/product/7b/22/cb/31485b300be10e0698567f989388219a.jpg,TỬ VI - CHIÊM TINH,Nhóm Lovedia,"Hãy vén màn những bí mật thú vị về thế giới tính cách của từng năm tuổi!Bộ sách gồm 12 cuốn tương ứng với 12 năm tuổi, giới thiệu những kiến thức hấp dẫn về 12 con giáp, hồ sơ tính cách từng năm tuổi...",36500,Wings Books,,14.5 x 18.5 cm,Bìa gập,156,Nhà Xuất Bản Kim Đồng,,,,,,,,,,
151,Mật Ngữ 12 Chòm Sao - Dành Cho Tuổi Teen,https://salt.tikicdn.com/cache/280x280/ts/product/5f/91/d3/2af9c1f5ac3f05d381dc486623ab108b.jpg,TỬ VI - CHIÊM TINH,Lê Hùng,Mật Ngữ 12 Chòm Sao - Dành Cho Tuổi Teen...,36000,Cty TNHH TM&DV VH GD Phía Nam,,,,,Nhà Xuất Bản Văn Hóa Văn Nghệ,,,,,,,,,,
152,Thần số học: Thấu hiểu nhân tâm,https://salt.tikicdn.com/cache/280x280/ts/product/68/3f/47/575c2fa11149852b57d210645dd02a8b.jpg,TỬ VI - CHIÊM TINH,Tống Khánh Thượng,Bạn có từng tự hỏi bạn là ai và sinh ra trong cuộc đời để làm gì không?Bạn có từng đi tìm sứ mệnh của cuộc đời mình mà vẫn chưa thấy không?Bạn có từng thắc mắc mình thực sự muốn gì không?Nếu đang t...,84000,Thái Hà,2021-06-04 15:28:20,,Bìa mềm,238,Nhà Xuất Bản Công Thương,,2021,,,,,,,,
153,Hành Trình Trái Tim Nhóm Cung Lửa,https://salt.tikicdn.com/cache/280x280/ts/product/6b/64/8d/561882ac9e440f11c70a4f4e74b9efae.jpg,TỬ VI - CHIÊM TINH,Nhóm Lovedia,"Hành Trình Trái Tim Nhóm Cung LửaChúng ta không chỉ được chia thành 12 kiểu tính cách theo 12 cung hoàng đạo, mà còn bắt cặp, chia nhóm với nhau trong bốn nhóm nguyên tố cơ bản hình thành nên vạn vật...",38000,Wings Books,2018-03-19 00:00:00,14.5 x 18.5 cm,Bìa mềm,188,,,,,,,,,,,
154,Tìm Hiểu Năm Tháng Đời Người Qua Kiến Thức Của Tiền Nhân,https://salt.tikicdn.com/cache/280x280/ts/product/36/cb/6a/703d25855d5182bbba4df4c3841977b7.jpg,TỬ VI - CHIÊM TINH,Trung Nghĩa,"Tìm hiểu năm tháng đời người qua kiến thức của Tiền nhânNhằm giúp các bạn tham khảo vấn đề trọng đại và thiết thực này, chúng tôi đã khảo cứu nhiều sách báo, nhiều tài liệu mạnh dạn biên soạn cuốn sá...",79000,Công ty MTV DV - VH Khang Việt,2020-10-01 00:00:00,16 x 24 cm,Bìa mềm,256,Nhà Xuất Bản Thanh Hóa,,,,,,,,,,
155,[Bản Đặc Biệt] Huyến Thoại Pháp Sư 12 Chòm Sao - Tập 2 (Tái Bản 2020) - Tặng Kèm 6 Thẻ Bài Horoscope,https://salt.tikicdn.com/cache/280x280/ts/product/f8/36/b7/793ece481fa2df41af90fef65c548938.jpg,TỬ VI - CHIÊM TINH,Thor Aesir,[Bản Đặc Biệt] Huyến Thoại Pháp Sư 12 Chòm Sao - Tập 2 (Tái Bản 2020) - Tặng Kèm 6 Thẻ Bài Horoscope   Sự trở lại của trọn bộ “Huyền thoại pháp sư 12 chòm sao” – Bộ sách Fantasy về cung hoàng đạo bán...,111200,Skybooks,,,,,Nhà Xuất Bản Thế Giới,,,,,,,,,,
156,365 Ngày Hoàng Đạo - Sư Tử (Tái Bản 2019),https://salt.tikicdn.com/cache/280x280/ts/product/28/49/3c/17b6c37f48ef42786950e1500cef7afe.jpg,TỬ VI - CHIÊM TINH,Nhóm Lovedia,"Mỗi năm có 365 ngày, đó là 365 tình huống, 365 cơ hội, 365 bài toán khó luôn chờ mỗi chúng ta bước đến và chinh phục! Từ những tình huống thường gặp trong cuộc sống, chẳng của riêng ai, như việc cần l...",38000,Wings Books,2019-05-01 00:00:00,,Bìa mềm,172,,,,,,,,,,,
157,Giải Mã 12 Chòm Sao - Khám Phá Tất Tần Tật Cung Ma Kết (Tái Bản 2019),https://salt.tikicdn.com/cache/280x280/ts/product/3d/12/07/6b17f5614e55c4fdabf83b033c4b846b.jpg,TỬ VI - CHIÊM TINH,Nhiều Tác Giả,"Cùng nhau bước vào hành trình khám phá: - Những điều cực thú vị về tính cách tiềm ẩn của bạn. - Hiểu hơn về sở thích, ưu điểm, nhược điểm của bản thân. - Hoàn thiện mình bằng cách phát huy các thế mạn...",17100, NXB Kim Đồng,,,,,,,,,,,,,,,
158,Maya Thần Bí - Cung Hoàng Đạo Của Người Maya Cổ Đại,https://salt.tikicdn.com/cache/280x280/ts/product/f8/73/24/03c5ee52c557340886d17132df01df1b.jpg,TỬ VI - CHIÊM TINH,Trần Huyền Trang,"Maya Thần Bí - Cung Hoàng Đạo Của Người Maya Cổ ĐạiBộ sách gồm 3 cuốn: Mật mã Ai Cập, Ẩn số Celtic, Maya thần bí sẽ đưa bạn ngược dòng thời gian để khám phá những bí mật thú vị về thế giới Chiêm tinh...",28500,Wings Books,2018-03-19 00:00:00,11 x 18 cm,Bìa mềm,112,,,,,,,,,,,
159,Huyền Thoại Pháp Sư - 12 Chòm Sao (Tập 3) - Tái Bản 2020,https://salt.tikicdn.com/cache/280x280/ts/product/9d/37/fd/09ab8208bb8b51738e73533ed8d1a698.jpg,TỬ VI - CHIÊM TINH,Thor Aesir,"Huyền Thoại Pháp Sư - 12 Chòm Sao (Tập 3)   Huyền thoại pháp sư 12 chòm sao - loạt truyện nổi tiếng và hấp dẫn nhất về các cung Hoàng đạo của tác giả Thor Aesir đã trở lại, với phần tiếp theo là cuộc...",78400,Skybooks,,,,,Nhà Xuất Bản Thế Giới,,,,,,,,,,
160,365 Ngày Hoàng Đạo - Thiên Yết (Tái Bản 2019),https://salt.tikicdn.com/cache/280x280/ts/product/a9/c0/b8/d198d46939e8865f16f0b9fd0ad74970.jpg,TỬ VI - CHIÊM TINH,Nhóm Lovedia,"Mỗi năm có 365 ngày, đó là 365 tình huống, 365 cơ hội, 365 bài toán khó luôn chờ mỗi chúng ta bước đến và chinh phục! Từ những tình huống thường gặp trong cuộc sống, chẳng của riêng ai, như việc cần l...",34200,Wings Books,2019-05-01 00:00:00,13 x 19 cm,Bìa mềm,164,,,,,,,,,,,
161,Định Hướng Sự Nghiệp Theo Chiêm Tinh Học - Cung Mọc Bạch Dương,https://salt.tikicdn.com/cache/280x280/ts/product/79/b4/0f/3059581d5543ef4b9e2622241fc31bff.jpg,TỬ VI - CHIÊM TINH,Nhóm Lovedia,"Bộ sách “ĐỊNH HƯỚNG SỰ NGHIỆP THEO CHIÊM TINH HỌC” ra đời với sứ mệnh giúp độc giả khám phá những tiềm năng còn ẩn giấu bên trong bản thân mình, qua đó có định hướng rõ ràng hơn về con đường lập thân,...",28500,Wings Books,2019-11-01 00:00:00,14.5 x 18.5 cm,Bìa mềm,180,,,,,,,,,,,
162,Giải Mã 12 Chòm Sao - Khám Phá Tất Tần Tật Cung Song Tử (Tái Bản 2019),https://salt.tikicdn.com/cache/280x280/ts/product/48/cd/1a/df917863c63395124672680851a183fc.jpg,TỬ VI - CHIÊM TINH,Nhiều Tác Giả,"Cùng nhau bước vào hành trình khám phá: - Những điều cực thú vị về tính cách tiềm ẩn của bạn. - Hiểu hơn về sở thích, ưu điểm, nhược điểm của bản thân. - Hoàn thiện mình bằng cách phát huy các thế mạn...",17100, NXB Kim Đồng,,,,,,,,,,,,,,,
163,Giải Mã 12 Chòm Sao - Khám Phá Tất Tần Tật Cung Bảo Bình (Tái Bản 2019),https://salt.tikicdn.com/cache/280x280/ts/product/c0/12/5d/6cf7926c32f39de73fe9c7951bc79caf.jpg,TỬ VI - CHIÊM TINH,Nhiều Tác Giả,"Cùng nhau bước vào hành trình khám phá: - Những điều cực thú vị về tính cách tiềm ẩn của bạn. - Hiểu hơn về sở thích, ưu điểm, nhược điểm của bản thân. - Hoàn thiện mình bằng cách phát huy các thế mạn...",17100, NXB Kim Đồng,,,,,,,,,,,,,,,
164,365 Ngày Hoàng Đạo - Nhân Mã (Tái Bản 2019),https://salt.tikicdn.com/cache/280x280/ts/product/85/1f/7f/2e9b5ad26807fded8cf2f48243ffd45e.jpg,TỬ VI - CHIÊM TINH,Nhóm Lovedia,"Mỗi năm có 365 ngày, đó là 365 tình huống, 365 cơ hội, 365 bài toán khó luôn chờ mỗi chúng ta bước đến và chinh phục! Từ những tình huống thường gặp trong cuộc sống, chẳng của riêng ai, như việc cần l...",34200,Wings Books,2019-05-01 00:00:00,13 x 19 cm,Bìa mềm,160,,,,,,,,,,,
165,Định Hướng Sự Nghiệp Theo Chiêm Tinh Học - Cung Mọc Thiên Yết,https://salt.tikicdn.com/cache/280x280/ts/product/80/cb/84/79972dec98e1cf04aad0585b9e6798ad.jpg,TỬ VI - CHIÊM TINH,Nhóm Lovedia,"Bộ sách “ĐỊNH HƯỚNG SỰ NGHIỆP THEO CHIÊM TINH HỌC” ra đời với sứ mệnh giúp độc giả khám phá những tiềm năng còn ẩn giấu bên trong bản thân mình, qua đó có định hướng rõ ràng hơn về con đường lập thân,...",26300,Wings Books,2019-11-01 00:00:00,14.5 x 18.5 cm,Bìa mềm,180,,,,,,,,,,,
166,Chiêm Tinh Học Nhập Môn - Tặng kèm sổ tay,https://salt.tikicdn.com/cache/280x280/ts/product/38/00/2f/3d4f31de6e50be0954b990e76a54bf8c.jpg,TỬ VI - CHIÊM TINH,Chiêm tinh số,"Chiêm Tinh Học Nhập MônBạn cảm thấy mình không giống một Xử Nữ, một Nhân Mã, một Kim Ngưu... cho lắm?Bạn muốn biết sau này mình có giàu không, bao giờ mình có người yêu, mình sẽ yêu người thế nào?Tất ...",84000,Skybooks,2019-08-23 14:39:44,<p>14.5 x 20.5</p>,Bìa mềm,176,Nhà Xuất Bản Thế Giới,,,,,,,,,,
167,Giải Mã 12 Chòm Sao - Khám Phá Tất Tần Tật Cung Cự Giải (Tái Bản 2019),https://salt.tikicdn.com/cache/280x280/ts/product/3d/82/64/d14a355e958dc70895ab3ef325a2723e.jpg,TỬ VI - CHIÊM TINH,Nhiều Tác Giả,"Cùng nhau bước vào hành trình khám phá: - Những điều cực thú vị về tính cách tiềm ẩn của bạn. - Hiểu hơn về sở thích, ưu điểm, nhược điểm của bản thân. - Hoàn thiện mình bằng cách phát huy các thế mạn...",17100, NXB Kim Đồng,,,,,,,,,,,,,,,
168,Hành Trình Trái Tim Nhóm Cung Đất,https://salt.tikicdn.com/cache/280x280/ts/product/f0/29/ca/eaf28d8ff47c21f312ae94b3bbc936af.jpg,TỬ VI - CHIÊM TINH,Nhóm Lovedia,"Hành Trình Trái Tim Nhóm Cung ĐấtChúng ta không chỉ được chia thành 12 kiểu tính cách theo 12 cung hoàng đạo, mà còn bắt cặp, chia nhóm với nhau trong bốn nhóm nguyên tố cơ bản hình thành nên vạn vật...",43500,Wings Books,2018-03-19 00:00:00,14.5 x 18.5 cm,Bìa mềm,188,,,,,,,,,,,
169,Sách - Người Của Thế Gian - Tặng kèm Bookmark,https://salt.tikicdn.com/cache/280x280/ts/product/18/48/2c/2d374b3f077bbec19f8f7c6a36ce0c75.jpg,TỬ VI - CHIÊM TINH,Đông Nguyên,Tên sách Người của thế gian – tặng kèm 1 bookmarkCông ty phát hành Skybooksthương hiệu AsbooksMã công ty 8 935325000430Tác giả Đông NguyênNgày xuất bản 15/04/2021Kích thước 13 x 20.5Nhà xuất bản NXB...,84000,Công Ty TNHH Văn Hóa Và Truyền Thông Skybooks Việt Nam,2021-04-15 22:00:11,,Bìa mềm,312,Nhà Xuất Bản Văn Học,,Bản thường,,,,,,,,
170,Giải Mã 12 Chòm Sao - Khám Phá Tất Tần Tật Cung Song Ngư (Tái Bản 2019),https://salt.tikicdn.com/cache/280x280/ts/product/79/f9/c7/716f4ddaeb32e8e6f99318d393ce2ee6.jpg,TỬ VI - CHIÊM TINH,Nhiều Tác Giả,"Cùng nhau bước vào hành trình khám phá: - Những điều cực thú vị về tính cách tiềm ẩn của bạn. - Hiểu hơn về sở thích, ưu điểm, nhược điểm của bản thân. - Hoàn thiện mình bằng cách phát huy các thế mạn...",17100, NXB Kim Đồng,,,,,,,,,,,,,,,
171,365 Ngày Hoàng Đạo - Bạch Dương (Tái Bản 2019),https://salt.tikicdn.com/cache/280x280/ts/product/39/83/2d/1d194c02312ff4314ac07c3bfdf93cae.jpg,TỬ VI - CHIÊM TINH,Nhóm Lovedia,"Mỗi năm có 365 ngày, đó là 365 tình huống, 365 cơ hội, 365 bài toán khó luôn chờ mỗi chúng ta bước đến và chinh phục! Từ những tình huống thường gặp trong cuộc sống, chẳng của riêng ai, như việc cần l...",29600,Wings Books,2019-05-01 00:00:00,13 x 19 cm,Bìa mềm,164,,,,,,,,,,,
172,12 Góc Khuất Tâm Hồn - Mặt Trăng Bảo Bình,https://salt.tikicdn.com/cache/280x280/ts/product/c0/2d/b0/bd48276d0ca9474d85f351b97112ebba.jpg,TỬ VI - CHIÊM TINH,Nhóm Lovedia,"Cung Mặt Trăng và những điều chưa biết về bạnNếu là một tín đồ của Horo, chắc hẳn bạn sẽ biết trên bản đồ sao có 3 vị trí quan trọng có ảnh hưởng lớn đến việc hình thành tính cách mỗi người: cung Mọc...",32400,Wings Books,2018-08-08 00:00:00,14.5 x 18.5 cm,Bìa mềm,132,,,,,,,,,,,
173,Định Hướng Sự Nghiệp Theo Chiêm Tinh Học - Cung Mọc Bảo Bình,https://salt.tikicdn.com/cache/280x280/ts/product/3d/b0/d2/7eae2d31ba54a69eb19e7fd712c77667.jpg,TỬ VI - CHIÊM TINH,Nhóm Lovedia,"Bộ sách “ĐỊNH HƯỚNG SỰ NGHIỆP THEO CHIÊM TINH HỌC” ra đời với sứ mệnh giúp độc giả khám phá những tiềm năng còn ẩn giấu bên trong bản thân mình, qua đó có định hướng rõ ràng hơn về con đường lập thân,...",28500,Wings Books,2019-11-01 00:00:00,14.5 x 18.5 cm,Bìa mềm,180,,,,,,,,,,,
174,Mật Ngữ 12 Chòm Sao (Tái Bản 2020),https://salt.tikicdn.com/cache/280x280/ts/product/b7/8a/ad/33dca2fda32448aa36a7dd8ce4ffc34c.jpg,TỬ VI - CHIÊM TINH,Asbook,"“Vòng tròn hoàng đạo” (đường đi của Mặt Trời), tiếng Anh là Horoscope, tiếng Hy Lạp là Zodiac (vòng tròn của các linh vật), là một khái niệm Chiêm tinh học xuất phát từ Babylon cổ đại. Sở dĩ có cái tê...",65600,AZ Việt Nam,,,,,Nhà Xuất Bản Thế Giới,,,,,,,,,,
175,Hành Trình Trái Tim Nhóm Cung Khí,https://salt.tikicdn.com/cache/280x280/ts/product/f0/41/91/fbb37d1551234bad25320aaf9e008977.jpg,TỬ VI - CHIÊM TINH,Nhóm Lovedia,"Hành Trình Trái Tim Nhóm Cung KhíChúng ta không chỉ được chia thành 12 kiểu tính cách theo 12 cung hoàng đạo, mà còn bắt cặp, chia nhóm với nhau trong bốn nhóm nguyên tố cơ bản hình thành nên vạn vật...",43500,Wings Books,2018-03-19 00:00:00,14.5 x 18.5 cm,Bìa mềm,188,,,,,,,,,,,
176,12 Góc Khuất Tâm Hồn - Mặt Trăng Kim Ngưu,https://salt.tikicdn.com/cache/280x280/ts/product/33/34/11/e650453fe46d12403bff5bab5c562a81.jpg,TỬ VI - CHIÊM TINH,Nhóm Lovedia,"Cung Mặt Trăng và những điều chưa biết về bạnNếu là một tín đồ của Horo, chắc hẳn bạn sẽ biết trên bản đồ sao có 3 vị trí quan trọng có ảnh hưởng lớn đến việc hình thành tính cách mỗi người: cung Mọc...",32400,Wings Books,2018-08-08 00:00:00,14.5 x 18.5 cm,Bìa mềm,132,,,,,,,,,,,
177,Giải Mã 12 Chòm Sao - Khám Phá Tất Tần Tật Cung Cự Giải (Tái Bản 2018),https://salt.tikicdn.com/cache/280x280/ts/product/51/b9/ad/1f3f6c3028ca1f17549af6fd0a908373.jpg,TỬ VI - CHIÊM TINH,Nhiều Tác Giả,"Cùng nhau bước vào hành trình khám phá: - Những điều cực thú vị về tính cách tiềm ẩn của bạn. - Hiểu hơn về sở thích, ưu điểm, nhược điểm của bản thân. - Hoàn thiện mình bằng cách phát huy các thế mạn...",19000, NXB Kim Đồng,,,,,,,,,,,,,,,
178,365 Ngày Hoàng Đạo - Thiên Bình (Tái Bản 2019),https://salt.tikicdn.com/cache/280x280/ts/product/68/91/bb/f88d8cf2393f2f6cc6556c0e05e23916.jpg,TỬ VI - CHIÊM TINH,Nhóm Lovedia,"Mỗi năm có 365 ngày, đó là 365 tình huống, 365 cơ hội, 365 bài toán khó luôn chờ mỗi chúng ta bước đến và chinh phục! Từ những tình huống thường gặp trong cuộc sống, chẳng của riêng ai, như việc cần l...",34200,Wings Books,2019-05-01 00:00:00,13 x 19 cm,Bìa mềm,172,,,,,,,,,,,
179,Cự Giải - Tìm Hiểu Chòm Sao Cancer (22/6-23/7),https://salt.tikicdn.com/cache/280x280/ts/product/b3/94/fd/838d860034ea009a3838c319ce0f10f8.jpg,TỬ VI - CHIÊM TINH,Gia Linh,"Bộ sách ""Tìm hiểu chòm sao"" phân tích và đưa ra những nhận định liên quan tới tính cách, tương lai và vận thế cuộc đời của 12 chòm sao khác nhau trong cung Hoàng Đạo. Cách suy luận về chòm sao mà sách...",10000,NXB Hà Nội,,,,,,,,,,,,,,,
180,Tính Cách-Tài Vận 12 Cung Hoàng Đạo,https://salt.tikicdn.com/cache/280x280/ts/product/bd/08/48/af1ccb16c77f183a2d9560bb8f55b770.jpg,TỬ VI - CHIÊM TINH,Hoàng Nguyên,"12 Cung Hoàng Đạo hay còn gọi HOROSCOPE, được bắt nguồn từ Babylon cổ đại. Dựa vào chu kỳ quay của mặt trời. Trong khoảng thời gian 1 tháng ( 30-31 ngày) Mặt trời sẽ đi qua một trong 12 cung Hoàng Đạo...",40000,Nhà Sách Quang Vinh,2018-07-31 14:29:13,<p>13 x19 cm</p>,,,,,,,,,,,,,
181,Thủy Bình - Tìm Hiểu Chòm Sao Aquarius (21/1-19/2),https://salt.tikicdn.com/cache/280x280/ts/product/a3/b5/9f/31b1a5bec221573f2253791f4dd74147.jpg,TỬ VI - CHIÊM TINH,Gia Linh,"Bộ sách ""Tìm hiểu chòm sao"" phân tích và đưa ra những nhận định liên quan tới tính cách, tương lai và vận thế cuộc đời của 12 chòm sao khác nhau trong cung Hoàng Đạo. Cách suy luận về chòm s...",10000,Huy Hoàng Bookstore,,,,,Nhà Xuất Bản Hà Nội,,,,,,,,,,
182,Nhân Mã - Tìm Hiểu Chòm Sao Sagittarius (23/11-22/12),https://salt.tikicdn.com/cache/280x280/ts/product/5f/78/38/eccbe179e5c688bf179ad61021023c0f.jpg,TỬ VI - CHIÊM TINH,Gia Linh,"Bộ sách ""Tìm hiểu chòm sao"" phân tích và đưa ra những nhận định liên quan tới tính cách, tương lai và vận thế cuộc đời của 12 chòm sao khác nhau trong cung Hoàng Đạo. Cách suy luận về chòm s...",10000,Huy Hoàng Bookstore,,,,,Nhà Xuất Bản Hà Nội,,,,,,,,,,
183,Sơn Dương - Tìm Hiểu Chòm Sao Capricorns (23/12-20/1),https://salt.tikicdn.com/cache/280x280/media/catalog/producthttps://www.fahasa.com/static/image/600x600/228133.jpg,TỬ VI - CHIÊM TINH,Gia Linh,"Bộ sách ""Tìm hiểu chòm sao"" phân tích và đưa ra những nhận định liên quan tới tính cách, tương lai và vận thế cuộc đời của 12 chòm sao khác nhau trong cung Hoàng Đạo. Cách suy luận về chòm s...",10000,Huy Hoàng Bookstore,,,,,Nhà Xuất Bản Hà Nội,,,,,,,,,,
184,Sư Tử - Tìm Hiểu Chòm Sao Leo (24/7-23/8),https://salt.tikicdn.com/cache/280x280/media/catalog/producthttps://www.fahasa.com/static/image/600x600/228134.jpg,TỬ VI - CHIÊM TINH,Gia Linh,"Bộ sách ""Tìm hiểu chòm sao"" phân tích và đưa ra những nhận định liên quan tới tính cách, tương lai và vận thế cuộc đời của 12 chòm sao khác nhau trong cung Hoàng Đạo. Cách suy luận về chòm s...",10000,Huy Hoàng Bookstore,,,,,Nhà Xuất Bản Hà Nội,,,,,,,,,,
185,Hành Trình Trái Tim Nhóm Cung Nước,https://salt.tikicdn.com/cache/280x280/ts/product/fe/bb/e4/fd6e5e4ddf43bfec9f92a8bfbd2b6972.jpg,TỬ VI - CHIÊM TINH,Nhóm Lovedia,"Hành Trình Trái Tim Nhóm Cung NướcChúng ta không chỉ được chia thành 12 kiểu tính cách theo 12 cung hoàng đạo, mà còn bắt cặp, chia nhóm với nhau trong bốn nhóm nguyên tố cơ bản hình thành nên vạn vậ...",43500,Wings Books,2018-03-19 00:00:00,14.5 x 18.5 cm,Bìa mềm,188,,,,,,,,,,,
186,Cự Giải - Tìm Hiểu Chòm Sao Cancer (22/6-23/7),https://salt.tikicdn.com/cache/280x280/ts/product/b3/94/fd/838d860034ea009a3838c319ce0f10f8.jpg,TỬ VI - CHIÊM TINH,Gia Linh,"Bộ sách ""Tìm hiểu chòm sao"" phân tích và đưa ra những nhận định liên quan tới tính cách, tương lai và vận thế cuộc đời của 12 chòm sao khác nhau trong cung Hoàng Đạo. Cách suy luận về chòm sao mà sách...",10000,NXB Hà Nội,,,,,,,,,,,,,,,
187,Bạch Dương - Tìm Hiểu Chòm Sao Aries (21/3-20/4),https://salt.tikicdn.com/cache/280x280/ts/product/eb/c8/62/63f09817e0a863483ad38873869d4a20.jpg,TỬ VI - CHIÊM TINH,Gia Linh,"Bộ sách ""Tìm hiểu chòm sao"" phân tích và đưa ra những nhận định liên quan tới tính cách, tương lai và vận thế cuộc đời của 12 chòm sao khác nhau trong cung Hoàng Đạo. Cách suy luận về chòm s...",10000,Huy Hoàng Bookstore,,,,,Nhà Xuất Bản Hà Nội,,,,,,,,,,
188,Giải Mã 12 Chòm Sao - Khám Phá Tất Tần Tật Cung Cự Giải (Tái Bản 2018),https://salt.tikicdn.com/cache/280x280/ts/product/51/b9/ad/1f3f6c3028ca1f17549af6fd0a908373.jpg,TỬ VI - CHIÊM TINH,Nhiều Tác Giả,"Cùng nhau bước vào hành trình khám phá: - Những điều cực thú vị về tính cách tiềm ẩn của bạn. - Hiểu hơn về sở thích, ưu điểm, nhược điểm của bản thân. - Hoàn thiện mình bằng cách phát huy các thế mạn...",19000, NXB Kim Đồng,,,,,,,,,,,,,,,
189,365 Ngày Hoàng Đạo - Song Tử (Tái Bản 2019),https://salt.tikicdn.com/cache/280x280/ts/product/72/f4/89/1d35201398afdf6b6e764389ce2a666b.jpg,TỬ VI - CHIÊM TINH,Nhóm Lovedia,"Mỗi năm có 365 ngày, đó là 365 tình huống, 365 cơ hội, 365 bài toán khó luôn chờ mỗi chúng ta bước đến và chinh phục! Từ những tình huống thường gặp trong cuộc sống, chẳng của riêng ai, như việc cần l...",29400,Wings Books,2019-05-01 00:00:00,13 x 19 cm,Bìa mềm,168,,,,,,,,,,,
190,Song Ngư - Tìm Hiểu Chòm Sao Pisces (20/2-20/3),https://salt.tikicdn.com/cache/280x280/media/catalog/producthttps://www.fahasa.com/static/image/600x600/228139.jpg,TỬ VI - CHIÊM TINH,Gia Linh,"Bộ sách ""Tìm hiểu chòm sao"" phân tích và đưa ra những nhận định liên quan tới tính cách, tương lai và vận thế cuộc đời của 12 chòm sao khác nhau trong cung Hoàng Đạo. Cách suy luận về chòm s...",10000,Huy Hoàng Bookstore,,,,,Nhà Xuất Bản Hà Nội,,,,,,,,,,
191,365 Ngày Hoàng Đạo - Bảo Bình (Tái Bản 2018),https://salt.tikicdn.com/cache/280x280/ts/product/8b/52/c1/8ff898329e16b6d4029de07d9d440d74.jpg,TỬ VI - CHIÊM TINH,Nhóm Lovedia,"  365 Ngày Hoàng Đạo - Bảo Bình (Tái Bản 2018)  Mỗi năm có 365 ngày, đó là 365 tình huống, 365 cơ hội, 365 bài toán khó luôn chờ mỗi chúng ta bước đến và chinh phục! Từ những tình huống thườn...",26900,Wings Books,,13 x 19 cm,Bìa mềm,168,,,,,,,,,,,
192,Nhân Mã - Tìm Hiểu Chòm Sao Sagittarius (23/11-22/12),https://salt.tikicdn.com/cache/280x280/ts/product/5f/78/38/eccbe179e5c688bf179ad61021023c0f.jpg,TỬ VI - CHIÊM TINH,Gia Linh,"Bộ sách ""Tìm hiểu chòm sao"" phân tích và đưa ra những nhận định liên quan tới tính cách, tương lai và vận thế cuộc đời của 12 chòm sao khác nhau trong cung Hoàng Đạo. Cách suy luận về chòm s...",10000,Huy Hoàng Bookstore,,,,,Nhà Xuất Bản Hà Nội,,,,,,,,,,
193,Sơn Dương - Tìm Hiểu Chòm Sao Capricorns (23/12-20/1),https://salt.tikicdn.com/cache/280x280/media/catalog/producthttps://www.fahasa.com/static/image/600x600/228133.jpg,TỬ VI - CHIÊM TINH,Gia Linh,"Bộ sách ""Tìm hiểu chòm sao"" phân tích và đưa ra những nhận định liên quan tới tính cách, tương lai và vận thế cuộc đời của 12 chòm sao khác nhau trong cung Hoàng Đạo. Cách suy luận về chòm s...",10000,Huy Hoàng Bookstore,,,,,Nhà Xuất Bản Hà Nội,,,,,,,,,,
194,Sư Tử - Tìm Hiểu Chòm Sao Leo (24/7-23/8),https://salt.tikicdn.com/cache/280x280/media/catalog/producthttps://www.fahasa.com/static/image/600x600/228134.jpg,TỬ VI - CHIÊM TINH,Gia Linh,"Bộ sách ""Tìm hiểu chòm sao"" phân tích và đưa ra những nhận định liên quan tới tính cách, tương lai và vận thế cuộc đời của 12 chòm sao khác nhau trong cung Hoàng Đạo. Cách suy luận về chòm s...",10000,Huy Hoàng Bookstore,,,,,Nhà Xuất Bản Hà Nội,,,,,,,,,,
