,Tên Sách,Ảnh bìa,Thể loại,Tác giả,Nội dung tóm tắt,Giá bìa,Công ty phát hành,Ngày xuất bản,Kích thước,Loại bìa,Số trang,Nhà xuất bản,Dịch Giả,Phiên bản,Lưu ý,Thương hiệu
0,,,,,,,,,,,,,,,,
1,Sách Giáo Khoa Bộ Lớp 12 - Sách Bài Học (Bộ 14 Cuốn) (2021),https://salt.tikicdn.com/cache/280x280/ts/product/bd/42/f3/4251d02c93e47cce8f454cf1aef764ec.jpg,Cấp 3,Bộ Giáo Dục Và Đào Tạo,Sách Giáo Khoa Bộ Lớp 12 - Sách Bài Học (Bộ 14 Cuốn) (2021)Bao Gồm:STTTên sản phẩm1Giáo dục Quốc phòng - An ninh 122Giải tích 123Hình học 124Vật lí 125Hoá học 126Sinh học...,180000,Fahasa,,,Bìa mềm,,Nhà Xuất Bản Giáo Dục,,,,
2,Tiếng Anh 10 - Tập 1 - Sách Bài Tập (2021),https://salt.tikicdn.com/cache/280x280/ts/product/d5/ef/12/05391b3b87f1b4007d8a3e3e311fee18.jpg,Cấp 3,Bộ Giáo Dục Và Đào Tạo,Sách được biên soạn dựa trên cơ sở những kinh nghiệm thực tiễn của việc dạy tiếng Anh trung học phổ thông ở Việt Nam với sự hợp tác chặt chẽ về chuyên môn và kĩ thuật của Tập đoàn Xuất bản Giáo d...,30000,Cty Phương Nam,,,,,Nhà Xuất Bản Giáo Dục Việt Nam,,,,
3,Sách Giáo Khoa Bộ Lớp 12 - Sách Bài Học (Bộ 13 Cuốn - Không Tiếng Anh) (2021),https://salt.tikicdn.com/cache/280x280/ts/product/e4/60/93/24a46e63e308ff79fcf3cabef8e7bc36.jpg,Cấp 3,Bộ Giáo Dục Và Đào Tạo,Sách Giáo Khoa Bộ Lớp 12 - Sách Bài Học (Bộ 13 Cuốn - Không Tiếng Anh) (2021)   Bao Gồm:   1. Ngữ Văn 12/1 2. Ngữ Văn 12/2 3. Giải Tích 12 4. Hình Học 12 5. Vật Lí 12 6. Hoá Học 12 7. Sinh Học 12 8....,163000,Nhà xuất bản Giáo Dục,,,,,Nhà Xuất Bản Giáo Dục Việt Nam,,,,
4,Ngữ Văn 12 - Tập 1 (2021),https://salt.tikicdn.com/cache/280x280/ts/product/21/21/33/21d1b8a59a055a4300197cea55a20b80.jpg,Cấp 3,Bộ Giáo Dục Và Đào Tạo,Ngữ Văn 12 - Tập 1 (2021)...,13000,Nhà xuất bản Giáo Dục,,,,,Nhà Xuất Bản Giáo Dục Việt Nam,,,,
5,Tiếng Anh 11 - Tập 2 - Sách Học Sinh (2021),https://salt.tikicdn.com/cache/280x280/ts/product/e8/31/6a/aa1708c9852f96a8cfbadb5286f13804.jpg,Cấp 3,Bộ Giáo Dục Và Đào Tạo,Sách được biên soạn dựa trên cơ sở những kinh nghiệm thực tiễn của việc dạy tiếng Anh trung học phổ thông ở Việt Nam với sự hợp tác chặt chẽ về chuyên môn và kĩ thuật của Tập đoàn Xuất bản Giáo d...,39000,Cty Phương Nam,,,,,Nhà Xuất Bản Giáo Dục Việt Nam,,,,
6,Sách Giáo Khoa Bộ Lớp 12 - Sách Bài Tập (Bộ 11 Cuốn) (2021),https://salt.tikicdn.com/cache/280x280/ts/product/8b/61/08/1e626f0b2426c3c5eb7ff887b11f2221.jpg,Cấp 3,Bộ Giáo Dục Và Đào Tạo,Sách Giáo Khoa Bộ Lớp 12 - Sách Bài Tập (Bộ 11 Cuốn) (2021)Bao Gồm:STTTên sản phẩm1Bài tập Giải tích 122Bài tập Hình học 123Bài tập Vật lí 124Bài tập Hoá học 125Bài tập Ngữ v...,164900,Fahasa,,,Bìa mềm,,Nhà Xuất Bản Giáo Dục,,,,
7,Tập Bản Đồ Địa Lí 11 (2021),https://salt.tikicdn.com/cache/280x280/ts/product/6c/0b/28/e3bcbbc707708aa4574399f2d3825966.jpg,Cấp 3,"Nhiều Tác Giả,Nhiều Tác Giả,Nhiều tác giả,Nhiều Tác Giả ,Nhiều Tác giả,nhieu tac gia,nhieu tac gia,nhieu tac gia,nhieu tac gia,nhieu tac gia,nhieu tac gia,nhieu tac gia,nhieu tac gia,nhieu tac gia,nhieu tac gia,nhieu tac gia,nhieu tac gia,nhieu tac gia,nhieu tac gia,nhieu tac gia,nhieu tac gia,nhieu tac gia,nhieu tac gia,nhieu tac gia,nhieu tac gia,nhieu tac gia,nhieu tac gia,nhieu tac gia,nhieu tac gia,nhieu tac gia,nhieu tac gia,nhieu tac gia,nhieu tac gia,nhieu tac gia,nhieu tac gia,nhieu tac gia,nhieu tac gia,nhieu tac gia,nhieu tac gia,nhieu tac gia,nhieu tac gia,nhieu tac gia,nhieu tac gia,nhieu tac gia,nhieu tac gia,nhieu tac gia,nhieu tac gia,nhieu tac gia,nhieu tac gia,nhieu tac gia,nhieu tac gia,nhieu tac gia,nhieu tac gia,nhieu tac gia,nhieu tac gia,nhieu tac gia,nhieu tac gia,nhieu tac gia,nhieu tac gia,nhiều tác giả,Nhiều Tác Gỉa","Bản đồ, atlat địa lí, tập bản đồ địa lí là những phương tiện giảng dạy và học tập rất cần thiết đối với môn Địa lí ở nhà trường phổ thông. Cùng với sách giáo khoa, tập bản đồ là nguồn cung cấp kiến th...",29000,Cty Sách Giáo Dục Tại TP.HCM,,,,,Nhà Xuất Bản Giáo Dục Việt Nam,,,,
8,Ngữ Văn 10 - Tập 1 (2021),https://salt.tikicdn.com/cache/280x280/ts/product/77/fd/cd/24cbdcb9cea81bb97563634371eb212b.jpg,Cấp 3,Bộ Giáo Dục Và Đào Tạo,Ngữ Văn 10 - Tập 1 (2021)...,10000,Nhà xuất bản Giáo Dục,,,,,Nhà Xuất Bản Giáo Dục Việt Nam,,,,
9,Tiếng Anh 11 - Tập 1 - Sách Học Sinh (2021),https://salt.tikicdn.com/cache/280x280/ts/product/b3/28/47/09debe1c2d990a0287dc1154cdd3265c.jpg,Cấp 3,Bộ Giáo Dục Và Đào Tạo,Sách được biên soạn dựa trên cơ sở những kinh nghiệm thực tiễn của việc dạy tiếng Anh trung học phổ thông ở Việt Nam với sự hợp tác chặt chẽ về chuyên môn và kĩ thuật của Tập đoàn Xuất bản Giáo d...,39000,Cty Phương Nam,,,,,Nhà Xuất Bản Giáo Dục Việt Nam,,,,
10,Ngữ Văn 11 - Tập 2 (2021),https://salt.tikicdn.com/cache/280x280/ts/product/a9/b3/97/7402c6309ed16b033ad640e8112dd0af.jpg,Cấp 3,Bộ Giáo Dục Và Đào Tạo,Ngữ Văn 11 - Tập 2 (2021)...,8000,Nhà xuất bản Giáo Dục,,,,,Nhà Xuất Bản Giáo Dục Việt Nam,,,,
11,Đại Số 10 (2021),https://salt.tikicdn.com/cache/280x280/ts/product/9a/b3/33/5bff302464208e2b0e17c189bc3e9a05.jpg,Cấp 3,Bộ Giáo Dục Và Đào Tạo,Đại Số 10 (2021)...,10000,Nhà xuất bản Giáo Dục,,,,,Nhà Xuất Bản Giáo Dục Việt Nam,,,,
12,Hoá Học 12 (2021),https://salt.tikicdn.com/cache/280x280/ts/product/c6/84/21/90727e3223aa3a98291a657ed6e15ef9.jpg,Cấp 3,Bộ Giáo Dục Và Đào Tạo,Hoá Học 12 (2021)...,17000,Nhà xuất bản Giáo Dục,,,,,Nhà Xuất Bản Giáo Dục Việt Nam,,,,
13,Giáo Dục Công Dân 12 (2021),https://salt.tikicdn.com/cache/280x280/ts/product/bc/5a/fb/5c97ca69ff23a687aa09ef903dff3f67.jpg,Cấp 3,Bộ Giáo Dục Và Đào Tạo,Giáo Dục Công Dân 12 (2021)...,7000,Nhà xuất bản Giáo Dục,,,,,Nhà Xuất Bản Giáo Dục Việt Nam,,,,
14,Tiếng Anh 10 - Tập 2 - Sách Học Sinh (2021),https://salt.tikicdn.com/cache/280x280/ts/product/8c/f4/c7/094484e20bd0ace0e37d1a6523410e26.jpg,Cấp 3,Bộ Giáo Dục Và Đào Tạo,Sách được biên soạn dựa trên cơ sở những kinh nghiệm thực tiễn của việc dạy tiếng Anh trung học phổ thông ở Việt Nam với sự hợp tác chặt chẽ về chuyên môn và kĩ thuật của Tập đoàn Xuất bản Giáo d...,30000,Cty Phương Nam,,,,,Nhà Xuất Bản Giáo Dục Việt Nam,,,,
15,Ngữ Văn 12 - Tập 2 (2021),https://salt.tikicdn.com/cache/280x280/ts/product/8c/bb/cc/5be1f08e136c70865bb94d0730dfc4b0.jpg,Cấp 3,Bộ Giáo Dục Và Đào Tạo,Ngữ Văn 12 - Tập 2 (2021)...,13000,Nhà xuất bản Giáo Dục,,,,,Nhà Xuất Bản Giáo Dục Việt Nam,,,,
16,Vật Lí 12 (2021),https://salt.tikicdn.com/cache/280x280/ts/product/6c/3e/ee/3af781c56018a227b397639cbea3e0e3.jpg,Cấp 3,Bộ Giáo Dục Và Đào Tạo,Vật Lí 12 (2021)...,17000,Nhà xuất bản Giáo Dục,,,,,Nhà Xuất Bản Giáo Dục Việt Nam,,,,
17,Sinh Học 12 (2021),https://salt.tikicdn.com/cache/280x280/ts/product/73/9f/53/ce0e13eae6d13136971c9d8824ce763a.jpg,Cấp 3,Bộ Giáo Dục Và Đào Tạo,Sinh Học 12 (2021)...,18000,Nhà xuất bản Giáo Dục,,,,,Nhà Xuất Bản Giáo Dục Việt Nam,,,,
18,Công Nghệ 12 (2021),https://salt.tikicdn.com/cache/280x280/ts/product/ee/36/6d/5cec24876bc76cd43305b8293d03cc64.jpg,Cấp 3,Bộ Giáo Dục Và Đào Tạo,Công Nghệ 12 (2021)...,10000,Nhà xuất bản Giáo Dục,,,,,Nhà Xuất Bản Giáo Dục Việt Nam,,,,
19,Tiếng Anh 10 - Tập 1 - Sách Học Sinh (2021),https://salt.tikicdn.com/cache/280x280/ts/product/94/da/82/3b46f246ec86fca8367f7f5eeb58b496.jpg,Cấp 3,Bộ Giáo Dục Và Đào Tạo,Sách được biên soạn dựa trên cơ sở những kinh nghiệm thực tiễn của việc dạy tiếng Anh trung học phổ thông ở Việt Nam với sự hợp tác chặt chẽ về chuyên môn và kĩ thuật của Tập đoàn Xuất bản Giáo d...,30000,Cty Phương Nam,,,,,Nhà Xuất Bản Giáo Dục Việt Nam,,,,
20,Hóa Học 10 (2021),https://salt.tikicdn.com/cache/280x280/ts/product/54/cb/f3/0455ce1483d10984749851763f70b4dc.jpg,Cấp 3,Bộ Giáo Dục Và Đào Tạo,Hóa Học 10 (2021)...,14000,Nhà xuất bản Giáo Dục,,,,,Nhà Xuất Bản Giáo Dục Việt Nam,,,,
21,Sinh Học 10 (2021),https://salt.tikicdn.com/cache/280x280/ts/product/19/ee/96/dd20325869ec568257edd93906ea925f.jpg,Cấp 3,Bộ Giáo Dục Và Đào Tạo,Sinh Học 10 (2021)...,11000,Nhà xuất bản Giáo Dục,,,,,Nhà Xuất Bản Giáo Dục Việt Nam,,,,
22,Giáo Dục Công Dân 11 (2021),https://salt.tikicdn.com/cache/280x280/ts/product/64/63/aa/82b0f2c595b6424d6f6e560320e3d1b4.jpg,Cấp 3,Bộ Giáo Dục Và Đào Tạo,Giáo Dục Công Dân 11 (2021)...,7000,Nhà xuất bản Giáo Dục,,,,,Nhà Xuất Bản Giáo Dục Việt Nam,,,,
23,Tiếng Anh 10 (2021),https://salt.tikicdn.com/cache/280x280/ts/product/0f/b3/90/b107820683c0d6e397544bf9d642fe14.jpg,Cấp 3,Bộ Giáo Dục Và Đào Tạo,Tiếng Anh 10 (2021)...,15000,Nhà xuất bản Giáo Dục,,,,,Nhà Xuất Bản Giáo Dục Việt Nam,,,,
24,Sách Giáo Khoa Bộ Lớp 10 - Sách Bài Học (Bộ 14 Cuốn) (2021),https://salt.tikicdn.com/cache/280x280/ts/product/e6/3f/c0/414bbcfa5b109a16cd892cbad4bd05a4.jpg,Cấp 3,Bộ Giáo Dục Và Đào Tạo,Sách Giáo Khoa Bộ Lớp 10 - Sách Bài Học (Bộ 14 Cuốn) (2021)Bao Gồm:STTTên sản phẩm1Giáo dục Quốc phòng - An ninh 102Đại số 103Hình học 104Vật lí 105Hoá học 106Sinh học 10...,164000,Fahasa,,,Bìa mềm,,Nhà Xuất Bản Giáo Dục,,,,
25,Vật Lí 10 (2021),https://salt.tikicdn.com/cache/280x280/ts/product/5b/d8/bd/80eee407f080d7729fcf369bb219f15d.jpg,Cấp 3,Bộ Giáo Dục Và Đào Tạo,Vật Lí 10 (2021)...,17000,Nhà xuất bản Giáo Dục,,,,,Nhà Xuất Bản Giáo Dục Việt Nam,,,,
26,Giáo Dục Quốc Phòng - An Ninh 11 (2021),https://salt.tikicdn.com/cache/280x280/ts/product/bb/27/95/09386bd86378558245d00a16f162d931.jpg,Cấp 3,Bộ Giáo Dục Và Đào Tạo,Giáo Dục Quốc Phòng - An Ninh 11 (2021)...,10000,Nhà xuất bản Giáo Dục,,,,,Nhà Xuất Bản Giáo Dục Việt Nam,,,,
27,Giáo Dục Quốc Phòng - An Ninh 12 (2021),https://salt.tikicdn.com/cache/280x280/ts/product/c9/78/c1/c3057d5395baad7e33c405b5a90b9ced.jpg,Cấp 3,Bộ Giáo Dục Và Đào Tạo,Giáo Dục Quốc Phòng - An Ninh 12 (2021)...,11000,Nhà xuất bản Giáo Dục,,,,,Nhà Xuất Bản Giáo Dục Việt Nam,,,,
28,Lịch Sử 11 (2021),https://salt.tikicdn.com/cache/280x280/ts/product/e8/e4/51/4c1a9592f58bffaa74e3cb6c6ea01528.jpg,Cấp 3,Bộ Giáo Dục Và Đào Tạo,Lịch Sử 11 (2021)...,12000,Nhà xuất bản Giáo Dục,,,,,Nhà Xuất Bản Giáo Dục Việt Nam,,,,
29,Tiếng Anh Lớp 11 - Tập 2 - Sách Bài Tập (Tái Bản),https://salt.tikicdn.com/cache/280x280/ts/product/91/5a/70/856613e27ba919413cc73c0009f05122.jpg,Cấp 3,"Nhiều Tác Giả,Nhiều Tác Giả,Nhiều tác giả,Nhiều Tác Giả ,Nhiều Tác giả,nhieu tac gia,nhieu tac gia,nhieu tac gia,nhieu tac gia,nhieu tac gia,nhieu tac gia,nhieu tac gia,nhieu tac gia,nhieu tac gia,nhieu tac gia,nhieu tac gia,nhieu tac gia,nhieu tac gia,nhieu tac gia,nhieu tac gia,nhieu tac gia,nhieu tac gia,nhieu tac gia,nhieu tac gia,nhieu tac gia,nhieu tac gia,nhieu tac gia,nhieu tac gia,nhieu tac gia,nhieu tac gia,nhieu tac gia,nhieu tac gia,nhieu tac gia,nhieu tac gia,nhieu tac gia,nhieu tac gia,nhieu tac gia,nhieu tac gia,nhieu tac gia,nhieu tac gia,nhieu tac gia,nhieu tac gia,nhieu tac gia,nhieu tac gia,nhieu tac gia,nhieu tac gia,nhieu tac gia,nhieu tac gia,nhieu tac gia,nhieu tac gia,nhieu tac gia,nhieu tac gia,nhieu tac gia,nhieu tac gia,nhieu tac gia,nhieu tac gia,nhieu tac gia,nhieu tac gia,nhieu tac gia,nhiều tác giả,Nhiều Tác Gỉa",Tiếng Anh Lớp 11 - Tập 2 - Sách Bài Tập   Tiếng Anh 11 Tập 2 - Sách Bài Tập được biên soạn để giúp học sinh củng cố và mở rộng kiến thức ngôn ngữ và kĩ năng giao tiếp tiếng Anh các em đã học trong Ti...,27000,Cty Phương Nam,,,,,Nhà Xuất Bản Giáo Dục Việt Nam,,,,
30,Hình Học 12 (2021),https://salt.tikicdn.com/cache/280x280/ts/product/9c/58/1a/1a5fbe0876259d33bca755a4d40f3fd9.jpg,Cấp 3,Bộ Giáo Dục Và Đào Tạo,Hình Học 12 (2021)...,6000,Nhà xuất bản Giáo Dục,,,,,Nhà Xuất Bản Giáo Dục Việt Nam,,,,
31,Bài Tập Vật Lí 12 (2021),https://salt.tikicdn.com/cache/280x280/ts/product/b2/34/aa/ea34973779cc3c7c140b178c9b75b62a.jpg,Cấp 3,Bộ Giáo Dục Và Đào Tạo,Bài Tập Vật Lí 12 (2021)...,19500,Nhà xuất bản Giáo Dục,,,,,Nhà Xuất Bản Giáo Dục Việt Nam,,,,
32,Tin Học 11 (2021),https://salt.tikicdn.com/cache/280x280/ts/product/0c/06/5e/9643815e6b864d4d7260a5e262c35abe.jpg,Cấp 3,Bộ Giáo Dục Và Đào Tạo,Tin Học 11 (2021)...,9000,Nhà xuất bản Giáo Dục,,,,,Nhà Xuất Bản Giáo Dục Việt Nam,,,,
33,Tiếng Anh 11 - Tập 2 - Sách Bài Tập (2021),https://salt.tikicdn.com/cache/280x280/ts/product/5c/f3/7b/b5be3f9ca43aa7cf626285a1cfbb8966.jpg,Cấp 3,Bộ Giáo Dục Và Đào Tạo,Sách được biên soạn dựa trên cơ sở những kinh nghiệm thực tiễn của việc dạy tiếng Anh trung học phổ thông ở Việt Nam với sự hợp tác chặt chẽ về chuyên môn và kĩ thuật của Tập đoàn Xuất bản Giáo d...,27000,Cty Phương Nam,,,,,Nhà Xuất Bản Giáo Dục Việt Nam,,,,
34,Hình Học 10 (2021),https://salt.tikicdn.com/cache/280x280/ts/product/e0/cf/04/c76f76699e29984285ac4472dd338694.jpg,Cấp 3,Bộ Giáo Dục Và Đào Tạo,Hình Học 10 (2021)...,6000,Nhà xuất bản Giáo Dục,,,,,Nhà Xuất Bản Giáo Dục Việt Nam,,,,
35,Hóa Học 11 (2021),https://salt.tikicdn.com/cache/280x280/ts/product/4a/d9/17/6fae7067dfd5faf36855e8afc71e8925.jpg,Cấp 3,Bộ Giáo Dục Và Đào Tạo,Hóa Học 11 (2021)...,18000,Nhà xuất bản Giáo Dục,,,,,Nhà Xuất Bản Giáo Dục Việt Nam,,,,
36,Công Nghệ 11 - Công Nghiệp (2021),https://salt.tikicdn.com/cache/280x280/ts/product/ce/1d/26/f8f51e957f610d8923e040209c73feaf.jpg,Cấp 3,Bộ Giáo Dục Và Đào Tạo,Công Nghệ 11 - Công Nghiệp (2021)...,14000,Nhà xuất bản Giáo Dục,,,,,Nhà Xuất Bản Giáo Dục Việt Nam,,,,
37,Tin Học 12 (2021),https://salt.tikicdn.com/cache/280x280/ts/product/02/0f/9a/5da97d1772d3cbeded040cac50a58c15.jpg,Cấp 3,Bộ Giáo Dục Và Đào Tạo,Tin Học 12 (2021)...,8000,Nhà xuất bản Giáo Dục,,,,,Nhà Xuất Bản Giáo Dục Việt Nam,,,,
38,Giải Tích 12 (2021),https://salt.tikicdn.com/cache/280x280/ts/product/b7/9f/79/e83bbc62ce3b738f46404e703999008b.jpg,Cấp 3,Bộ Giáo Dục Và Đào Tạo,Giải Tích 12 (2021)...,10000,Nhà xuất bản Giáo Dục,,,,,Nhà Xuất Bản Giáo Dục Việt Nam,,,,
39,Tiếng Anh 11 (2021),https://salt.tikicdn.com/cache/280x280/ts/product/cc/bc/5a/d023047828ac58d66d26654b7e83fc9b.jpg,Cấp 3,Bộ Giáo Dục Và Đào Tạo,Tiếng Anh 11 (2021)...,16000,Nhà xuất bản Giáo Dục,,,,,Nhà Xuất Bản Giáo Dục Việt Nam,,,,
40,Bài Tập Ngữ Văn 12 - Tập 1 (2021),https://salt.tikicdn.com/cache/280x280/ts/product/c2/10/f1/87548a27b228483f89f2cc0d124d523b.jpg,Cấp 3,Bộ Giáo Dục Và Đào Tạo,Bài Tập Ngữ Văn 12 - Tập 1 (2021)...,9600,Nhà xuất bản Giáo Dục,,,,,Nhà Xuất Bản Giáo Dục Việt Nam,,,,
41,Bài Tập Tiếng Anh 12 (2021),https://salt.tikicdn.com/cache/280x280/ts/product/cb/4d/cd/ace4a37bb6f8c7255fe40ac156e0b870.jpg,Cấp 3,Bộ Giáo Dục Và Đào Tạo,Bài Tập Tiếng Anh 12 (2021)...,11480,Nhà xuất bản Giáo Dục,,,,,Nhà Xuất Bản Giáo Dục Việt Nam,,,,
42,Bài Tập Ngữ Văn 12 - Tập 2 (2021),https://salt.tikicdn.com/cache/280x280/ts/product/29/d4/c2/83ef9643ef90d4337afa74fec9a30544.jpg,Cấp 3,Bộ Giáo Dục Và Đào Tạo,Bài Tập Ngữ Văn 12 - Tập 2 (2021)...,8600,Nhà xuất bản Giáo Dục,,,,,Nhà Xuất Bản Giáo Dục Việt Nam,,,,
43,Bài Tập Tin Học 11 (2021),https://salt.tikicdn.com/cache/280x280/ts/product/5c/99/d6/e526b6c21781f97421804757cafe7dc3.jpg,Cấp 3,Bộ Giáo Dục Và Đào Tạo,Bài Tập Tin Học 11 (2021)...,8200,Nhà xuất bản Giáo Dục,,,,,Nhà Xuất Bản Giáo Dục Việt Nam,,,,
44,Hình Học 11 (2021),https://salt.tikicdn.com/cache/280x280/ts/product/20/7b/07/d344b7bd841ae762861903943dfdf42a.jpg,Cấp 3,Bộ Giáo Dục Và Đào Tạo,Hình Học 11 (2021)...,8000,Nhà xuất bản Giáo Dục,,,,,Nhà Xuất Bản Giáo Dục Việt Nam,,,,
45,Tiếng Anh 12 - Tập 1 - Sách Bài Tập (2021),https://salt.tikicdn.com/cache/280x280/ts/product/5e/81/d9/efc2175f30485feddf085bfa9eae7238.jpg,Cấp 3,"Nhiều Tác Giả,Nhiều Tác Giả,Nhiều tác giả,Nhiều Tác Giả ,Nhiều Tác giả,nhieu tac gia,nhieu tac gia,nhieu tac gia,nhieu tac gia,nhieu tac gia,nhieu tac gia,nhieu tac gia,nhieu tac gia,nhieu tac gia,nhieu tac gia,nhieu tac gia,nhieu tac gia,nhieu tac gia,nhieu tac gia,nhieu tac gia,nhieu tac gia,nhieu tac gia,nhieu tac gia,nhieu tac gia,nhieu tac gia,nhieu tac gia,nhieu tac gia,nhieu tac gia,nhieu tac gia,nhieu tac gia,nhieu tac gia,nhieu tac gia,nhieu tac gia,nhieu tac gia,nhieu tac gia,nhieu tac gia,nhieu tac gia,nhieu tac gia,nhieu tac gia,nhieu tac gia,nhieu tac gia,nhieu tac gia,nhieu tac gia,nhieu tac gia,nhieu tac gia,nhieu tac gia,nhieu tac gia,nhieu tac gia,nhieu tac gia,nhieu tac gia,nhieu tac gia,nhieu tac gia,nhieu tac gia,nhieu tac gia,nhieu tac gia,nhieu tac gia,nhieu tac gia,nhieu tac gia,nhieu tac gia,nhiều tác giả,Nhiều Tác Gỉa",Tiếng Anh 12 - Sách bài tập (Tập Một) được biên soạn để giúp học sinh củng cố và mở rộng kiến thức ngôn ngữ và kĩ năng giao tiếp tiếng Anh các em đã học trong Tiếng Anh 12 – Sách học sinh (Tập Một). ...,33000,Cty Phương Nam,,,,,Nhà Xuất Bản Giáo Dục Việt Nam,,,,
46,Bí quyết chinh phục điểm cao kì thi THPT Quốc gia lớp 12 môn Toán Tập 2,https://salt.tikicdn.com/cache/280x280/ts/product/04/f9/96/2e9ec6f6449104bf42b5f312b70dde10.png,Cấp 3,Nhiều Tác Giả,"Nằm trong bộ “Bí quyết chinh phục điểm cao kì thi THPT Quốc gia Toán” do PGS. TS. Lê Văn Hiện – Giảng viên cao cấp Khoa Toán – Tin, Trường ĐHSP Hà Nội (Chủ biên), cuốn sách “Bí quyết chinh phục điểm c...",112500,CCBook,,,Bìa mềm,,Nhà Xuất Bản Đại Học Quốc Gia Hà Nội,,Đầu tiên,,
47,Giáo Dục Quốc Phòng - An Ninh 10 (2021),https://salt.tikicdn.com/cache/280x280/ts/product/eb/d8/54/69de834552fe0cba04d5afdd6bb33ac6.jpg,Cấp 3,Bộ Giáo Dục Và Đào Tạo,Giáo Dục Quốc Phòng - An Ninh 10 (2021)...,9000,Nhà xuất bản Giáo Dục,,,,,Nhà Xuất Bản Giáo Dục Việt Nam,,,,
48,Bài Tập Sinh Học 12 (2021),https://salt.tikicdn.com/cache/280x280/ts/product/f7/33/df/085757f37c655094b2414575724cd068.jpg,Cấp 3,Bộ Giáo Dục Và Đào Tạo,Bài Tập Sinh Học 12 (2021)...,15500,Nhà xuất bản Giáo Dục,,,,,Nhà Xuất Bản Giáo Dục Việt Nam,,,,
49,Combo Tiếng Anh Lớp 10 Tập 1 ( Sách học sinh + Sách bài tập ),https://salt.tikicdn.com/cache/280x280/ts/product/69/f4/06/cf43ff1f2666b8cecfd159954c9350b8.jpg,Cấp 3,Hoàng Văn Vân,Combo gồm : - Sách Tiếng Anh lớp 10 tập 1 sách học sinh ( kèm đĩa)- Tiếng Anh lớp 10 tập 1 sách bài tập...,70000,Công ty cổ phần Đầu tư và Phát triển Giáo dục Hà Nội,2021-09-07 17:10:18,,Bìa mềm,63,Nhà Xuất Bản Giáo Dục Việt Nam,,lớp 10,,
50,Lịch Sử 10 (2021),https://salt.tikicdn.com/cache/280x280/ts/product/d3/c1/6a/31afbb04a96f3742ce475f9dc9ca7741.jpg,Cấp 3,Bộ Giáo Dục Và Đào Tạo,Lịch Sử 10 (2021)...,15000,Nhà xuất bản Giáo Dục,,,,,Nhà Xuất Bản Giáo Dục Việt Nam,,,,
51,Sinh Học 11 (2021),https://salt.tikicdn.com/cache/280x280/ts/product/f6/7f/c3/61b7ea4842b4a3c9efdaa478a39e4703.jpg,Cấp 3,Bộ Giáo Dục Và Đào Tạo,Sinh Học 11 (2021)...,16000,Nhà xuất bản Giáo Dục,,,,,Nhà Xuất Bản Giáo Dục Việt Nam,,,,
52,Vật Lí 11 (2021),https://salt.tikicdn.com/cache/280x280/ts/product/27/d3/d0/3a59c2408b9fe2b7e815eca93218770d.jpg,Cấp 3,Bộ Giáo Dục Và Đào Tạo,Vật Lí 11 (2021)...,17000,Nhà xuất bản Giáo Dục,,,,,Nhà Xuất Bản Giáo Dục Việt Nam,,,,
53,Bài Tập Tin Học 10 (2020),https://salt.tikicdn.com/cache/280x280/ts/product/29/92/c3/1c74725a122a38836eabe939301506e4.jpg,Cấp 3,"Hồ Sĩ Đàm, Trần Đỗ Hùng, Ngô Ánh Tuyết",Bài Tập Tin Học 10 (2020)...,10700,Nhà xuất bản Giáo Dục,,,,,Nhà Xuất Bản Giáo Dục Việt Nam,,,,
54,Địa Lí 10 (2021),https://salt.tikicdn.com/cache/280x280/ts/product/a0/7c/e4/014421c4d0b0ba1232a750865cd11953.jpg,Cấp 3,Bộ Giáo Dục Và Đào Tạo,Địa Lí 10 (2021)...,14000,Nhà xuất bản Giáo Dục,,,,,Nhà Xuất Bản Giáo Dục Việt Nam,,,,
55,Tiếng Anh 11 - Tập 1 - Sách Bài Tập (2021),https://salt.tikicdn.com/cache/280x280/ts/product/2c/bd/0d/e08678c7d74fe82a8a9dd9ef5d64c457.jpg,Cấp 3,Bộ Giáo Dục Và Đào Tạo,Sách được biên soạn dựa trên cơ sở những kinh nghiệm thực tiễn của việc dạy tiếng Anh trung học phổ thông ở Việt Nam với sự hợp tác chặt chẽ về chuyên môn và kĩ thuật của Tập đoàn Xuất bản Giáo dục Pe...,29000,Cty Phương Nam,,,,,Nhà Xuất Bản Giáo Dục Việt Nam,,,,
56,Ngữ Văn 10 - Tập 2 (2021),https://salt.tikicdn.com/cache/280x280/ts/product/1e/66/7b/54cd44c2e03505d58a94bf55819b7519.jpg,Cấp 3,Bộ Giáo Dục Và Đào Tạo,Ngữ Văn 10 - Tập 2 (2021)...,10000,Nhà xuất bản Giáo Dục,,,,,Nhà Xuất Bản Giáo Dục Việt Nam,,,,
57,Đại Số Và Giải Tích 11 (2021),https://salt.tikicdn.com/cache/280x280/ts/product/52/17/7e/735a05c28c11183f632e7da541320f66.jpg,Cấp 3,Bộ Giáo Dục Và Đào Tạo,Đại Số Và Giải Tích 11 (2021)...,11000,Nhà xuất bản Giáo Dục,,,,,Nhà Xuất Bản Giáo Dục Việt Nam,,,,
58,Bài Tập Vật Lí 12 (2020),https://salt.tikicdn.com/cache/280x280/ts/product/69/46/0c/bce298885ae0b6da8f6ba6936f4849bb.jpg,Cấp 3,"Vũ Quang, Lương Duyên Bình, Tô Giang, Ngô Quốc Quỳnh",Bài Tập Vật Lí 12 (2020)...,19500,Nhà xuất bản Giáo Dục,,,,,Nhà Xuất Bản Giáo Dục Việt Nam,,,,
59,Giáo Dục Công Dân 10 (2021),https://salt.tikicdn.com/cache/280x280/ts/product/77/19/62/bab7e01df3b80de7b9ddb5921867980b.jpg,Cấp 3,Bộ Giáo Dục Và Đào Tạo,Giáo Dục Công Dân 10 (2021)...,7000,Nhà xuất bản Giáo Dục,,,,,Nhà Xuất Bản Giáo Dục Việt Nam,,,,
60,Bài Tập Hoá Học 12 (2021),https://salt.tikicdn.com/cache/280x280/ts/product/4d/a0/aa/9a45d5a8e7b82788866e752b2930458e.jpg,Cấp 3,Bộ Giáo Dục Và Đào Tạo,Bài Tập Hoá Học 12 (2021)...,20000,Nhà xuất bản Giáo Dục,,,,,Nhà Xuất Bản Giáo Dục Việt Nam,,,,
61,Bài Tập Ngữ Văn 10 - Tập 2 (2021),https://salt.tikicdn.com/cache/280x280/ts/product/9b/ca/e6/a991ceb863b6c43ea623cb0afd2d9835.jpg,Cấp 3,Bộ Giáo Dục Và Đào Tạo,Bài Tập Ngữ Văn 10 - Tập 2 (2021)...,9600,Nhà xuất bản Giáo Dục,,,,,Nhà Xuất Bản Giáo Dục Việt Nam,,,,
62,Tiếng Anh 12 (2021),https://salt.tikicdn.com/cache/280x280/ts/product/ed/c0/c9/6318ed9b235c6c718188ad84ac176665.jpg,Cấp 3,Bộ Giáo Dục Và Đào Tạo,Tiếng Anh 12 (2021)...,17000,Nhà xuất bản Giáo Dục,,,,,Nhà Xuất Bản Giáo Dục Việt Nam,,,,
63,Ngữ Văn 10/1 - Nâng Cao (2020),https://salt.tikicdn.com/cache/280x280/ts/product/2d/23/41/2925fc05bb3087f562bbf5f30b66ec76.jpg,Cấp 3,Bộ Giáo Dục Và Đào Tạo,Ngữ Văn 10/1 - Nâng Cao (2020)...,12000,Nhà xuất bản Giáo Dục,,,,,Nhà Xuất Bản Giáo Dục Việt Nam,,,,
64,Bài Tập Hình Học 12 (2021),https://salt.tikicdn.com/cache/280x280/ts/product/d4/bb/08/15d6f54f105f93ebff03ef1d6cd947c5.jpg,Cấp 3,Bộ Giáo Dục Và Đào Tạo,Bài Tập Hình Học 12 (2021)...,17500,Nhà xuất bản Giáo Dục,,,,,Nhà Xuất Bản Giáo Dục Việt Nam,,,,
65,Đột Phá Mindmap - Tư Duy Đọc Hiểu Môn Ngữ Văn Bằng Hình Ảnh Lớp 12,https://salt.tikicdn.com/cache/280x280/ts/product/6b/64/f8/4e1cfe1d2a0daa42efc30ce36ca235c3.jpg,Cấp 3,Trịnh Văn Quỳnh,Đột Phá Mindmap - Tư Duy Đọc Hiểu Môn Ngữ Văn Bằng Hình Ảnh Lớp 12Các sĩ tử đã chuẩn bị gì để “đối phó” với môn học vốn được mệnh danh là “khó nhằn” này?Bạn cảm thấy:- Áp lực với khối lượng k...,150940,MCBOOKS,,,Bìa mềm,307,Nhà Xuất Bản Đại Học Quốc Gia Hà Nội,,,,
66,Sách Giáo Khoa Bộ Lớp 11 - Sách Bài Tập (Bộ 8 Cuốn) (2021),https://salt.tikicdn.com/cache/280x280/ts/product/67/95/66/18d8506480a256e7778c85e561082775.jpg,Cấp 3,Bộ Giáo Dục Và Đào Tạo,Sách Giáo Khoa Bộ Lớp 11 - Sách Bài Tập (Bộ 8 Cuốn) (2021)   Bao Gồm:   1. Bài tập Đại số và giải tích 11 2. Bài tập Hình học 11 3. Bài tập Vật lí 11 4. Bài tập Hoá học 11  5. Bài tập Ngữ văn 1...,121900,Nhà xuất bản Giáo Dục,,,,,Nhà Xuất Bản Giáo Dục Việt Nam,,,,
67,Bài Tập Vật Lí 11 (2021),https://salt.tikicdn.com/cache/280x280/ts/product/44/53/85/5e518401ed50d04761e763a15587825a.jpg,Cấp 3,Bộ Giáo Dục Và Đào Tạo,Bài Tập Vật Lí 11 (2021)...,18000,Nhà xuất bản Giáo Dục,,,,,Nhà Xuất Bản Giáo Dục Việt Nam,,,,
68,"Công Nghệ 10 - Nông, Lâm, Ngư Nghiệp, Tạo Lập Doanh Nghiệp (2021)",https://salt.tikicdn.com/cache/280x280/ts/product/5d/c6/7c/c32f0ccaeafb30e9aa11dc90ca2fe17b.jpg,Cấp 3,Bộ Giáo Dục Và Đào Tạo,"Công Nghệ 10 - Nông, Lâm, Ngư Nghiệp, Tạo Lập Doanh Nghiệp (2021)...",16000,Nhà xuất bản Giáo Dục,,,,,Nhà Xuất Bản Giáo Dục Việt Nam,,,,
69,Bài Tập Lịch Sử 11 (2021),https://salt.tikicdn.com/cache/280x280/ts/product/23/6f/25/9d1dfd49e8fe6c5e5e904391778b03ff.jpg,Cấp 3,Bộ Giáo Dục Và Đào Tạo,Bài Tập Lịch Sử 11 (2021)...,13500,Nhà xuất bản Giáo Dục,,,,,Nhà Xuất Bản Giáo Dục Việt Nam,,,,
70,Bài Tập Hoá Học 12 (2020),https://salt.tikicdn.com/cache/280x280/ts/product/21/5e/33/38b982c58a2b4f03c36ad98c5702d3cc.jpg,Cấp 3,"Nguyễn Xuân Trường,Nguyễn Xuân Trường, Từ Ngọc Anh, Phạm Văn Hoan",Bài Tập Hoá Học 12 (2020)...,20000,Nhà xuất bản Giáo Dục,,,,,Nhà Xuất Bản Giáo Dục Việt Nam,,,,
71,Bài Tập Vật Lí 11 (2020),https://salt.tikicdn.com/cache/280x280/ts/product/43/31/a0/d47da5ac327771ba85b4e6542a27fb62.jpg,Cấp 3,"Lương Duyên Bình, Vũ Quang, Nguyễn Xuân Chi, Bùi Quang Hân, Đoàn Duy Hinh",Bài Tập Vật Lí 11 (2020)...,18000,Nhà xuất bản Giáo Dục,,,,,Nhà Xuất Bản Giáo Dục Việt Nam,,,,
72,Bài Tập Giải Tích 12 (2021),https://salt.tikicdn.com/cache/280x280/ts/product/20/93/37/26775c07e69fecd1da1192ad9221a38d.jpg,Cấp 3,Bộ Giáo Dục Và Đào Tạo,Bài Tập Giải Tích 12 (2021)...,23000,Nhà xuất bản Giáo Dục,,,,,Nhà Xuất Bản Giáo Dục Việt Nam,,,,
73,Bài Tập Sinh Học 11 (2021),https://salt.tikicdn.com/cache/280x280/ts/product/5a/8c/72/2f281a346de7f584bf3700b33a4ed4c4.jpg,Cấp 3,Bộ Giáo Dục Và Đào Tạo,Bài Tập Sinh Học 11 (2021)...,11000,Nhà xuất bản Giáo Dục,,,,,Nhà Xuất Bản Giáo Dục Việt Nam,,,,
74,Bài Tập Hóa Học 10 (2021),https://salt.tikicdn.com/cache/280x280/ts/product/a9/cd/9f/3e483c8f81ee8f61be3c7cd0073f1c43.jpg,Cấp 3,Bộ Giáo Dục Và Đào Tạo,Bài Tập Hóa Học 10 (2021)...,17000,Nhà xuất bản Giáo Dục,,,,,Nhà Xuất Bản Giáo Dục Việt Nam,,,,
75,Bài Tập Ngữ Văn 11 - Tập 2 (2021),https://salt.tikicdn.com/cache/280x280/ts/product/3c/69/da/1994b9769b63bab25a78e087b2d960ab.jpg,Cấp 3,Bộ Giáo Dục Và Đào Tạo,Bài Tập Ngữ Văn 11 - Tập 2 (2021)...,8400,Nhà xuất bản Giáo Dục,,,,,Nhà Xuất Bản Giáo Dục Việt Nam,,,,
76,Giáo Dục An Ninh Quốc Phòng 12 (T9),https://salt.tikicdn.com/cache/280x280/ts/product/85/80/6d/0fbfb31bff2373deef85a191249f55e5.jpg,Cấp 3,Bộ Giáo Dục Và Đào Tạo,Giáo Dục An Ninh Quốc Phòng 12 (T9)...,9900,NXB Giáo Dục Việt Nam,,,,,,,,,
77,Sổ Tay Công Thức Toán THPT,https://salt.tikicdn.com/cache/280x280/ts/product/da/b6/b0/e01cdfe48ad284596e18290cbc354b70.jpg,Cấp 3,Lê Quang Điệp,"Sổ Tay Công Thức Toán THPT (Mới) sẽ là một quyển sổ tay hữu ích và tiện lợi cho các bạn học sinh phổ thông. Giúp tra cứu nhanh các công thức, thông tin Toán học cần thiết trong thời gian ngắn nhất. Đồ...",24000,Sách Việt,2020-02-02 00:00:00,10 x 16 cm,Bìa mềm,352,Nhà Xuất Bản Đại Học Sư Phạm TPHCM,,,,
78,Bài Tập Tin Học 10 (2021),https://salt.tikicdn.com/cache/280x280/ts/product/f0/29/9f/bd9e956cd8aa00e41cc855ac55affb12.jpg,Cấp 3,Bộ Giáo Dục Và Đào Tạo,Bài Tập Tin Học 10 (2021)...,10700,Nhà xuất bản Giáo Dục,,,,,Nhà Xuất Bản Giáo Dục Việt Nam,,,,
79,Bài Tập Hình Học 11 (2021),https://salt.tikicdn.com/cache/280x280/ts/product/ca/9e/6a/fb1c3aa776eb25c93efc5579ee88e613.jpg,Cấp 3,Bộ Giáo Dục Và Đào Tạo,Bài Tập Hình Học 11 (2021)...,21000,Nhà xuất bản Giáo Dục,,,,,Nhà Xuất Bản Giáo Dục Việt Nam,,,,
80,Bài Tập Hoá Học 11 (2020),https://salt.tikicdn.com/cache/280x280/ts/product/d8/f0/bf/cefa02a5f085239f0f6b3b77611a6451.jpg,Cấp 3,"Nguyễn Xuân Trường,Nguyễn Xuân Trường, Từ Ngọc Ánh, Lê Chí Kiên, Lê Mậu Quyền",Bài Tập Hoá Học 11 (2020)...,19000,Nhà xuất bản Giáo Dục,,,,,Nhà Xuất Bản Giáo Dục Việt Nam,,,,
81,Sách Giáo Khoa Bộ Lớp 12 - Sách Bài Tập (Bộ 8 Cuốn) (2021),https://salt.tikicdn.com/cache/280x280/ts/product/26/8c/fe/d640da53751074cd8799a5f4876ae7cd.jpg,Cấp 3,Bộ Giáo Dục Và Đào Tạo,Sách Giáo Khoa Bộ Lớp 12 - Sách Bài Tập (Bộ 8 Cuốn) (2021)   Bao Gồm:   1. Bài tập Giải tích 12  2. Bài tập Hình học 12  3. Bài tập Vật lí 12 4. Bài tập Hoá học 12  5. Bài tập Ngữ văn...,120400,Nhà xuất bản Giáo Dục,,,,,Nhà Xuất Bản Giáo Dục Việt Nam,,,,
82,Học Tốt Giải Tích 12 Tập 1,https://salt.tikicdn.com/cache/280x280/media/catalog/product/i/m/img116.u4939.d20170328.t102720.506584.jpg,Cấp 3,Nhiều Tác Giả,"Cuốn sách Học Tốt Giải Tích 12 Tập 1 bao gồm phần tóm tắt kiến thức, gợi ý giải các bài toán cho các bạn học sinh lớp 12. Đây thực sự là cuốn sách bổ ích cho các em học sinh trong quá trình học tập c...",28700,Nhà sách Sao Mai,2013-08-23 00:00:00,17 x 24 cm,Bìa mềm,421,Nhà Xuất Bản Đại Học Quốc Gia Hà Nội,,,,
83,Bài Tập Tiếng Anh 12 (2020),https://salt.tikicdn.com/cache/280x280/ts/product/01/11/c0/c01f748996ea7ea664a5ff76c71b80cc.jpg,Cấp 3,"Hoàng Văn Vân, Hoàng Thị Xuân Hoa, Đào Ngọc Lộc, Vũ Thị Lợi, Đỗ Tuấn Minh, Nguyễn Quốc Tuấn",Bài Tập Tiếng Anh 12 (2020)...,14000,Nhà xuất bản Giáo Dục,,,,,Nhà Xuất Bản Giáo Dục Việt Nam,,,,
84,Bài Tập Hình Học 10 (2021),https://salt.tikicdn.com/cache/280x280/ts/product/d5/0e/9a/579ccc25b9871e847d0792510e9ecf78.jpg,Cấp 3,Bộ Giáo Dục Và Đào Tạo,Bài Tập Hình Học 10 (2021)...,21000,Nhà xuất bản Giáo Dục,,,,,Nhà Xuất Bản Giáo Dục Việt Nam,,,,
85,Bài Tập Đại Số Và Giải Tích 11 (2020),https://salt.tikicdn.com/cache/280x280/ts/product/f7/d0/91/1f3bb468ef1bb33d8eb57b1348c045d0.jpg,Cấp 3,"Vũ Tuấn, Trần Văn Hạo, Đào Ngọc Nam, Lê Văn Tiến, Vũ Viết Yên",Bài Tập Đại Số Và Giải Tích 11 (2020)...,23000,Nhà xuất bản Giáo Dục,,,,,Nhà Xuất Bản Giáo Dục Việt Nam,,,,
86,Bài Tập Ngữ Văn 11 - Tập 1 (2021),https://salt.tikicdn.com/cache/280x280/ts/product/4d/5c/0c/fe6b1dff23ba4e438d67a470f2fbbadb.jpg,Cấp 3,Bộ Giáo Dục Và Đào Tạo,Bài Tập Ngữ Văn 11 - Tập 1 (2021)...,9800,Nhà xuất bản Giáo Dục,,,,,Nhà Xuất Bản Giáo Dục Việt Nam,,,,
87,Hình Học 12 (T9),https://salt.tikicdn.com/cache/280x280/ts/product/c9/c0/a7/2c8a2fc2520406e42e0b179e49238ca9.jpg,Cấp 3,Bộ Giáo Dục Và Đào Tạo,Hình Học 12 (T9)...,5400,NXB Giáo Dục Việt Nam,,,,,,,,,
88,Bài Tập Ngữ Văn 10 - Tập 1 (2021),https://salt.tikicdn.com/cache/280x280/ts/product/39/dd/cc/a8b2ae052629e2b2082fee88cc3a83c0.jpg,Cấp 3,Bộ Giáo Dục Và Đào Tạo,Bài Tập Ngữ Văn 10 - Tập 1 (2021)...,9300,Nhà xuất bản Giáo Dục,,,,,Nhà Xuất Bản Giáo Dục Việt Nam,,,,
89,Bài Tập Ngữ Văn Lớp 11 (Tập 1),https://salt.tikicdn.com/cache/280x280/media/catalog/product/i/m/img897.u335.d20160423.t105249.jpg,Cấp 3,Nhiều Tác Giả,"Bài Tập Ngữ Văn Lớp 11 (Tập 1) Sách gồm hai loại bài tập: một phần nhỏ là các bài tập trong SGK, còn lại phần lớn là các bài tập theo 3 phân môn (Đọc hiểu, Tiếng Việt, Làm văn). Những bài tập được th...",9310,Công Ty Cồ Phần Sách & Thiết Bị Giáo Dục Miền Nam,2015-07-23 00:00:00,,Bìa mềm,147,,,,,
90,Bài Tập Ngữ Văn 10 - Tập 2 (2020),https://salt.tikicdn.com/cache/280x280/ts/product/7a/7f/b7/227e691f3a6d873730084f6d59ce8012.jpg,Cấp 3,"Phan Trọng Luận, Lê A, Lê Nguyên Cẩn, Đỗ Kim Hồi, Nguyễn Xuân Nam, Vũ Dương Quỹ, Lã Nhâm Thìn, Trần Nho Thìn, Bùi Minh Toán",Bài Tập Ngữ Văn 10 - Tập 2 (2020)...,9600,Nhà xuất bản Giáo Dục,,,,,Nhà Xuất Bản Giáo Dục Việt Nam,,,,
91,Bài Tập Tiếng Anh 11 (2021),https://salt.tikicdn.com/cache/280x280/ts/product/26/2b/32/580cf462b5747cc8c2fe490ee63ab794.jpg,Cấp 3,Bộ Giáo Dục Và Đào Tạo,Bài Tập Tiếng Anh 11 (2021)...,14500,Nhà xuất bản Giáo Dục,,,,,Nhà Xuất Bản Giáo Dục Việt Nam,,,,
92,Bài Tập Lịch Sử 12 (2021),https://salt.tikicdn.com/cache/280x280/ts/product/57/f4/34/c7ea377ec4075cdc01dd54bb62690215.jpg,Cấp 3,Bộ Giáo Dục Và Đào Tạo,Bài Tập Lịch Sử 12 (2021)...,14500,Nhà xuất bản Giáo Dục,,,,,Nhà Xuất Bản Giáo Dục Việt Nam,,,,
93,Bài Tập Ngữ Văn 11 - Tập 1 (2020),https://salt.tikicdn.com/cache/280x280/ts/product/9b/d7/5d/99d030be351c7ceba6e8aeb906170fb3.jpg,Cấp 3,"Phan Trọng Luận, Lê Nguyên Cẩn, Đỗ Kim Hồi, Trần Nho Thìn, Bùi Minh Toán, Đoàn Đức Phương, Trần Đăng Suyền, Trịnh Thị Thu Tiết, Hà Bình Trị",Bài Tập Ngữ Văn 11 - Tập 1 (2020)...,9800,Nhà xuất bản Giáo Dục,,,,,Nhà Xuất Bản Giáo Dục Việt Nam,,,,
94,Bài Tập Sinh Học 11 (2020),https://salt.tikicdn.com/cache/280x280/ts/product/e5/f0/5f/6bd35650d45c2fef5f524857cd910093.jpg,Cấp 3,"Ngô Văn Hưng, Trần Văn Kiên",Bài Tập Sinh Học 11 (2020)...,11000,Nhà xuất bản Giáo Dục,,,,,Nhà Xuất Bản Giáo Dục Việt Nam,,,,
95,Bài Tập Hình Học 11 (2020),https://salt.tikicdn.com/cache/280x280/ts/product/b0/85/46/5463c09af12b4c7761f1939c4cd26b32.jpg,Cấp 3,"Nguyễn Mộng Hy, Khu Quốc Anh, Nguyễn Hà Thanh",Bài Tập Hình Học 11 (2020)...,21000,Nhà xuất bản Giáo Dục,,,,,Nhà Xuất Bản Giáo Dục Việt Nam,,,,
96,Sách Giáo Khoa Bộ Lớp 10 - Sách Bài Học (Bộ 14 Cuốn) (2021),https://salt.tikicdn.com/cache/280x280/ts/product/e6/3f/c0/414bbcfa5b109a16cd892cbad4bd05a4.jpg,Cấp 3,Bộ Giáo Dục Và Đào Tạo,Sách Giáo Khoa Bộ Lớp 10 - Sách Bài Học (Bộ 14 Cuốn) (2021)Bao Gồm:STTTên sản phẩm1Giáo dục Quốc phòng - An ninh 102Đại số 103Hình học 104Vật lí 105Hoá học 106Sinh học 10...,164000,Fahasa,,,Bìa mềm,,Nhà Xuất Bản Giáo Dục,,,,
97,Bài Tập Đại Số Và Giải Tích 11 (2021),https://salt.tikicdn.com/cache/280x280/ts/product/cd/b6/af/4924f0ccf05fd0bdd0faae74173ec77d.jpg,Cấp 3,Bộ Giáo Dục Và Đào Tạo,Bài Tập Đại Số Và Giải Tích 11 (2021)...,23000,Nhà xuất bản Giáo Dục,,,,,Nhà Xuất Bản Giáo Dục Việt Nam,,,,
98,Bài Tập Giải Tích 12 (T9),https://salt.tikicdn.com/cache/280x280/ts/product/13/d1/f3/43b8727f50c2102548507589607765de.jpg,Cấp 3,Nhiều Tác Giả,Bài Tập Giải Tích 12 (T9)...,20700,NXB Giáo Dục Việt Nam,,,,,,,,,
99,Tiếng Anh 11 - Tập 1 - Sách Học Sinh (2021),https://salt.tikicdn.com/cache/280x280/ts/product/b3/28/47/09debe1c2d990a0287dc1154cdd3265c.jpg,Cấp 3,Bộ Giáo Dục Và Đào Tạo,Sách được biên soạn dựa trên cơ sở những kinh nghiệm thực tiễn của việc dạy tiếng Anh trung học phổ thông ở Việt Nam với sự hợp tác chặt chẽ về chuyên môn và kĩ thuật của Tập đoàn Xuất bản Giáo d...,39000,Cty Phương Nam,,,,,Nhà Xuất Bản Giáo Dục Việt Nam,,,,
100,Bài Tập Giải Tích 12 (2020),https://salt.tikicdn.com/cache/280x280/ts/product/f9/a0/01/1deed3405555ba458412587ae5f1f2de.jpg,Cấp 3,"Vũ Tuấn, Lê Thị Thiên Hương, Nguyễn Thu Nga, Phạm Phu, Nguyễn Tiến Tài, Cấn Văn Tuất",Bài Tập Giải Tích 12 (2020)...,23000,Nhà xuất bản Giáo Dục,,,,,Nhà Xuất Bản Giáo Dục Việt Nam,,,,
101,Tiếng Anh 10 - Tập 1 - Sách Bài Tập (2021),https://salt.tikicdn.com/cache/280x280/ts/product/d5/ef/12/05391b3b87f1b4007d8a3e3e311fee18.jpg,Cấp 3,Bộ Giáo Dục Và Đào Tạo,Sách được biên soạn dựa trên cơ sở những kinh nghiệm thực tiễn của việc dạy tiếng Anh trung học phổ thông ở Việt Nam với sự hợp tác chặt chẽ về chuyên môn và kĩ thuật của Tập đoàn Xuất bản Giáo d...,30000,Cty Phương Nam,,,,,Nhà Xuất Bản Giáo Dục Việt Nam,,,,
102,Bài Tập Hoá Học 11 (2021),https://salt.tikicdn.com/cache/280x280/ts/product/cd/b5/bc/3cd44e9170301c2f0da7f601dfa7ecb8.jpg,Cấp 3,Bộ Giáo Dục Và Đào Tạo,Bài Tập Hoá Học 11 (2021)...,19000,Nhà xuất bản Giáo Dục,,,,,Nhà Xuất Bản Giáo Dục Việt Nam,,,,
103,Địa Lí 11 (2021),https://salt.tikicdn.com/cache/280x280/ts/product/0e/ee/47/02dacd1d8d4dbcb8477bb27f2149b4c3.jpg,Cấp 3,Bộ Giáo Dục Và Đào Tạo,Địa Lí 11 (2021)...,10000,Nhà xuất bản Giáo Dục,,,,,Nhà Xuất Bản Giáo Dục Việt Nam,,,,
104,Tập Bản Đồ Địa Lí 11 (2021),https://salt.tikicdn.com/cache/280x280/ts/product/6c/0b/28/e3bcbbc707708aa4574399f2d3825966.jpg,Cấp 3,"Nhiều Tác Giả,Nhiều Tác Giả,Nhiều tác giả,Nhiều Tác Giả ,Nhiều Tác giả,nhieu tac gia,nhieu tac gia,nhieu tac gia,nhieu tac gia,nhieu tac gia,nhieu tac gia,nhieu tac gia,nhieu tac gia,nhieu tac gia,nhieu tac gia,nhieu tac gia,nhieu tac gia,nhieu tac gia,nhieu tac gia,nhieu tac gia,nhieu tac gia,nhieu tac gia,nhieu tac gia,nhieu tac gia,nhieu tac gia,nhieu tac gia,nhieu tac gia,nhieu tac gia,nhieu tac gia,nhieu tac gia,nhieu tac gia,nhieu tac gia,nhieu tac gia,nhieu tac gia,nhieu tac gia,nhieu tac gia,nhieu tac gia,nhieu tac gia,nhieu tac gia,nhieu tac gia,nhieu tac gia,nhieu tac gia,nhieu tac gia,nhieu tac gia,nhieu tac gia,nhieu tac gia,nhieu tac gia,nhieu tac gia,nhieu tac gia,nhieu tac gia,nhieu tac gia,nhieu tac gia,nhieu tac gia,nhieu tac gia,nhieu tac gia,nhieu tac gia,nhieu tac gia,nhieu tac gia,nhieu tac gia,nhiều tác giả,Nhiều Tác Gỉa","Bản đồ, atlat địa lí, tập bản đồ địa lí là những phương tiện giảng dạy và học tập rất cần thiết đối với môn Địa lí ở nhà trường phổ thông. Cùng với sách giáo khoa, tập bản đồ là nguồn cung cấp kiến th...",29000,Cty Sách Giáo Dục Tại TP.HCM,,,,,Nhà Xuất Bản Giáo Dục Việt Nam,,,,
105,Tiếng Anh 10 - Tập 2 - Sách Học Sinh (2021),https://salt.tikicdn.com/cache/280x280/ts/product/8c/f4/c7/094484e20bd0ace0e37d1a6523410e26.jpg,Cấp 3,Bộ Giáo Dục Và Đào Tạo,Sách được biên soạn dựa trên cơ sở những kinh nghiệm thực tiễn của việc dạy tiếng Anh trung học phổ thông ở Việt Nam với sự hợp tác chặt chẽ về chuyên môn và kĩ thuật của Tập đoàn Xuất bản Giáo d...,30000,Cty Phương Nam,,,,,Nhà Xuất Bản Giáo Dục Việt Nam,,,,
106,Bài Tập Tiếng Anh 12 (Chuẩn),https://salt.tikicdn.com/cache/280x280/ts/product/7e/11/ee/2fbd1071dc582eddb82d0493f9b30a8b.jpg,Cấp 3,"Nhiều Tác Giả,Nhiều Tác Giả,Nhiều tác giả,Nhiều Tác Giả ,Nhiều Tác giả,nhieu tac gia,nhieu tac gia,nhieu tac gia,nhieu tac gia,nhieu tac gia,nhieu tac gia,nhieu tac gia,nhieu tac gia,nhieu tac gia,nhieu tac gia,nhieu tac gia,nhieu tac gia,nhieu tac gia,nhieu tac gia,nhieu tac gia,nhieu tac gia,nhieu tac gia,nhieu tac gia,nhieu tac gia,nhieu tac gia,nhieu tac gia,nhieu tac gia,nhieu tac gia,nhieu tac gia,nhieu tac gia,nhieu tac gia,nhieu tac gia,nhieu tac gia,nhieu tac gia,nhieu tac gia,nhieu tac gia,nhieu tac gia,nhieu tac gia,nhieu tac gia,nhieu tac gia,nhieu tac gia,nhieu tac gia,nhieu tac gia,nhieu tac gia,nhieu tac gia,nhieu tac gia,nhieu tac gia,nhieu tac gia,nhieu tac gia,nhieu tac gia,nhieu tac gia,nhieu tac gia,nhieu tac gia,nhieu tac gia,nhieu tac gia,nhieu tac gia,nhieu tac gia,nhieu tac gia,nhieu tac gia,nhiều tác giả,Nhiều Tác Gỉa",Bài Tập Tiếng Anh 12 (Chuẩn)...,13300,Nhà xuất bản Giáo Dục,,,,,Nhà Xuất Bản Giáo Dục Việt Nam,,,,
107,Ngữ Văn 11 - Tập 2 (2021),https://salt.tikicdn.com/cache/280x280/ts/product/a9/b3/97/7402c6309ed16b033ad640e8112dd0af.jpg,Cấp 3,Bộ Giáo Dục Và Đào Tạo,Ngữ Văn 11 - Tập 2 (2021)...,8000,Nhà xuất bản Giáo Dục,,,,,Nhà Xuất Bản Giáo Dục Việt Nam,,,,
108,Ngữ Văn 11 - Tập 1 (2021),https://salt.tikicdn.com/cache/280x280/ts/product/8b/dc/8b/0af59510eaa91fd8d26ff697587bcb55.jpg,Cấp 3,Bộ Giáo Dục Và Đào Tạo,Ngữ Văn 11 - Tập 1 (2021)...,13000,Nhà xuất bản Giáo Dục,,,,,Nhà Xuất Bản Giáo Dục Việt Nam,,,,
109,Ngữ Văn 12 - Tập 2 (2021),https://salt.tikicdn.com/cache/280x280/ts/product/8c/bb/cc/5be1f08e136c70865bb94d0730dfc4b0.jpg,Cấp 3,Bộ Giáo Dục Và Đào Tạo,Ngữ Văn 12 - Tập 2 (2021)...,13000,Nhà xuất bản Giáo Dục,,,,,Nhà Xuất Bản Giáo Dục Việt Nam,,,,
110,Sách Giáo Khoa Bộ Lớp 12 - Sách Bài Học (Bộ 13 Cuốn - Không Tiếng Anh) (2021),https://salt.tikicdn.com/cache/280x280/ts/product/e4/60/93/24a46e63e308ff79fcf3cabef8e7bc36.jpg,Cấp 3,Bộ Giáo Dục Và Đào Tạo,Sách Giáo Khoa Bộ Lớp 12 - Sách Bài Học (Bộ 13 Cuốn - Không Tiếng Anh) (2021)   Bao Gồm:   1. Ngữ Văn 12/1 2. Ngữ Văn 12/2 3. Giải Tích 12 4. Hình Học 12 5. Vật Lí 12 6. Hoá Học 12 7. Sinh Học 12 8....,163000,Nhà xuất bản Giáo Dục,,,,,Nhà Xuất Bản Giáo Dục Việt Nam,,,,
111,Bài Tập Tin Học 12 (2021),https://salt.tikicdn.com/cache/280x280/ts/product/a5/79/f1/18c68c574d6227e50fa15c3804436bca.jpg,Cấp 3,Bộ Giáo Dục Và Đào Tạo,Bài Tập Tin Học 12 (2021)...,8200,Nhà xuất bản Giáo Dục,,,,,Nhà Xuất Bản Giáo Dục Việt Nam,,,,
112,Ngữ Văn 10 - Tập 1 (2021),https://salt.tikicdn.com/cache/280x280/ts/product/77/fd/cd/24cbdcb9cea81bb97563634371eb212b.jpg,Cấp 3,Bộ Giáo Dục Và Đào Tạo,Ngữ Văn 10 - Tập 1 (2021)...,10000,Nhà xuất bản Giáo Dục,,,,,Nhà Xuất Bản Giáo Dục Việt Nam,,,,
113,Hoá Học 12 (2021),https://salt.tikicdn.com/cache/280x280/ts/product/c6/84/21/90727e3223aa3a98291a657ed6e15ef9.jpg,Cấp 3,Bộ Giáo Dục Và Đào Tạo,Hoá Học 12 (2021)...,17000,Nhà xuất bản Giáo Dục,,,,,Nhà Xuất Bản Giáo Dục Việt Nam,,,,
114,Vật Lí 12 (2021),https://salt.tikicdn.com/cache/280x280/ts/product/6c/3e/ee/3af781c56018a227b397639cbea3e0e3.jpg,Cấp 3,Bộ Giáo Dục Và Đào Tạo,Vật Lí 12 (2021)...,17000,Nhà xuất bản Giáo Dục,,,,,Nhà Xuất Bản Giáo Dục Việt Nam,,,,
115,Tiếng Anh Lớp 11 - Tập 2 - Sách Bài Tập (Tái Bản),https://salt.tikicdn.com/cache/280x280/ts/product/91/5a/70/856613e27ba919413cc73c0009f05122.jpg,Cấp 3,"Nhiều Tác Giả,Nhiều Tác Giả,Nhiều tác giả,Nhiều Tác Giả ,Nhiều Tác giả,nhieu tac gia,nhieu tac gia,nhieu tac gia,nhieu tac gia,nhieu tac gia,nhieu tac gia,nhieu tac gia,nhieu tac gia,nhieu tac gia,nhieu tac gia,nhieu tac gia,nhieu tac gia,nhieu tac gia,nhieu tac gia,nhieu tac gia,nhieu tac gia,nhieu tac gia,nhieu tac gia,nhieu tac gia,nhieu tac gia,nhieu tac gia,nhieu tac gia,nhieu tac gia,nhieu tac gia,nhieu tac gia,nhieu tac gia,nhieu tac gia,nhieu tac gia,nhieu tac gia,nhieu tac gia,nhieu tac gia,nhieu tac gia,nhieu tac gia,nhieu tac gia,nhieu tac gia,nhieu tac gia,nhieu tac gia,nhieu tac gia,nhieu tac gia,nhieu tac gia,nhieu tac gia,nhieu tac gia,nhieu tac gia,nhieu tac gia,nhieu tac gia,nhieu tac gia,nhieu tac gia,nhieu tac gia,nhieu tac gia,nhieu tac gia,nhieu tac gia,nhieu tac gia,nhieu tac gia,nhieu tac gia,nhiều tác giả,Nhiều Tác Gỉa",Tiếng Anh Lớp 11 - Tập 2 - Sách Bài Tập   Tiếng Anh 11 Tập 2 - Sách Bài Tập được biên soạn để giúp học sinh củng cố và mở rộng kiến thức ngôn ngữ và kĩ năng giao tiếp tiếng Anh các em đã học trong Ti...,27000,Cty Phương Nam,,,,,Nhà Xuất Bản Giáo Dục Việt Nam,,,,
116,Bài Tập Địa Lí 11 (2020),https://salt.tikicdn.com/cache/280x280/ts/product/95/35/95/6b4d101bfecec74809c802ad6d405c67.jpg,Cấp 3,"Nguyễn Đức Vũ, Phí Công Việt",Bài Tập Địa Lí 11 (2020)...,9500,Nhà xuất bản Giáo Dục,,,,,Nhà Xuất Bản Giáo Dục Việt Nam,,,,
117,Giáo Dục Công Dân 12 (2021),https://salt.tikicdn.com/cache/280x280/ts/product/bc/5a/fb/5c97ca69ff23a687aa09ef903dff3f67.jpg,Cấp 3,Bộ Giáo Dục Và Đào Tạo,Giáo Dục Công Dân 12 (2021)...,7000,Nhà xuất bản Giáo Dục,,,,,Nhà Xuất Bản Giáo Dục Việt Nam,,,,
118,Công Nghệ 12 (2021),https://salt.tikicdn.com/cache/280x280/ts/product/ee/36/6d/5cec24876bc76cd43305b8293d03cc64.jpg,Cấp 3,Bộ Giáo Dục Và Đào Tạo,Công Nghệ 12 (2021)...,10000,Nhà xuất bản Giáo Dục,,,,,Nhà Xuất Bản Giáo Dục Việt Nam,,,,
119,Hình Học 10 (2021),https://salt.tikicdn.com/cache/280x280/ts/product/e0/cf/04/c76f76699e29984285ac4472dd338694.jpg,Cấp 3,Bộ Giáo Dục Và Đào Tạo,Hình Học 10 (2021)...,6000,Nhà xuất bản Giáo Dục,,,,,Nhà Xuất Bản Giáo Dục Việt Nam,,,,
120,Tiếng Anh 11 - Tập 2 - Sách Học Sinh (2021),https://salt.tikicdn.com/cache/280x280/ts/product/e8/31/6a/aa1708c9852f96a8cfbadb5286f13804.jpg,Cấp 3,Bộ Giáo Dục Và Đào Tạo,Sách được biên soạn dựa trên cơ sở những kinh nghiệm thực tiễn của việc dạy tiếng Anh trung học phổ thông ở Việt Nam với sự hợp tác chặt chẽ về chuyên môn và kĩ thuật của Tập đoàn Xuất bản Giáo d...,39000,Cty Phương Nam,,,,,Nhà Xuất Bản Giáo Dục Việt Nam,,,,
121,Sinh Học 12 (2021),https://salt.tikicdn.com/cache/280x280/ts/product/73/9f/53/ce0e13eae6d13136971c9d8824ce763a.jpg,Cấp 3,Bộ Giáo Dục Và Đào Tạo,Sinh Học 12 (2021)...,18000,Nhà xuất bản Giáo Dục,,,,,Nhà Xuất Bản Giáo Dục Việt Nam,,,,
122,Lịch Sử 12 (2021),https://salt.tikicdn.com/cache/280x280/ts/product/1b/37/b1/126162476e66e7ee8e12b1f2be8c84a3.jpg,Cấp 3,Bộ Giáo Dục Và Đào Tạo,Lịch Sử 12 (2021)...,16000,Nhà xuất bản Giáo Dục,,,,,Nhà Xuất Bản Giáo Dục Việt Nam,,,,
123,Giáo Dục Quốc Phòng - An Ninh 12 (2021),https://salt.tikicdn.com/cache/280x280/ts/product/c9/78/c1/c3057d5395baad7e33c405b5a90b9ced.jpg,Cấp 3,Bộ Giáo Dục Và Đào Tạo,Giáo Dục Quốc Phòng - An Ninh 12 (2021)...,11000,Nhà xuất bản Giáo Dục,,,,,Nhà Xuất Bản Giáo Dục Việt Nam,,,,
124,Ngữ Văn 10/2 - Nâng Cao (2020),https://salt.tikicdn.com/cache/280x280/ts/product/54/42/95/d8141db6887cfcca11f3cc7d55ff0cd4.jpg,Cấp 3,Bộ Giáo Dục Và Đào Tạo,Ngữ Văn 10/2 - Nâng Cao (2020)...,12000,Nhà xuất bản Giáo Dục,,,,,Nhà Xuất Bản Giáo Dục Việt Nam,,,,
125,Ngữ Văn 12 - Tập 1 (2021),https://salt.tikicdn.com/cache/280x280/ts/product/21/21/33/21d1b8a59a055a4300197cea55a20b80.jpg,Cấp 3,Bộ Giáo Dục Và Đào Tạo,Ngữ Văn 12 - Tập 1 (2021)...,13000,Nhà xuất bản Giáo Dục,,,,,Nhà Xuất Bản Giáo Dục Việt Nam,,,,
126,Hình Học 12 (2021),https://salt.tikicdn.com/cache/280x280/ts/product/9c/58/1a/1a5fbe0876259d33bca755a4d40f3fd9.jpg,Cấp 3,Bộ Giáo Dục Và Đào Tạo,Hình Học 12 (2021)...,6000,Nhà xuất bản Giáo Dục,,,,,Nhà Xuất Bản Giáo Dục Việt Nam,,,,
127,Sinh Học 10 (2021),https://salt.tikicdn.com/cache/280x280/ts/product/19/ee/96/dd20325869ec568257edd93906ea925f.jpg,Cấp 3,Bộ Giáo Dục Và Đào Tạo,Sinh Học 10 (2021)...,11000,Nhà xuất bản Giáo Dục,,,,,Nhà Xuất Bản Giáo Dục Việt Nam,,,,
128,Hóa Học 11 (2021),https://salt.tikicdn.com/cache/280x280/ts/product/4a/d9/17/6fae7067dfd5faf36855e8afc71e8925.jpg,Cấp 3,Bộ Giáo Dục Và Đào Tạo,Hóa Học 11 (2021)...,18000,Nhà xuất bản Giáo Dục,,,,,Nhà Xuất Bản Giáo Dục Việt Nam,,,,
129,Vật Lí 10 (2021),https://salt.tikicdn.com/cache/280x280/ts/product/5b/d8/bd/80eee407f080d7729fcf369bb219f15d.jpg,Cấp 3,Bộ Giáo Dục Và Đào Tạo,Vật Lí 10 (2021)...,17000,Nhà xuất bản Giáo Dục,,,,,Nhà Xuất Bản Giáo Dục Việt Nam,,,,
130,Đại Số 10 (2021),https://salt.tikicdn.com/cache/280x280/ts/product/9a/b3/33/5bff302464208e2b0e17c189bc3e9a05.jpg,Cấp 3,Bộ Giáo Dục Và Đào Tạo,Đại Số 10 (2021)...,10000,Nhà xuất bản Giáo Dục,,,,,Nhà Xuất Bản Giáo Dục Việt Nam,,,,
131,Giáo Dục Quốc Phòng - An Ninh 11 (2021),https://salt.tikicdn.com/cache/280x280/ts/product/bb/27/95/09386bd86378558245d00a16f162d931.jpg,Cấp 3,Bộ Giáo Dục Và Đào Tạo,Giáo Dục Quốc Phòng - An Ninh 11 (2021)...,10000,Nhà xuất bản Giáo Dục,,,,,Nhà Xuất Bản Giáo Dục Việt Nam,,,,
132,Bài Tập Tin Học 11 (2021),https://salt.tikicdn.com/cache/280x280/ts/product/5c/99/d6/e526b6c21781f97421804757cafe7dc3.jpg,Cấp 3,Bộ Giáo Dục Và Đào Tạo,Bài Tập Tin Học 11 (2021)...,8200,Nhà xuất bản Giáo Dục,,,,,Nhà Xuất Bản Giáo Dục Việt Nam,,,,
133,Lịch Sử 11 (2021),https://salt.tikicdn.com/cache/280x280/ts/product/e8/e4/51/4c1a9592f58bffaa74e3cb6c6ea01528.jpg,Cấp 3,Bộ Giáo Dục Và Đào Tạo,Lịch Sử 11 (2021)...,12000,Nhà xuất bản Giáo Dục,,,,,Nhà Xuất Bản Giáo Dục Việt Nam,,,,
134,Địa Lí 12 (2021),https://salt.tikicdn.com/cache/280x280/ts/product/b6/26/a8/56be586f847267982d92fa2d66764fca.jpg,Cấp 3,Bộ Giáo Dục Và Đào Tạo,Địa Lí 12 (2021)...,17000,Nhà xuất bản Giáo Dục,,,,,Nhà Xuất Bản Giáo Dục Việt Nam,,,,
135,Bài Tập Tin Học 10 (2020),https://salt.tikicdn.com/cache/280x280/ts/product/29/92/c3/1c74725a122a38836eabe939301506e4.jpg,Cấp 3,"Hồ Sĩ Đàm, Trần Đỗ Hùng, Ngô Ánh Tuyết",Bài Tập Tin Học 10 (2020)...,10700,Nhà xuất bản Giáo Dục,,,,,Nhà Xuất Bản Giáo Dục Việt Nam,,,,
136,Bài Tập Ngữ Văn 12 - Tập 1 (2021),https://salt.tikicdn.com/cache/280x280/ts/product/c2/10/f1/87548a27b228483f89f2cc0d124d523b.jpg,Cấp 3,Bộ Giáo Dục Và Đào Tạo,Bài Tập Ngữ Văn 12 - Tập 1 (2021)...,9600,Nhà xuất bản Giáo Dục,,,,,Nhà Xuất Bản Giáo Dục Việt Nam,,,,
137,Tin Học 11 (2021),https://salt.tikicdn.com/cache/280x280/ts/product/0c/06/5e/9643815e6b864d4d7260a5e262c35abe.jpg,Cấp 3,Bộ Giáo Dục Và Đào Tạo,Tin Học 11 (2021)...,9000,Nhà xuất bản Giáo Dục,,,,,Nhà Xuất Bản Giáo Dục Việt Nam,,,,
138,Tiếng Anh 11 (2021),https://salt.tikicdn.com/cache/280x280/ts/product/cc/bc/5a/d023047828ac58d66d26654b7e83fc9b.jpg,Cấp 3,Bộ Giáo Dục Và Đào Tạo,Tiếng Anh 11 (2021)...,16000,Nhà xuất bản Giáo Dục,,,,,Nhà Xuất Bản Giáo Dục Việt Nam,,,,
139,Giải Tích 12 (2021),https://salt.tikicdn.com/cache/280x280/ts/product/b7/9f/79/e83bbc62ce3b738f46404e703999008b.jpg,Cấp 3,Bộ Giáo Dục Và Đào Tạo,Giải Tích 12 (2021)...,10000,Nhà xuất bản Giáo Dục,,,,,Nhà Xuất Bản Giáo Dục Việt Nam,,,,
140,Bài Tập Sinh Học 12 (2021),https://salt.tikicdn.com/cache/280x280/ts/product/f7/33/df/085757f37c655094b2414575724cd068.jpg,Cấp 3,Bộ Giáo Dục Và Đào Tạo,Bài Tập Sinh Học 12 (2021)...,15500,Nhà xuất bản Giáo Dục,,,,,Nhà Xuất Bản Giáo Dục Việt Nam,,,,
141,Bài Tập Ngữ Văn 12 - Tập 2 (2021),https://salt.tikicdn.com/cache/280x280/ts/product/29/d4/c2/83ef9643ef90d4337afa74fec9a30544.jpg,Cấp 3,Bộ Giáo Dục Và Đào Tạo,Bài Tập Ngữ Văn 12 - Tập 2 (2021)...,8600,Nhà xuất bản Giáo Dục,,,,,Nhà Xuất Bản Giáo Dục Việt Nam,,,,
142,Hình Học 11 (2021),https://salt.tikicdn.com/cache/280x280/ts/product/20/7b/07/d344b7bd841ae762861903943dfdf42a.jpg,Cấp 3,Bộ Giáo Dục Và Đào Tạo,Hình Học 11 (2021)...,8000,Nhà xuất bản Giáo Dục,,,,,Nhà Xuất Bản Giáo Dục Việt Nam,,,,
143,Giáo Dục Công Dân 11 (2021),https://salt.tikicdn.com/cache/280x280/ts/product/64/63/aa/82b0f2c595b6424d6f6e560320e3d1b4.jpg,Cấp 3,Bộ Giáo Dục Và Đào Tạo,Giáo Dục Công Dân 11 (2021)...,7000,Nhà xuất bản Giáo Dục,,,,,Nhà Xuất Bản Giáo Dục Việt Nam,,,,
144,Giáo Dục Quốc Phòng - An Ninh 10 (2021),https://salt.tikicdn.com/cache/280x280/ts/product/eb/d8/54/69de834552fe0cba04d5afdd6bb33ac6.jpg,Cấp 3,Bộ Giáo Dục Và Đào Tạo,Giáo Dục Quốc Phòng - An Ninh 10 (2021)...,9000,Nhà xuất bản Giáo Dục,,,,,Nhà Xuất Bản Giáo Dục Việt Nam,,,,
145,Công Nghệ 11 - Công Nghiệp (2021),https://salt.tikicdn.com/cache/280x280/ts/product/ce/1d/26/f8f51e957f610d8923e040209c73feaf.jpg,Cấp 3,Bộ Giáo Dục Và Đào Tạo,Công Nghệ 11 - Công Nghiệp (2021)...,14000,Nhà xuất bản Giáo Dục,,,,,Nhà Xuất Bản Giáo Dục Việt Nam,,,,
146,Vật Lí 11 (2021),https://salt.tikicdn.com/cache/280x280/ts/product/27/d3/d0/3a59c2408b9fe2b7e815eca93218770d.jpg,Cấp 3,Bộ Giáo Dục Và Đào Tạo,Vật Lí 11 (2021)...,17000,Nhà xuất bản Giáo Dục,,,,,Nhà Xuất Bản Giáo Dục Việt Nam,,,,
147,Đại Số Và Giải Tích 11 (2021),https://salt.tikicdn.com/cache/280x280/ts/product/52/17/7e/735a05c28c11183f632e7da541320f66.jpg,Cấp 3,Bộ Giáo Dục Và Đào Tạo,Đại Số Và Giải Tích 11 (2021)...,11000,Nhà xuất bản Giáo Dục,,,,,Nhà Xuất Bản Giáo Dục Việt Nam,,,,
148,Bài Tập Vật Lí 12 (2021),https://salt.tikicdn.com/cache/280x280/ts/product/b2/34/aa/ea34973779cc3c7c140b178c9b75b62a.jpg,Cấp 3,Bộ Giáo Dục Và Đào Tạo,Bài Tập Vật Lí 12 (2021)...,19500,Nhà xuất bản Giáo Dục,,,,,Nhà Xuất Bản Giáo Dục Việt Nam,,,,
149,Sinh Học 11 (2021),https://salt.tikicdn.com/cache/280x280/ts/product/f6/7f/c3/61b7ea4842b4a3c9efdaa478a39e4703.jpg,Cấp 3,Bộ Giáo Dục Và Đào Tạo,Sinh Học 11 (2021)...,16000,Nhà xuất bản Giáo Dục,,,,,Nhà Xuất Bản Giáo Dục Việt Nam,,,,
150,Tiếng Anh 11 - Tập 2 - Sách Bài Tập (2021),https://salt.tikicdn.com/cache/280x280/ts/product/5c/f3/7b/b5be3f9ca43aa7cf626285a1cfbb8966.jpg,Cấp 3,Bộ Giáo Dục Và Đào Tạo,Sách được biên soạn dựa trên cơ sở những kinh nghiệm thực tiễn của việc dạy tiếng Anh trung học phổ thông ở Việt Nam với sự hợp tác chặt chẽ về chuyên môn và kĩ thuật của Tập đoàn Xuất bản Giáo d...,27000,Cty Phương Nam,,,,,Nhà Xuất Bản Giáo Dục Việt Nam,,,,
151,Tiếng Anh 11 - Tập 1 - Sách Bài Tập (2021),https://salt.tikicdn.com/cache/280x280/ts/product/2c/bd/0d/e08678c7d74fe82a8a9dd9ef5d64c457.jpg,Cấp 3,Bộ Giáo Dục Và Đào Tạo,Sách được biên soạn dựa trên cơ sở những kinh nghiệm thực tiễn của việc dạy tiếng Anh trung học phổ thông ở Việt Nam với sự hợp tác chặt chẽ về chuyên môn và kĩ thuật của Tập đoàn Xuất bản Giáo dục Pe...,29000,Cty Phương Nam,,,,,Nhà Xuất Bản Giáo Dục Việt Nam,,,,
152,Tiếng Anh 12 - Tập 1 - Sách Bài Tập (2021),https://salt.tikicdn.com/cache/280x280/ts/product/5e/81/d9/efc2175f30485feddf085bfa9eae7238.jpg,Cấp 3,"Nhiều Tác Giả,Nhiều Tác Giả,Nhiều tác giả,Nhiều Tác Giả ,Nhiều Tác giả,nhieu tac gia,nhieu tac gia,nhieu tac gia,nhieu tac gia,nhieu tac gia,nhieu tac gia,nhieu tac gia,nhieu tac gia,nhieu tac gia,nhieu tac gia,nhieu tac gia,nhieu tac gia,nhieu tac gia,nhieu tac gia,nhieu tac gia,nhieu tac gia,nhieu tac gia,nhieu tac gia,nhieu tac gia,nhieu tac gia,nhieu tac gia,nhieu tac gia,nhieu tac gia,nhieu tac gia,nhieu tac gia,nhieu tac gia,nhieu tac gia,nhieu tac gia,nhieu tac gia,nhieu tac gia,nhieu tac gia,nhieu tac gia,nhieu tac gia,nhieu tac gia,nhieu tac gia,nhieu tac gia,nhieu tac gia,nhieu tac gia,nhieu tac gia,nhieu tac gia,nhieu tac gia,nhieu tac gia,nhieu tac gia,nhieu tac gia,nhieu tac gia,nhieu tac gia,nhieu tac gia,nhieu tac gia,nhieu tac gia,nhieu tac gia,nhieu tac gia,nhieu tac gia,nhieu tac gia,nhieu tac gia,nhiều tác giả,Nhiều Tác Gỉa",Tiếng Anh 12 - Sách bài tập (Tập Một) được biên soạn để giúp học sinh củng cố và mở rộng kiến thức ngôn ngữ và kĩ năng giao tiếp tiếng Anh các em đã học trong Tiếng Anh 12 – Sách học sinh (Tập Một). ...,33000,Cty Phương Nam,,,,,Nhà Xuất Bản Giáo Dục Việt Nam,,,,
153,Tin Học 12 (2021),https://salt.tikicdn.com/cache/280x280/ts/product/02/0f/9a/5da97d1772d3cbeded040cac50a58c15.jpg,Cấp 3,Bộ Giáo Dục Và Đào Tạo,Tin Học 12 (2021)...,8000,Nhà xuất bản Giáo Dục,,,,,Nhà Xuất Bản Giáo Dục Việt Nam,,,,
154,Ngữ Văn 10 - Tập 2 (2021),https://salt.tikicdn.com/cache/280x280/ts/product/1e/66/7b/54cd44c2e03505d58a94bf55819b7519.jpg,Cấp 3,Bộ Giáo Dục Và Đào Tạo,Ngữ Văn 10 - Tập 2 (2021)...,10000,Nhà xuất bản Giáo Dục,,,,,Nhà Xuất Bản Giáo Dục Việt Nam,,,,
155,Lịch Sử 10 (2021),https://salt.tikicdn.com/cache/280x280/ts/product/d3/c1/6a/31afbb04a96f3742ce475f9dc9ca7741.jpg,Cấp 3,Bộ Giáo Dục Và Đào Tạo,Lịch Sử 10 (2021)...,15000,Nhà xuất bản Giáo Dục,,,,,Nhà Xuất Bản Giáo Dục Việt Nam,,,,
156,Địa Lí 10 (2021),https://salt.tikicdn.com/cache/280x280/ts/product/a0/7c/e4/014421c4d0b0ba1232a750865cd11953.jpg,Cấp 3,Bộ Giáo Dục Và Đào Tạo,Địa Lí 10 (2021)...,14000,Nhà xuất bản Giáo Dục,,,,,Nhà Xuất Bản Giáo Dục Việt Nam,,,,
157,Bài Tập Tiếng Anh 12 (2021),https://salt.tikicdn.com/cache/280x280/ts/product/cb/4d/cd/ace4a37bb6f8c7255fe40ac156e0b870.jpg,Cấp 3,Bộ Giáo Dục Và Đào Tạo,Bài Tập Tiếng Anh 12 (2021)...,11480,Nhà xuất bản Giáo Dục,,,,,Nhà Xuất Bản Giáo Dục Việt Nam,,,,
158,Bài Tập Vật Lí 11 (2021),https://salt.tikicdn.com/cache/280x280/ts/product/44/53/85/5e518401ed50d04761e763a15587825a.jpg,Cấp 3,Bộ Giáo Dục Và Đào Tạo,Bài Tập Vật Lí 11 (2021)...,18000,Nhà xuất bản Giáo Dục,,,,,Nhà Xuất Bản Giáo Dục Việt Nam,,,,
159,Combo Tiếng Anh Lớp 10 Tập 1 ( Sách học sinh + Sách bài tập ),https://salt.tikicdn.com/cache/280x280/ts/product/69/f4/06/cf43ff1f2666b8cecfd159954c9350b8.jpg,Cấp 3,Hoàng Văn Vân,Combo gồm : - Sách Tiếng Anh lớp 10 tập 1 sách học sinh ( kèm đĩa)- Tiếng Anh lớp 10 tập 1 sách bài tập...,70000,Công ty cổ phần Đầu tư và Phát triển Giáo dục Hà Nội,2021-09-07 17:10:18,,Bìa mềm,63,Nhà Xuất Bản Giáo Dục Việt Nam,,lớp 10,,
160,Đột Phá Mindmap - Tư Duy Đọc Hiểu Môn Ngữ Văn Bằng Hình Ảnh Lớp 12,https://salt.tikicdn.com/cache/280x280/ts/product/6b/64/f8/4e1cfe1d2a0daa42efc30ce36ca235c3.jpg,Cấp 3,Trịnh Văn Quỳnh,Đột Phá Mindmap - Tư Duy Đọc Hiểu Môn Ngữ Văn Bằng Hình Ảnh Lớp 12Các sĩ tử đã chuẩn bị gì để “đối phó” với môn học vốn được mệnh danh là “khó nhằn” này?Bạn cảm thấy:- Áp lực với khối lượng k...,150940,MCBOOKS,,,Bìa mềm,307,Nhà Xuất Bản Đại Học Quốc Gia Hà Nội,,,,
161,Bí quyết chinh phục điểm cao kì thi THPT Quốc gia lớp 12 môn Toán Tập 2,https://salt.tikicdn.com/cache/280x280/ts/product/04/f9/96/2e9ec6f6449104bf42b5f312b70dde10.png,Cấp 3,Nhiều Tác Giả,"Nằm trong bộ “Bí quyết chinh phục điểm cao kì thi THPT Quốc gia Toán” do PGS. TS. Lê Văn Hiện – Giảng viên cao cấp Khoa Toán – Tin, Trường ĐHSP Hà Nội (Chủ biên), cuốn sách “Bí quyết chinh phục điểm c...",112500,CCBook,,,Bìa mềm,,Nhà Xuất Bản Đại Học Quốc Gia Hà Nội,,Đầu tiên,,
162,Bài Tập Hoá Học 12 (2020),https://salt.tikicdn.com/cache/280x280/ts/product/21/5e/33/38b982c58a2b4f03c36ad98c5702d3cc.jpg,Cấp 3,"Nguyễn Xuân Trường,Nguyễn Xuân Trường, Từ Ngọc Anh, Phạm Văn Hoan",Bài Tập Hoá Học 12 (2020)...,20000,Nhà xuất bản Giáo Dục,,,,,Nhà Xuất Bản Giáo Dục Việt Nam,,,,
163,Bài Tập Hóa Học 10 (2021),https://salt.tikicdn.com/cache/280x280/ts/product/a9/cd/9f/3e483c8f81ee8f61be3c7cd0073f1c43.jpg,Cấp 3,Bộ Giáo Dục Và Đào Tạo,Bài Tập Hóa Học 10 (2021)...,17000,Nhà xuất bản Giáo Dục,,,,,Nhà Xuất Bản Giáo Dục Việt Nam,,,,
164,Ngữ Văn 10/1 - Nâng Cao (2020),https://salt.tikicdn.com/cache/280x280/ts/product/2d/23/41/2925fc05bb3087f562bbf5f30b66ec76.jpg,Cấp 3,Bộ Giáo Dục Và Đào Tạo,Ngữ Văn 10/1 - Nâng Cao (2020)...,12000,Nhà xuất bản Giáo Dục,,,,,Nhà Xuất Bản Giáo Dục Việt Nam,,,,
165,Giáo Dục An Ninh Quốc Phòng 12 (T9),https://salt.tikicdn.com/cache/280x280/ts/product/85/80/6d/0fbfb31bff2373deef85a191249f55e5.jpg,Cấp 3,Bộ Giáo Dục Và Đào Tạo,Giáo Dục An Ninh Quốc Phòng 12 (T9)...,9900,NXB Giáo Dục Việt Nam,,,,,,,,,
166,Tiếng Anh 12 (2021),https://salt.tikicdn.com/cache/280x280/ts/product/ed/c0/c9/6318ed9b235c6c718188ad84ac176665.jpg,Cấp 3,Bộ Giáo Dục Và Đào Tạo,Tiếng Anh 12 (2021)...,17000,Nhà xuất bản Giáo Dục,,,,,Nhà Xuất Bản Giáo Dục Việt Nam,,,,
167,Bài Tập Hoá Học 12 (2021),https://salt.tikicdn.com/cache/280x280/ts/product/4d/a0/aa/9a45d5a8e7b82788866e752b2930458e.jpg,Cấp 3,Bộ Giáo Dục Và Đào Tạo,Bài Tập Hoá Học 12 (2021)...,20000,Nhà xuất bản Giáo Dục,,,,,Nhà Xuất Bản Giáo Dục Việt Nam,,,,
168,Bài Tập Tin Học 10 (2021),https://salt.tikicdn.com/cache/280x280/ts/product/f0/29/9f/bd9e956cd8aa00e41cc855ac55affb12.jpg,Cấp 3,Bộ Giáo Dục Và Đào Tạo,Bài Tập Tin Học 10 (2021)...,10700,Nhà xuất bản Giáo Dục,,,,,Nhà Xuất Bản Giáo Dục Việt Nam,,,,
169,Bài Tập Hình Học 12 (2021),https://salt.tikicdn.com/cache/280x280/ts/product/d4/bb/08/15d6f54f105f93ebff03ef1d6cd947c5.jpg,Cấp 3,Bộ Giáo Dục Và Đào Tạo,Bài Tập Hình Học 12 (2021)...,17500,Nhà xuất bản Giáo Dục,,,,,Nhà Xuất Bản Giáo Dục Việt Nam,,,,
170,Giáo Dục Công Dân 10 (2021),https://salt.tikicdn.com/cache/280x280/ts/product/77/19/62/bab7e01df3b80de7b9ddb5921867980b.jpg,Cấp 3,Bộ Giáo Dục Và Đào Tạo,Giáo Dục Công Dân 10 (2021)...,7000,Nhà xuất bản Giáo Dục,,,,,Nhà Xuất Bản Giáo Dục Việt Nam,,,,
171,Sách Giáo Khoa Bộ Lớp 12 - Sách Bài Tập (Bộ 8 Cuốn) (2021),https://salt.tikicdn.com/cache/280x280/ts/product/26/8c/fe/d640da53751074cd8799a5f4876ae7cd.jpg,Cấp 3,Bộ Giáo Dục Và Đào Tạo,Sách Giáo Khoa Bộ Lớp 12 - Sách Bài Tập (Bộ 8 Cuốn) (2021)   Bao Gồm:   1. Bài tập Giải tích 12  2. Bài tập Hình học 12  3. Bài tập Vật lí 12 4. Bài tập Hoá học 12  5. Bài tập Ngữ văn...,120400,Nhà xuất bản Giáo Dục,,,,,Nhà Xuất Bản Giáo Dục Việt Nam,,,,
172,Hình Học 12 (T9),https://salt.tikicdn.com/cache/280x280/ts/product/c9/c0/a7/2c8a2fc2520406e42e0b179e49238ca9.jpg,Cấp 3,Bộ Giáo Dục Và Đào Tạo,Hình Học 12 (T9)...,5400,NXB Giáo Dục Việt Nam,,,,,,,,,
173,Bài Tập Đại Số Và Giải Tích 11 (2020),https://salt.tikicdn.com/cache/280x280/ts/product/f7/d0/91/1f3bb468ef1bb33d8eb57b1348c045d0.jpg,Cấp 3,"Vũ Tuấn, Trần Văn Hạo, Đào Ngọc Nam, Lê Văn Tiến, Vũ Viết Yên",Bài Tập Đại Số Và Giải Tích 11 (2020)...,23000,Nhà xuất bản Giáo Dục,,,,,Nhà Xuất Bản Giáo Dục Việt Nam,,,,
174,"Công Nghệ 10 - Nông, Lâm, Ngư Nghiệp, Tạo Lập Doanh Nghiệp (2021)",https://salt.tikicdn.com/cache/280x280/ts/product/5d/c6/7c/c32f0ccaeafb30e9aa11dc90ca2fe17b.jpg,Cấp 3,Bộ Giáo Dục Và Đào Tạo,"Công Nghệ 10 - Nông, Lâm, Ngư Nghiệp, Tạo Lập Doanh Nghiệp (2021)...",16000,Nhà xuất bản Giáo Dục,,,,,Nhà Xuất Bản Giáo Dục Việt Nam,,,,
175,Sách Giáo Khoa Bộ Lớp 11 - Sách Bài Tập (Bộ 8 Cuốn) (2021),https://salt.tikicdn.com/cache/280x280/ts/product/67/95/66/18d8506480a256e7778c85e561082775.jpg,Cấp 3,Bộ Giáo Dục Và Đào Tạo,Sách Giáo Khoa Bộ Lớp 11 - Sách Bài Tập (Bộ 8 Cuốn) (2021)   Bao Gồm:   1. Bài tập Đại số và giải tích 11 2. Bài tập Hình học 11 3. Bài tập Vật lí 11 4. Bài tập Hoá học 11  5. Bài tập Ngữ văn 1...,121900,Nhà xuất bản Giáo Dục,,,,,Nhà Xuất Bản Giáo Dục Việt Nam,,,,
176,Bài Tập Sinh Học 11 (2021),https://salt.tikicdn.com/cache/280x280/ts/product/5a/8c/72/2f281a346de7f584bf3700b33a4ed4c4.jpg,Cấp 3,Bộ Giáo Dục Và Đào Tạo,Bài Tập Sinh Học 11 (2021)...,11000,Nhà xuất bản Giáo Dục,,,,,Nhà Xuất Bản Giáo Dục Việt Nam,,,,
177,Bài Tập Ngữ Văn 11 - Tập 2 (2021),https://salt.tikicdn.com/cache/280x280/ts/product/3c/69/da/1994b9769b63bab25a78e087b2d960ab.jpg,Cấp 3,Bộ Giáo Dục Và Đào Tạo,Bài Tập Ngữ Văn 11 - Tập 2 (2021)...,8400,Nhà xuất bản Giáo Dục,,,,,Nhà Xuất Bản Giáo Dục Việt Nam,,,,
178,Bài Tập Giải Tích 12 (2021),https://salt.tikicdn.com/cache/280x280/ts/product/20/93/37/26775c07e69fecd1da1192ad9221a38d.jpg,Cấp 3,Bộ Giáo Dục Và Đào Tạo,Bài Tập Giải Tích 12 (2021)...,23000,Nhà xuất bản Giáo Dục,,,,,Nhà Xuất Bản Giáo Dục Việt Nam,,,,
179,Bài Tập Vật Lí 11 (2020),https://salt.tikicdn.com/cache/280x280/ts/product/43/31/a0/d47da5ac327771ba85b4e6542a27fb62.jpg,Cấp 3,"Lương Duyên Bình, Vũ Quang, Nguyễn Xuân Chi, Bùi Quang Hân, Đoàn Duy Hinh",Bài Tập Vật Lí 11 (2020)...,18000,Nhà xuất bản Giáo Dục,,,,,Nhà Xuất Bản Giáo Dục Việt Nam,,,,
180,Bài Tập Giải Tích 12 (T9),https://salt.tikicdn.com/cache/280x280/ts/product/13/d1/f3/43b8727f50c2102548507589607765de.jpg,Cấp 3,Nhiều Tác Giả,Bài Tập Giải Tích 12 (T9)...,20700,NXB Giáo Dục Việt Nam,,,,,,,,,
181,Bài Tập Ngữ Văn Lớp 11 (Tập 1),https://salt.tikicdn.com/cache/280x280/media/catalog/product/i/m/img897.u335.d20160423.t105249.jpg,Cấp 3,Nhiều Tác Giả,"Bài Tập Ngữ Văn Lớp 11 (Tập 1) Sách gồm hai loại bài tập: một phần nhỏ là các bài tập trong SGK, còn lại phần lớn là các bài tập theo 3 phân môn (Đọc hiểu, Tiếng Việt, Làm văn). Những bài tập được th...",9310,Công Ty Cồ Phần Sách & Thiết Bị Giáo Dục Miền Nam,2015-07-23 00:00:00,,Bìa mềm,147,,,,,
182,Bài Tập Địa Lí 11 (2021),https://salt.tikicdn.com/cache/280x280/ts/product/39/9c/54/b5d4efa090124c567322ddf693bea203.jpg,Cấp 3,Bộ Giáo Dục Và Đào Tạo,Bài Tập Địa Lí 11 (2021)...,9500,Nhà xuất bản Giáo Dục,,,,,Nhà Xuất Bản Giáo Dục Việt Nam,,,,
183,Sổ Tay Công Thức Toán THPT,https://salt.tikicdn.com/cache/280x280/ts/product/da/b6/b0/e01cdfe48ad284596e18290cbc354b70.jpg,Cấp 3,Lê Quang Điệp,"Sổ Tay Công Thức Toán THPT (Mới) sẽ là một quyển sổ tay hữu ích và tiện lợi cho các bạn học sinh phổ thông. Giúp tra cứu nhanh các công thức, thông tin Toán học cần thiết trong thời gian ngắn nhất. Đồ...",24000,Sách Việt,2020-02-02 00:00:00,10 x 16 cm,Bìa mềm,352,Nhà Xuất Bản Đại Học Sư Phạm TPHCM,,,,
184,Bài Tập Ngữ Văn 11 - Tập 1 (2021),https://salt.tikicdn.com/cache/280x280/ts/product/4d/5c/0c/fe6b1dff23ba4e438d67a470f2fbbadb.jpg,Cấp 3,Bộ Giáo Dục Và Đào Tạo,Bài Tập Ngữ Văn 11 - Tập 1 (2021)...,9800,Nhà xuất bản Giáo Dục,,,,,Nhà Xuất Bản Giáo Dục Việt Nam,,,,
185,Bài Tập Hình Học 11 (2021),https://salt.tikicdn.com/cache/280x280/ts/product/ca/9e/6a/fb1c3aa776eb25c93efc5579ee88e613.jpg,Cấp 3,Bộ Giáo Dục Và Đào Tạo,Bài Tập Hình Học 11 (2021)...,21000,Nhà xuất bản Giáo Dục,,,,,Nhà Xuất Bản Giáo Dục Việt Nam,,,,
186,Bài Tập Lịch Sử 11 (2021),https://salt.tikicdn.com/cache/280x280/ts/product/23/6f/25/9d1dfd49e8fe6c5e5e904391778b03ff.jpg,Cấp 3,Bộ Giáo Dục Và Đào Tạo,Bài Tập Lịch Sử 11 (2021)...,13500,Nhà xuất bản Giáo Dục,,,,,Nhà Xuất Bản Giáo Dục Việt Nam,,,,
187,Bài Tập Hình Học 11 (2020),https://salt.tikicdn.com/cache/280x280/ts/product/b0/85/46/5463c09af12b4c7761f1939c4cd26b32.jpg,Cấp 3,"Nguyễn Mộng Hy, Khu Quốc Anh, Nguyễn Hà Thanh",Bài Tập Hình Học 11 (2020)...,21000,Nhà xuất bản Giáo Dục,,,,,Nhà Xuất Bản Giáo Dục Việt Nam,,,,
188,Bài Tập Hoá Học 11 (2020),https://salt.tikicdn.com/cache/280x280/ts/product/d8/f0/bf/cefa02a5f085239f0f6b3b77611a6451.jpg,Cấp 3,"Nguyễn Xuân Trường,Nguyễn Xuân Trường, Từ Ngọc Ánh, Lê Chí Kiên, Lê Mậu Quyền",Bài Tập Hoá Học 11 (2020)...,19000,Nhà xuất bản Giáo Dục,,,,,Nhà Xuất Bản Giáo Dục Việt Nam,,,,
189,Bài Tập Ngữ Văn 11 - Tập 1 (2020),https://salt.tikicdn.com/cache/280x280/ts/product/9b/d7/5d/99d030be351c7ceba6e8aeb906170fb3.jpg,Cấp 3,"Phan Trọng Luận, Lê Nguyên Cẩn, Đỗ Kim Hồi, Trần Nho Thìn, Bùi Minh Toán, Đoàn Đức Phương, Trần Đăng Suyền, Trịnh Thị Thu Tiết, Hà Bình Trị",Bài Tập Ngữ Văn 11 - Tập 1 (2020)...,9800,Nhà xuất bản Giáo Dục,,,,,Nhà Xuất Bản Giáo Dục Việt Nam,,,,
190,Bài Tập Sinh Học 11 (2020),https://salt.tikicdn.com/cache/280x280/ts/product/e5/f0/5f/6bd35650d45c2fef5f524857cd910093.jpg,Cấp 3,"Ngô Văn Hưng, Trần Văn Kiên",Bài Tập Sinh Học 11 (2020)...,11000,Nhà xuất bản Giáo Dục,,,,,Nhà Xuất Bản Giáo Dục Việt Nam,,,,
191,Bài Tập Tiếng Anh 12 (Chuẩn),https://salt.tikicdn.com/cache/280x280/ts/product/7e/11/ee/2fbd1071dc582eddb82d0493f9b30a8b.jpg,Cấp 3,"Nhiều Tác Giả,Nhiều Tác Giả,Nhiều tác giả,Nhiều Tác Giả ,Nhiều Tác giả,nhieu tac gia,nhieu tac gia,nhieu tac gia,nhieu tac gia,nhieu tac gia,nhieu tac gia,nhieu tac gia,nhieu tac gia,nhieu tac gia,nhieu tac gia,nhieu tac gia,nhieu tac gia,nhieu tac gia,nhieu tac gia,nhieu tac gia,nhieu tac gia,nhieu tac gia,nhieu tac gia,nhieu tac gia,nhieu tac gia,nhieu tac gia,nhieu tac gia,nhieu tac gia,nhieu tac gia,nhieu tac gia,nhieu tac gia,nhieu tac gia,nhieu tac gia,nhieu tac gia,nhieu tac gia,nhieu tac gia,nhieu tac gia,nhieu tac gia,nhieu tac gia,nhieu tac gia,nhieu tac gia,nhieu tac gia,nhieu tac gia,nhieu tac gia,nhieu tac gia,nhieu tac gia,nhieu tac gia,nhieu tac gia,nhieu tac gia,nhieu tac gia,nhieu tac gia,nhieu tac gia,nhieu tac gia,nhieu tac gia,nhieu tac gia,nhieu tac gia,nhieu tac gia,nhieu tac gia,nhieu tac gia,nhiều tác giả,Nhiều Tác Gỉa",Bài Tập Tiếng Anh 12 (Chuẩn)...,13300,Nhà xuất bản Giáo Dục,,,,,Nhà Xuất Bản Giáo Dục Việt Nam,,,,
192,Bài Tập Hoá Học 11 (2021),https://salt.tikicdn.com/cache/280x280/ts/product/cd/b5/bc/3cd44e9170301c2f0da7f601dfa7ecb8.jpg,Cấp 3,Bộ Giáo Dục Và Đào Tạo,Bài Tập Hoá Học 11 (2021)...,19000,Nhà xuất bản Giáo Dục,,,,,Nhà Xuất Bản Giáo Dục Việt Nam,,,,
193,Bài Tập Tin Học 12 (2021),https://salt.tikicdn.com/cache/280x280/ts/product/a5/79/f1/18c68c574d6227e50fa15c3804436bca.jpg,Cấp 3,Bộ Giáo Dục Và Đào Tạo,Bài Tập Tin Học 12 (2021)...,8200,Nhà xuất bản Giáo Dục,,,,,Nhà Xuất Bản Giáo Dục Việt Nam,,,,
194,Bài Tập Địa Lí 11 (2020),https://salt.tikicdn.com/cache/280x280/ts/product/95/35/95/6b4d101bfecec74809c802ad6d405c67.jpg,Cấp 3,"Nguyễn Đức Vũ, Phí Công Việt",Bài Tập Địa Lí 11 (2020)...,9500,Nhà xuất bản Giáo Dục,,,,,Nhà Xuất Bản Giáo Dục Việt Nam,,,,
195,Bài Tập Tiếng Anh 11 (2021),https://salt.tikicdn.com/cache/280x280/ts/product/26/2b/32/580cf462b5747cc8c2fe490ee63ab794.jpg,Cấp 3,Bộ Giáo Dục Và Đào Tạo,Bài Tập Tiếng Anh 11 (2021)...,14500,Nhà xuất bản Giáo Dục,,,,,Nhà Xuất Bản Giáo Dục Việt Nam,,,,
196,Bài Tập Hoá Học 11 (2021),https://salt.tikicdn.com/cache/280x280/ts/product/cd/b5/bc/3cd44e9170301c2f0da7f601dfa7ecb8.jpg,Cấp 3,Bộ Giáo Dục Và Đào Tạo,Bài Tập Hoá Học 11 (2021)...,19000,Nhà xuất bản Giáo Dục,,,,,Nhà Xuất Bản Giáo Dục Việt Nam,,,,
197,Bài Tập Ngữ Văn 10 - Tập 2 (2020),https://salt.tikicdn.com/cache/280x280/ts/product/7a/7f/b7/227e691f3a6d873730084f6d59ce8012.jpg,Cấp 3,"Phan Trọng Luận, Lê A, Lê Nguyên Cẩn, Đỗ Kim Hồi, Nguyễn Xuân Nam, Vũ Dương Quỹ, Lã Nhâm Thìn, Trần Nho Thìn, Bùi Minh Toán",Bài Tập Ngữ Văn 10 - Tập 2 (2020)...,9600,Nhà xuất bản Giáo Dục,,,,,Nhà Xuất Bản Giáo Dục Việt Nam,,,,
198,Bài Tập Ngữ Văn 11 - Tập 1 (2021),https://salt.tikicdn.com/cache/280x280/ts/product/4d/5c/0c/fe6b1dff23ba4e438d67a470f2fbbadb.jpg,Cấp 3,Bộ Giáo Dục Và Đào Tạo,Bài Tập Ngữ Văn 11 - Tập 1 (2021)...,9800,Nhà xuất bản Giáo Dục,,,,,Nhà Xuất Bản Giáo Dục Việt Nam,,,,
199,Học Tốt Giải Tích 12 Tập 1,https://salt.tikicdn.com/cache/280x280/media/catalog/product/i/m/img116.u4939.d20170328.t102720.506584.jpg,Cấp 3,Nhiều Tác Giả,"Cuốn sách Học Tốt Giải Tích 12 Tập 1 bao gồm phần tóm tắt kiến thức, gợi ý giải các bài toán cho các bạn học sinh lớp 12. Đây thực sự là cuốn sách bổ ích cho các em học sinh trong quá trình học tập c...",28700,Nhà sách Sao Mai,2013-08-23 00:00:00,17 x 24 cm,Bìa mềm,421,Nhà Xuất Bản Đại Học Quốc Gia Hà Nội,,,,
200,Bài Tập Tiếng Anh 12 (Chuẩn),https://salt.tikicdn.com/cache/280x280/ts/product/7e/11/ee/2fbd1071dc582eddb82d0493f9b30a8b.jpg,Cấp 3,"Nhiều Tác Giả,Nhiều Tác Giả,Nhiều tác giả,Nhiều Tác Giả ,Nhiều Tác giả,nhieu tac gia,nhieu tac gia,nhieu tac gia,nhieu tac gia,nhieu tac gia,nhieu tac gia,nhieu tac gia,nhieu tac gia,nhieu tac gia,nhieu tac gia,nhieu tac gia,nhieu tac gia,nhieu tac gia,nhieu tac gia,nhieu tac gia,nhieu tac gia,nhieu tac gia,nhieu tac gia,nhieu tac gia,nhieu tac gia,nhieu tac gia,nhieu tac gia,nhieu tac gia,nhieu tac gia,nhieu tac gia,nhieu tac gia,nhieu tac gia,nhieu tac gia,nhieu tac gia,nhieu tac gia,nhieu tac gia,nhieu tac gia,nhieu tac gia,nhieu tac gia,nhieu tac gia,nhieu tac gia,nhieu tac gia,nhieu tac gia,nhieu tac gia,nhieu tac gia,nhieu tac gia,nhieu tac gia,nhieu tac gia,nhieu tac gia,nhieu tac gia,nhieu tac gia,nhieu tac gia,nhieu tac gia,nhieu tac gia,nhieu tac gia,nhieu tac gia,nhieu tac gia,nhieu tac gia,nhieu tac gia,nhiều tác giả,Nhiều Tác Gỉa",Bài Tập Tiếng Anh 12 (Chuẩn)...,13300,Nhà xuất bản Giáo Dục,,,,,Nhà Xuất Bản Giáo Dục Việt Nam,,,,
201,Bài Tập Ngữ Văn 10 - Tập 2 (2020),https://salt.tikicdn.com/cache/280x280/ts/product/7a/7f/b7/227e691f3a6d873730084f6d59ce8012.jpg,Cấp 3,"Phan Trọng Luận, Lê A, Lê Nguyên Cẩn, Đỗ Kim Hồi, Nguyễn Xuân Nam, Vũ Dương Quỹ, Lã Nhâm Thìn, Trần Nho Thìn, Bùi Minh Toán",Bài Tập Ngữ Văn 10 - Tập 2 (2020)...,9600,Nhà xuất bản Giáo Dục,,,,,Nhà Xuất Bản Giáo Dục Việt Nam,,,,
202,Bài Tập Hình Học 10 (2021),https://salt.tikicdn.com/cache/280x280/ts/product/d5/0e/9a/579ccc25b9871e847d0792510e9ecf78.jpg,Cấp 3,Bộ Giáo Dục Và Đào Tạo,Bài Tập Hình Học 10 (2021)...,21000,Nhà xuất bản Giáo Dục,,,,,Nhà Xuất Bản Giáo Dục Việt Nam,,,,
203,Bài Tập Hình Học 10 (2021),https://salt.tikicdn.com/cache/280x280/ts/product/d5/0e/9a/579ccc25b9871e847d0792510e9ecf78.jpg,Cấp 3,Bộ Giáo Dục Và Đào Tạo,Bài Tập Hình Học 10 (2021)...,21000,Nhà xuất bản Giáo Dục,,,,,Nhà Xuất Bản Giáo Dục Việt Nam,,,,
204,Bài Tập Ngữ Văn 10 - Tập 1 (2021),https://salt.tikicdn.com/cache/280x280/ts/product/39/dd/cc/a8b2ae052629e2b2082fee88cc3a83c0.jpg,Cấp 3,Bộ Giáo Dục Và Đào Tạo,Bài Tập Ngữ Văn 10 - Tập 1 (2021)...,9300,Nhà xuất bản Giáo Dục,,,,,Nhà Xuất Bản Giáo Dục Việt Nam,,,,
205,Bài Tập Ngữ Văn 10 - Tập 1 (2021),https://salt.tikicdn.com/cache/280x280/ts/product/39/dd/cc/a8b2ae052629e2b2082fee88cc3a83c0.jpg,Cấp 3,Bộ Giáo Dục Và Đào Tạo,Bài Tập Ngữ Văn 10 - Tập 1 (2021)...,9300,Nhà xuất bản Giáo Dục,,,,,Nhà Xuất Bản Giáo Dục Việt Nam,,,,
206,Bài Tập Giải Tích 12 (2020),https://salt.tikicdn.com/cache/280x280/ts/product/f9/a0/01/1deed3405555ba458412587ae5f1f2de.jpg,Cấp 3,"Vũ Tuấn, Lê Thị Thiên Hương, Nguyễn Thu Nga, Phạm Phu, Nguyễn Tiến Tài, Cấn Văn Tuất",Bài Tập Giải Tích 12 (2020)...,23000,Nhà xuất bản Giáo Dục,,,,,Nhà Xuất Bản Giáo Dục Việt Nam,,,,
207,Bài Tập Địa Lí 11 (2020),https://salt.tikicdn.com/cache/280x280/ts/product/95/35/95/6b4d101bfecec74809c802ad6d405c67.jpg,Cấp 3,"Nguyễn Đức Vũ, Phí Công Việt",Bài Tập Địa Lí 11 (2020)...,9500,Nhà xuất bản Giáo Dục,,,,,Nhà Xuất Bản Giáo Dục Việt Nam,,,,
208,Bài Tập Giải Tích 12 (2020),https://salt.tikicdn.com/cache/280x280/ts/product/f9/a0/01/1deed3405555ba458412587ae5f1f2de.jpg,Cấp 3,"Vũ Tuấn, Lê Thị Thiên Hương, Nguyễn Thu Nga, Phạm Phu, Nguyễn Tiến Tài, Cấn Văn Tuất",Bài Tập Giải Tích 12 (2020)...,23000,Nhà xuất bản Giáo Dục,,,,,Nhà Xuất Bản Giáo Dục Việt Nam,,,,
209,Bài Tập Đại Số Và Giải Tích 11 (2021),https://salt.tikicdn.com/cache/280x280/ts/product/cd/b6/af/4924f0ccf05fd0bdd0faae74173ec77d.jpg,Cấp 3,Bộ Giáo Dục Và Đào Tạo,Bài Tập Đại Số Và Giải Tích 11 (2021)...,23000,Nhà xuất bản Giáo Dục,,,,,Nhà Xuất Bản Giáo Dục Việt Nam,,,,
210,Bài Tập Hình Học 11 (2020),https://salt.tikicdn.com/cache/280x280/ts/product/b0/85/46/5463c09af12b4c7761f1939c4cd26b32.jpg,Cấp 3,"Nguyễn Mộng Hy, Khu Quốc Anh, Nguyễn Hà Thanh",Bài Tập Hình Học 11 (2020)...,21000,Nhà xuất bản Giáo Dục,,,,,Nhà Xuất Bản Giáo Dục Việt Nam,,,,
211,Bài Tập Lịch Sử 12 (2021),https://salt.tikicdn.com/cache/280x280/ts/product/57/f4/34/c7ea377ec4075cdc01dd54bb62690215.jpg,Cấp 3,Bộ Giáo Dục Và Đào Tạo,Bài Tập Lịch Sử 12 (2021)...,14500,Nhà xuất bản Giáo Dục,,,,,Nhà Xuất Bản Giáo Dục Việt Nam,,,,
212,Bài Tập Lịch Sử 12 (2021),https://salt.tikicdn.com/cache/280x280/ts/product/57/f4/34/c7ea377ec4075cdc01dd54bb62690215.jpg,Cấp 3,Bộ Giáo Dục Và Đào Tạo,Bài Tập Lịch Sử 12 (2021)...,14500,Nhà xuất bản Giáo Dục,,,,,Nhà Xuất Bản Giáo Dục Việt Nam,,,,
213,Bài Tập Ngữ Văn 11 - Tập 1 (2020),https://salt.tikicdn.com/cache/280x280/ts/product/9b/d7/5d/99d030be351c7ceba6e8aeb906170fb3.jpg,Cấp 3,"Phan Trọng Luận, Lê Nguyên Cẩn, Đỗ Kim Hồi, Trần Nho Thìn, Bùi Minh Toán, Đoàn Đức Phương, Trần Đăng Suyền, Trịnh Thị Thu Tiết, Hà Bình Trị",Bài Tập Ngữ Văn 11 - Tập 1 (2020)...,9800,Nhà xuất bản Giáo Dục,,,,,Nhà Xuất Bản Giáo Dục Việt Nam,,,,
214,Bài Tập Đại Số Và Giải Tích 11 (2021),https://salt.tikicdn.com/cache/280x280/ts/product/cd/b6/af/4924f0ccf05fd0bdd0faae74173ec77d.jpg,Cấp 3,Bộ Giáo Dục Và Đào Tạo,Bài Tập Đại Số Và Giải Tích 11 (2021)...,23000,Nhà xuất bản Giáo Dục,,,,,Nhà Xuất Bản Giáo Dục Việt Nam,,,,
215,Bài Tập Tin Học 12 (2021),https://salt.tikicdn.com/cache/280x280/ts/product/a5/79/f1/18c68c574d6227e50fa15c3804436bca.jpg,Cấp 3,Bộ Giáo Dục Và Đào Tạo,Bài Tập Tin Học 12 (2021)...,8200,Nhà xuất bản Giáo Dục,,,,,Nhà Xuất Bản Giáo Dục Việt Nam,,,,
